date,open,high,low,close,adj_close,volume
1999-01-04,20.062500,20.562500,20.000000,20.468750,5.360170,607400
1999-01-05,20.406250,20.500000,20.343750,20.500000,5.368354,407800
1999-01-06,20.562500,20.875000,20.562500,20.812500,5.450190,605400
1999-01-07,20.750000,20.781250,20.500000,20.718750,5.425639,184800
1999-01-08,20.687500,20.750000,20.562500,20.593750,5.392904,294600
1999-01-11,20.687500,20.718750,20.531250,20.687500,5.417457,537800
1999-01-12,20.625000,20.625000,20.500000,20.562500,5.384722,455400
1999-01-13,20.125000,20.656250,20.000000,20.500000,5.368354,505000
1999-01-14,20.562500,20.562500,20.281250,20.312500,5.319254,329000
1999-01-15,20.250000,20.625000,20.093750,20.093750,5.261969,309800
1999-01-19,20.312500,20.750000,20.281250,20.531250,5.376539,360200
1999-01-20,20.656250,20.968750,20.625000,20.906250,5.474738,630800
1999-01-21,20.781250,20.937500,20.656250,20.875000,5.466556,376600
1999-01-22,20.750000,20.843750,20.281250,20.281250,5.311070,492600
1999-01-25,20.250000,20.562500,20.250000,20.468750,5.360170,538600
1999-01-26,20.343750,20.500000,20.312500,20.406250,5.343803,413000
1999-01-27,20.406250,20.562500,20.312500,20.500000,5.368354,984000
1999-01-28,20.500000,20.562500,20.375000,20.500000,5.368354,540000
1999-01-29,20.406250,20.500000,20.250000,20.406250,5.343803,1958400
1999-02-01,20.281250,20.718750,20.250000,20.593750,5.392904,1757600
1999-02-02,20.531250,20.531250,20.375000,20.375000,5.335621,1706800
1999-02-03,20.437500,20.468750,20.250000,20.250000,5.302889,642400
1999-02-04,20.218750,20.375000,20.000000,20.218750,5.294703,423000
1999-02-05,20.187500,20.250000,20.000000,20.125000,5.270152,696400
1999-02-08,20.125000,20.375000,19.937500,20.375000,5.335621,536200
1999-02-09,20.468750,20.500000,20.375000,20.437500,5.351990,824400
1999-02-10,20.500000,20.812500,20.343750,20.375000,5.335621,807200
1999-02-11,20.375000,20.437500,20.187500,20.406250,5.343803,339800
1999-02-12,20.343750,20.437500,20.187500,20.218750,5.294703,594800
1999-02-16,20.250000,20.312500,20.031250,20.093750,5.261969,340800
1999-02-17,20.187500,20.281250,20.125000,20.218750,5.294703,2173800
1999-02-18,20.187500,20.375000,20.156250,20.218750,5.294703,528600
1999-02-19,20.062500,20.375000,19.937500,20.218750,5.294703,559800
1999-02-22,20.218750,20.375000,20.125000,20.343750,5.327439,382000
1999-02-23,20.250000,20.500000,20.250000,20.468750,5.360170,358800
1999-02-24,20.562500,20.656250,20.437500,20.500000,5.368354,395400
1999-02-25,20.500000,20.562500,20.437500,20.468750,5.360170,249400
1999-02-26,20.437500,20.500000,20.250000,20.500000,5.368354,247200
1999-03-01,20.375000,20.437500,20.250000,20.312500,5.319254,390000
1999-03-02,20.250000,20.625000,20.218750,20.468750,5.360170,247800
1999-03-03,20.468750,20.531250,20.375000,20.437500,5.351990,589000
1999-03-04,20.437500,20.531250,20.312500,20.500000,5.368354,586600
1999-03-05,20.562500,20.562500,20.250000,20.312500,5.319254,431400
1999-03-08,20.250000,20.625000,20.250000,20.531250,5.376539,256600
1999-03-09,20.531250,20.625000,20.375000,20.562500,5.384722,652200
1999-03-10,20.500000,20.500000,20.218750,20.375000,5.335621,374800
1999-03-11,20.375000,20.437500,20.281250,20.375000,5.335621,383400
1999-03-12,20.312500,20.468750,20.250000,20.281250,5.311070,363400
1999-03-15,20.250000,20.375000,20.187500,20.343750,5.327439,245400
1999-03-16,20.406250,20.437500,20.250000,20.375000,5.335621,690800
1999-03-17,20.031250,20.375000,20.000000,20.375000,5.430234,708200
1999-03-18,20.281250,20.468750,20.218750,20.406250,5.438560,756400
1999-03-19,20.406250,20.656250,20.406250,20.625000,5.496862,610200
1999-03-22,20.562500,20.812500,20.500000,20.500000,5.463549,323400
1999-03-23,20.375000,20.593750,20.281250,20.500000,5.463549,555400
1999-03-24,20.500000,20.593750,20.375000,20.437500,5.446894,885000
1999-03-25,20.250000,20.437500,20.250000,20.406250,5.438560,687600
1999-03-26,20.375000,20.812500,20.250000,20.687500,5.513520,380200
1999-03-29,20.656250,20.687500,20.312500,20.593750,5.488532,294200
1999-03-30,20.500000,20.656250,20.375000,20.593750,5.488532,240400
1999-03-31,20.531250,20.750000,20.406250,20.625000,5.496862,415800
1999-04-01,20.593750,20.843750,20.406250,20.437500,5.446894,325800
1999-04-05,20.437500,20.718750,20.406250,20.500000,5.463549,295200
1999-04-06,20.500000,20.750000,20.406250,20.500000,5.463549,377400
1999-04-07,20.625000,20.687500,20.343750,20.406250,5.438560,964000
1999-04-08,20.375000,20.375000,20.187500,20.312500,5.413577,728200
1999-04-09,20.375000,20.468750,20.125000,20.375000,5.430234,600400
1999-04-12,20.437500,20.718750,20.281250,20.625000,5.496862,364800
1999-04-13,20.625000,20.656250,20.375000,20.500000,5.463549,449000
1999-04-14,20.500000,20.750000,20.375000,20.687500,5.513520,722000
1999-04-15,20.718750,21.500000,20.718750,21.281250,5.671763,777600
1999-04-16,21.500000,22.437500,21.500000,22.375000,5.963260,844400
1999-04-19,22.500000,22.968750,22.375000,22.687500,6.046547,1136600
1999-04-20,22.625000,22.656250,22.437500,22.593750,6.021559,602600
1999-04-21,22.593750,23.000000,22.562500,22.843750,6.088192,1194600
1999-04-22,22.843750,23.375000,22.843750,23.187500,6.179805,550800
1999-04-23,23.156250,23.187500,22.562500,22.718750,6.054876,516800
1999-04-26,22.718750,22.875000,22.375000,22.593750,6.021559,298800
1999-04-27,22.500000,22.625000,21.875000,22.187500,5.913291,393600
1999-04-28,22.312500,22.625000,22.250000,22.593750,6.021559,374000
1999-04-29,22.656250,22.687500,22.437500,22.437500,5.979918,362400
1999-04-30,22.562500,23.250000,22.562500,23.125000,6.163147,844600
1999-05-03,23.093750,23.500000,23.000000,23.125000,6.163147,404800
1999-05-04,23.000000,23.312500,23.000000,23.218750,6.188132,235800
1999-05-05,23.125000,23.406250,23.000000,23.375000,6.229777,266600
1999-05-06,23.187500,23.593750,23.187500,23.375000,6.229777,454800
1999-05-07,23.375000,23.968750,23.375000,23.687500,6.313062,1422800
1999-05-10,23.656250,24.125000,23.625000,23.750000,6.329717,764800
1999-05-11,23.750000,23.875000,23.531250,23.562500,6.279748,637000
1999-05-12,23.500000,23.750000,23.343750,23.718750,6.321391,442000
1999-05-13,23.687500,23.718750,23.250000,23.531250,6.271420,590400
1999-05-14,23.406250,23.562500,23.250000,23.468750,6.254765,334200
1999-05-17,23.187500,23.562500,23.156250,23.375000,6.229777,660200
1999-05-18,23.312500,23.437500,23.062500,23.187500,6.179805,525000
1999-05-19,23.187500,23.562500,23.125000,23.531250,6.271420,671200
1999-05-20,23.562500,23.687500,23.375000,23.562500,6.279748,525000
1999-05-21,23.562500,23.687500,23.375000,23.593750,6.288080,374400
1999-05-24,23.562500,24.000000,23.562500,23.812500,6.346380,477800
1999-05-25,23.781250,24.062500,23.750000,23.968750,6.388021,938600
1999-05-26,23.875000,23.937500,23.625000,23.781250,6.338047,480600
1999-05-27,23.687500,24.062500,23.562500,23.937500,6.379691,599800
1999-05-28,23.812500,24.000000,23.781250,23.968750,6.388021,429000
1999-06-01,23.906250,24.000000,23.843750,23.937500,6.379691,412200
1999-06-02,23.968750,24.062500,23.812500,23.968750,6.388021,344000
1999-06-03,23.937500,24.187500,23.906250,23.968750,6.388021,475200
1999-06-04,23.875000,23.875000,23.625000,23.718750,6.321391,325800
1999-06-07,23.656250,23.750000,23.562500,23.718750,6.321391,311000
1999-06-08,23.593750,23.718750,23.500000,23.500000,6.263091,230400
1999-06-09,23.500000,23.687500,23.500000,23.562500,6.279748,152800
1999-06-10,23.531250,23.656250,23.281250,23.375000,6.229777,371600
1999-06-11,23.375000,23.593750,23.125000,23.218750,6.188132,173000
1999-06-14,23.187500,23.187500,23.000000,23.062500,6.146491,311200
1999-06-15,23.125000,23.750000,23.000000,23.562500,6.279748,852800
1999-06-16,23.062500,23.500000,22.906250,23.187500,6.274335,1009400
1999-06-17,23.125000,23.250000,22.812500,22.937500,6.206690,372800
1999-06-18,22.812500,23.062500,22.750000,22.812500,6.172865,2335200
1999-06-21,22.812500,23.000000,22.562500,22.687500,6.139041,557600
1999-06-22,22.500000,22.843750,22.375000,22.718750,6.147497,315600
1999-06-23,22.625000,22.781250,22.375000,22.562500,6.105216,542800
1999-06-24,22.500000,22.656250,22.375000,22.562500,6.105216,584200
1999-06-25,22.375000,22.500000,22.000000,22.125000,5.986832,520800
1999-06-28,22.062500,22.812500,22.062500,22.687500,6.139041,511600
1999-06-29,22.562500,22.687500,22.437500,22.468750,6.079849,302600
1999-06-30,22.437500,22.937500,22.437500,22.531250,6.096764,606600
1999-07-01,22.468750,22.531250,22.312500,22.468750,6.079849,1412200
1999-07-02,22.375000,22.500000,22.375000,22.468750,6.079849,601400
1999-07-06,22.468750,22.625000,22.250000,22.593750,6.113670,828800
1999-07-07,22.468750,22.593750,22.093750,22.093750,5.978375,595200
1999-07-08,22.093750,22.093750,21.687500,21.812500,5.902272,992800
1999-07-09,21.812500,22.468750,21.812500,22.406250,6.062935,529000
1999-07-12,22.625000,22.625000,22.406250,22.531250,6.096764,434600
1999-07-13,22.531250,22.531250,22.250000,22.406250,6.062935,217200
1999-07-14,22.312500,22.375000,21.500000,21.500000,5.817717,4284000
1999-07-15,21.593750,21.718750,21.562500,21.625000,5.851537,636800
1999-07-16,21.718750,21.718750,21.625000,21.656250,5.859994,288600
1999-07-19,21.625000,21.750000,21.625000,21.687500,5.868452,441400
1999-07-20,21.437500,21.562500,21.437500,21.500000,5.817717,615600
1999-07-21,21.531250,21.531250,21.312500,21.343750,5.775432,1094200
1999-07-22,21.218750,21.343750,21.125000,21.250000,5.750064,383200
1999-07-23,21.218750,21.281250,21.218750,21.250000,5.750064,260800
1999-07-26,21.000000,21.218750,20.875000,20.906250,5.657049,1441800
1999-07-27,21.000000,21.031250,20.875000,20.906250,5.657049,251600
1999-07-28,20.812500,20.843750,20.437500,20.656250,5.589402,944200
1999-07-29,20.531250,20.625000,20.468750,20.500000,5.547123,838000
1999-07-30,20.500000,20.843750,20.500000,20.656250,5.589402,2033600
1999-08-02,20.750000,20.750000,20.343750,20.531250,5.555577,874200
1999-08-03,20.531250,20.562500,20.406250,20.406250,5.521756,377200
1999-08-04,20.437500,20.593750,20.343750,20.468750,5.538666,578000
1999-08-05,20.468750,20.593750,20.437500,20.531250,5.555577,1563400
1999-08-06,20.531250,20.812500,20.531250,20.718750,5.606315,866200
1999-08-09,20.687500,20.875000,20.687500,20.843750,5.640141,568000
1999-08-10,21.062500,21.125000,20.937500,21.031250,5.690874,678200
1999-08-11,20.937500,21.093750,20.750000,21.000000,5.682416,550000
1999-08-12,20.875000,21.500000,20.875000,21.437500,5.800801,1249200
1999-08-13,21.468750,21.875000,21.468750,21.593750,5.843085,269800
1999-08-16,21.500000,21.687500,21.375000,21.562500,5.834625,195000
1999-08-17,21.687500,21.718750,21.437500,21.718750,5.876904,387200
1999-08-18,21.625000,21.750000,21.500000,21.718750,5.876904,217800
1999-08-19,21.656250,21.937500,21.625000,21.937500,5.936098,173000
1999-08-20,21.812500,22.000000,21.781250,21.875000,5.919186,360800
1999-08-23,22.000000,22.031250,21.875000,21.968750,5.944554,240600
1999-08-24,21.937500,22.000000,21.906250,22.000000,5.953010,139800
1999-08-25,21.937500,21.968750,21.718750,21.750000,5.885359,177800
1999-08-26,21.625000,21.812500,21.562500,21.625000,5.851537,296200
1999-08-27,21.625000,21.625000,21.500000,21.500000,5.817717,434800
1999-08-30,21.593750,21.625000,21.343750,21.406250,5.792348,482000
1999-08-31,21.437500,22.000000,21.375000,22.000000,5.953010,438200
1999-09-01,21.875000,22.031250,21.781250,21.968750,5.944554,430600
1999-09-02,21.875000,21.968750,21.750000,21.937500,5.936098,621400
1999-09-03,21.937500,22.250000,21.937500,22.093750,5.978375,456000
1999-09-07,22.156250,22.250000,22.125000,22.156250,5.995292,239000
1999-09-08,22.031250,22.187500,22.000000,22.125000,5.986832,243400
1999-09-09,22.000000,22.250000,22.000000,22.187500,6.003745,145400
1999-09-10,22.218750,22.250000,22.093750,22.125000,5.986832,103000
1999-09-13,22.125000,22.156250,21.750000,21.937500,5.936098,306600
1999-09-14,21.968750,22.093750,21.750000,21.750000,5.885359,139200
1999-09-15,21.843750,22.031250,21.718750,21.875000,5.919186,620400
1999-09-16,21.468750,21.812500,21.468750,21.750000,5.989405,870400
1999-09-17,21.750000,21.875000,21.687500,21.843750,6.015221,1125200
1999-09-20,21.906250,21.906250,21.750000,21.781250,5.998012,1260200
1999-09-21,21.750000,21.781250,21.437500,21.500000,5.920564,343600
1999-09-22,21.500000,21.562500,21.500000,21.531250,5.929169,159000
1999-09-23,21.531250,21.750000,21.500000,21.656250,5.963592,333200
1999-09-24,21.625000,21.687500,21.312500,21.312500,5.868931,462400
1999-09-27,21.375000,21.375000,21.031250,21.187500,5.834507,235200
1999-09-28,21.125000,21.218750,21.031250,21.125000,5.817297,247000
1999-09-29,21.125000,21.218750,20.937500,21.000000,5.782875,377400
1999-09-30,20.968750,21.218750,20.937500,21.187500,5.834507,397400
1999-10-01,21.218750,21.250000,21.000000,21.031250,5.791483,220000
1999-10-04,20.937500,21.281250,20.937500,21.250000,5.851717,329800
1999-10-05,21.312500,21.468750,21.187500,21.312500,5.868931,404800
1999-10-06,21.312500,21.500000,21.281250,21.500000,5.920564,323400
1999-10-07,21.500000,21.625000,21.125000,21.250000,5.851717,446200
1999-10-08,21.000000,21.062500,20.750000,20.750000,5.714030,2180400
1999-10-11,20.875000,21.187500,20.843750,21.000000,5.782875,187000
1999-10-12,20.906250,21.125000,20.812500,21.062500,5.800085,215600
1999-10-13,21.000000,21.093750,20.875000,20.968750,5.774271,498000
1999-10-14,21.062500,21.125000,20.875000,21.000000,5.782875,168000
1999-10-15,20.875000,20.906250,20.531250,20.531250,5.653792,410200
1999-10-18,20.562500,20.656250,20.468750,20.531250,5.653792,187200
1999-10-19,20.562500,20.593750,20.375000,20.468750,5.636582,182200
1999-10-20,20.437500,20.468750,20.156250,20.156250,5.550528,639600
1999-10-21,20.125000,20.375000,20.093750,20.250000,5.576347,237400
1999-10-22,20.187500,20.250000,20.187500,20.250000,5.576347,155600
1999-10-25,20.250000,20.406250,20.187500,20.250000,5.576347,185600
1999-10-26,20.250000,20.281250,20.187500,20.187500,5.559133,427400
1999-10-27,20.187500,20.437500,20.187500,20.281250,5.584949,229200
1999-10-28,20.187500,20.500000,20.156250,20.406250,5.619374,551800
1999-10-29,20.500000,21.000000,20.500000,20.906250,5.757060,684200
1999-11-01,21.000000,21.375000,20.937500,21.093750,5.808696,291600
1999-11-02,21.000000,21.406250,21.000000,21.281250,5.860325,256400
1999-11-03,21.375000,21.468750,21.250000,21.281250,5.860325,207800
1999-11-04,21.250000,21.312500,21.031250,21.031250,5.791483,159800
1999-11-05,21.156250,21.250000,20.812500,20.906250,5.757060,209200
1999-11-08,20.937500,21.000000,20.687500,20.812500,5.731244,296000
1999-11-09,20.812500,21.125000,20.812500,20.875000,5.748455,337000
1999-11-10,20.812500,21.000000,20.781250,20.843750,5.739848,395600
1999-11-11,20.843750,20.875000,20.625000,20.656250,5.688215,225600
1999-11-12,20.750000,20.750000,20.343750,20.593750,5.671005,426800
1999-11-15,20.375000,20.468750,20.187500,20.343750,5.602161,703400
1999-11-16,20.312500,20.375000,20.187500,20.218750,5.567737,444000
1999-11-17,20.281250,20.406250,20.250000,20.250000,5.576347,509200
1999-11-18,20.250000,20.343750,20.093750,20.093750,5.533317,394000
1999-11-19,20.187500,20.187500,19.875000,19.875000,5.473078,779400
1999-11-22,20.000000,20.125000,19.875000,19.937500,5.490289,632200
1999-11-23,19.937500,20.031250,19.781250,19.875000,5.473078,631400
1999-11-24,19.875000,19.875000,19.687500,19.781250,5.447264,472200
1999-11-26,19.812500,19.968750,19.781250,19.875000,5.473078,136600
1999-11-29,19.968750,20.000000,19.937500,19.968750,5.498894,258400
1999-11-30,20.000000,20.093750,19.937500,20.093750,5.533317,423600
1999-12-01,20.000000,20.562500,20.000000,20.437500,5.627979,566800
1999-12-02,20.312500,20.500000,20.250000,20.250000,5.576347,356200
1999-12-03,20.312500,20.468750,20.250000,20.375000,5.610768,428600
1999-12-06,20.375000,20.562500,20.343750,20.468750,5.636582,315200
1999-12-07,20.375000,20.468750,20.375000,20.406250,5.619374,292800
1999-12-08,20.531250,20.531250,20.250000,20.250000,5.576347,643600
1999-12-09,20.250000,20.250000,20.125000,20.125000,5.541923,282200
1999-12-10,20.093750,20.187500,19.812500,19.843750,5.464474,436600
1999-12-13,19.968750,20.000000,19.750000,19.750000,5.438657,519600
1999-12-14,19.750000,20.000000,19.656250,19.656250,5.412839,1141800
1999-12-15,19.625000,19.687500,19.156250,19.593750,5.395628,1301400
1999-12-16,19.062500,19.312500,19.062500,19.218750,5.397032,558800
1999-12-17,19.187500,20.218750,19.187500,20.125000,5.651527,917000
1999-12-20,20.125000,20.500000,20.093750,20.343750,5.712958,996400
1999-12-21,20.250000,20.406250,20.000000,20.250000,5.686631,787200
1999-12-22,20.000000,20.406250,20.000000,20.093750,5.642750,385400
1999-12-23,20.093750,20.531250,20.062500,20.437500,5.739286,351400
1999-12-27,20.312500,20.531250,20.250000,20.343750,5.712958,313800
1999-12-28,20.406250,20.875000,20.218750,20.781250,5.835816,432000
1999-12-29,20.875000,21.062500,20.750000,20.937500,5.879694,334600
1999-12-30,20.875000,21.187500,20.812500,21.187500,5.949903,289800
1999-12-31,21.062500,21.343750,21.062500,21.343750,5.993778,230800
2000-01-03,21.218750,21.250000,20.937500,21.093750,5.923576,305200
2000-01-04,20.937500,20.968750,20.750000,20.937500,5.879694,492600
2000-01-05,20.750000,21.375000,20.750000,21.375000,6.002555,580400
2000-01-06,21.250000,21.718750,21.250000,21.593750,6.063985,687600
2000-01-07,21.750000,22.156250,21.718750,22.000000,6.178065,724400
2000-01-10,22.000000,22.250000,21.937500,22.156250,6.221945,626600
2000-01-11,22.187500,22.250000,21.906250,22.031250,6.186842,530800
2000-01-12,22.031250,22.062500,21.875000,21.937500,6.160511,430400
2000-01-13,21.937500,21.968750,21.687500,21.687500,6.090312,453200
2000-01-14,21.562500,21.812500,21.312500,21.312500,5.985003,437000
2000-01-18,21.250000,21.281250,20.906250,21.125000,5.932348,669600
2000-01-19,21.000000,21.250000,21.000000,21.218750,5.958675,673600
2000-01-20,21.125000,21.437500,21.093750,21.093750,5.923576,439600
2000-01-21,21.093750,21.312500,21.062500,21.312500,5.985003,338200
2000-01-24,21.250000,21.281250,21.031250,21.062500,5.914794,465600
2000-01-25,21.031250,21.187500,21.000000,21.031250,5.906020,708600
2000-01-26,21.000000,21.187500,20.625000,21.062500,5.914794,875400
2000-01-27,21.000000,21.125000,20.843750,21.125000,5.932348,362000
2000-01-28,21.156250,21.156250,20.812500,20.937500,5.879694,330800
2000-01-31,21.000000,21.031250,20.750000,20.750000,5.827039,419400
2000-02-01,20.750000,21.000000,20.718750,21.000000,5.897247,365800
2000-02-02,20.875000,21.093750,20.875000,20.968750,5.888471,374400
2000-02-03,20.875000,21.031250,20.750000,20.843750,5.853367,992000
2000-02-04,20.781250,20.968750,20.781250,20.875000,5.862141,290800
2000-02-07,20.687500,20.937500,20.687500,20.812500,5.844593,254800
2000-02-08,20.843750,21.000000,20.781250,20.937500,5.879694,533600
2000-02-09,20.968750,21.000000,20.812500,20.843750,5.853367,282800
2000-02-10,20.750000,20.843750,20.437500,20.468750,5.748060,554400
2000-02-11,20.500000,20.687500,20.218750,20.250000,5.686631,921000
2000-02-14,19.500000,20.250000,19.500000,20.062500,5.633975,693800
2000-02-15,20.000000,20.125000,19.937500,20.093750,5.642750,665400
2000-02-16,19.968750,20.062500,19.843750,19.937500,5.598873,741600
2000-02-17,19.968750,19.968750,19.812500,19.812500,5.563770,1126000
2000-02-18,19.812500,19.906250,19.781250,19.843750,5.572546,524000
2000-02-22,19.781250,19.906250,19.781250,19.812500,5.563770,489000
2000-02-23,19.937500,20.000000,19.812500,19.875000,5.581324,408200
2000-02-24,19.875000,19.968750,19.750000,19.750000,5.546220,468200
2000-02-25,19.781250,19.875000,19.687500,19.750000,5.546220,718600
2000-02-28,19.750000,19.750000,19.625000,19.656250,5.519892,407000
2000-02-29,19.625000,20.000000,19.500000,19.968750,5.607651,1129000
2000-03-01,20.000000,20.062500,19.781250,20.000000,5.616422,338600
2000-03-02,19.750000,20.125000,19.718750,20.031250,5.625197,580800
2000-03-03,20.000000,20.125000,19.968750,20.031250,5.625197,715200
2000-03-06,19.875000,20.062500,19.875000,20.031250,5.625197,324800
2000-03-07,20.000000,20.062500,19.875000,20.062500,5.633975,1015200
2000-03-08,19.906250,20.000000,19.625000,19.656250,5.519892,686800
2000-03-09,19.656250,19.875000,19.656250,19.687500,5.528668,1255400
2000-03-10,19.625000,19.781250,19.500000,19.687500,5.528668,971200
2000-03-13,19.562500,19.625000,19.437500,19.593750,5.502339,373800
2000-03-14,19.656250,19.750000,19.500000,19.531250,5.484788,648600
2000-03-15,19.593750,19.687500,19.562500,19.656250,5.519892,1478200
2000-03-16,19.343750,19.750000,19.343750,19.625000,5.619756,703000
2000-03-17,19.656250,19.843750,19.531250,19.843750,5.682401,898200
2000-03-20,19.718750,19.937500,19.625000,19.750000,5.655554,532800
2000-03-21,19.687500,20.000000,19.562500,20.000000,5.727144,270400
2000-03-22,20.062500,20.093750,19.937500,19.968750,5.718194,564800
2000-03-23,19.968750,20.093750,19.937500,20.093750,5.753989,355200
2000-03-24,20.000000,20.187500,20.000000,20.187500,5.780834,865400
2000-03-27,19.968750,20.187500,19.875000,19.906250,5.700298,1166400
2000-03-28,19.937500,20.093750,19.875000,19.937500,5.709245,302200
2000-03-29,20.125000,20.125000,19.968750,20.093750,5.753989,355800
2000-03-30,20.156250,20.218750,20.000000,20.218750,5.789784,947400
2000-03-31,20.156250,20.250000,20.000000,20.093750,5.753989,678200
2000-04-03,20.125000,20.500000,20.000000,20.281250,5.807682,1209000
2000-04-04,20.375000,20.718750,20.187500,20.437500,5.852425,1061400
2000-04-05,20.437500,20.812500,20.437500,20.656250,5.915067,1692000
2000-04-06,20.625000,20.843750,20.500000,20.718750,5.932964,963400
2000-04-07,21.062500,21.125000,20.843750,21.062500,6.031394,554400
2000-04-10,21.312500,21.500000,21.062500,21.437500,6.138781,1161600
2000-04-11,21.562500,21.562500,21.281250,21.406250,6.129834,1167400
2000-04-12,21.437500,21.718750,21.343750,21.687500,6.210374,2401800
2000-04-13,21.750000,22.093750,21.656250,21.937500,6.281957,1829000
2000-04-14,21.968750,22.156250,21.625000,21.906250,6.273011,1112000
2000-04-17,22.000000,22.000000,21.375000,21.875000,6.264063,606000
2000-04-18,21.875000,22.218750,21.843750,22.187500,6.353546,1607000
2000-04-19,22.156250,22.218750,21.937500,22.187500,6.353546,712800
2000-04-20,22.062500,22.156250,22.000000,22.093750,6.326705,484200
2000-04-24,22.125000,22.406250,22.125000,22.406250,6.416188,919800
2000-04-25,22.468750,22.468750,22.281250,22.375000,6.407243,452800
2000-04-26,22.468750,22.562500,22.375000,22.562500,6.460936,1246400
2000-04-27,22.375000,22.750000,22.375000,22.625000,6.478833,441200
2000-04-28,22.500000,22.750000,22.500000,22.750000,6.514625,425000
2000-05-01,22.718750,23.000000,22.687500,22.937500,6.568316,854800
2000-05-02,23.000000,23.500000,22.937500,23.187500,6.639908,961000
2000-05-03,23.406250,23.468750,22.531250,23.000000,6.586216,1188800
2000-05-04,23.000000,23.156250,22.750000,23.156250,6.630958,731600
2000-05-05,23.093750,23.218750,23.000000,23.156250,6.630958,709800
2000-05-08,23.125000,23.218750,23.031250,23.187500,6.639908,382600
2000-05-09,23.250000,23.343750,23.125000,23.281250,6.666755,711800
2000-05-10,23.406250,23.406250,23.093750,23.125000,6.622009,932000
2000-05-11,23.218750,23.343750,22.906250,23.000000,6.586216,542800
2000-05-12,22.812500,22.906250,22.625000,22.843750,6.541471,550000
2000-05-15,22.750000,22.968750,22.687500,22.968750,6.577266,632600
2000-05-16,23.000000,23.031250,22.937500,22.968750,6.577266,567600
2000-05-17,22.875000,23.062500,22.843750,22.968750,6.577266,318800
2000-05-18,23.000000,23.187500,22.875000,23.093750,6.613061,713800
2000-05-19,23.000000,23.093750,22.906250,22.968750,6.577266,629000
2000-05-22,22.968750,23.000000,22.781250,22.937500,6.568316,614800
2000-05-23,22.906250,22.968750,22.812500,22.875000,6.550418,993200
2000-05-24,22.812500,22.875000,22.375000,22.500000,6.443036,770000
2000-05-25,22.500000,22.531250,22.312500,22.375000,6.407243,804800
2000-05-26,22.312500,22.406250,22.156250,22.281250,6.380394,466400
2000-05-30,22.218750,22.312500,22.156250,22.218750,6.362496,640800
2000-05-31,22.250000,22.343750,22.156250,22.312500,6.389343,446400
2000-06-01,22.187500,22.437500,22.187500,22.281250,6.380394,279800
2000-06-02,22.218750,22.437500,22.031250,22.281250,6.380394,313200
2000-06-05,22.375000,22.562500,22.156250,22.468750,6.434084,450800
2000-06-06,22.406250,22.781250,22.250000,22.656250,6.487781,593800
2000-06-07,22.781250,23.125000,22.750000,23.125000,6.622009,850800
2000-06-08,23.218750,23.218750,23.031250,23.187500,6.639908,481200
2000-06-09,23.187500,23.375000,23.187500,23.281250,6.666755,692600
2000-06-12,23.218750,23.375000,23.218750,23.265625,6.662279,175400
2000-06-13,23.406250,23.437500,23.187500,23.390625,6.698074,479000
2000-06-14,23.468750,24.250000,23.437500,24.078125,6.894945,1422800
2000-06-15,24.093750,24.187500,23.593750,23.687500,6.783087,986200
2000-06-16,23.312500,23.437500,23.031250,23.437500,6.820917,733200
2000-06-19,23.468750,23.468750,23.093750,23.187500,6.748165,631000
2000-06-20,23.093750,23.625000,23.093750,23.625000,6.875487,937200
2000-06-21,23.375000,23.500000,23.250000,23.406250,6.811824,488400
2000-06-22,23.500000,23.593750,23.375000,23.500000,6.839107,421000
2000-06-23,23.375000,23.531250,23.375000,23.484375,6.834562,294600
2000-06-26,23.468750,23.468750,23.250000,23.390625,6.807277,419200
2000-06-27,23.437500,23.687500,23.406250,23.640625,6.880031,427000
2000-06-28,23.718750,23.781250,23.468750,23.640625,6.880031,432200
2000-06-29,23.718750,23.781250,23.500000,23.640625,6.880031,532600
2000-06-30,23.750000,23.750000,22.812500,22.992188,6.691321,1555600
2000-07-03,23.562500,23.625000,23.375000,23.421875,6.816370,478800
2000-07-05,23.562500,24.125000,23.437500,24.046875,6.998263,710000
2000-07-06,23.968750,24.125000,23.875000,24.000000,6.984620,824200
2000-07-07,24.000000,24.500000,24.000000,24.359375,7.089208,748400
2000-07-10,24.312500,24.375000,24.187500,24.265625,7.061922,333800
2000-07-11,24.312500,24.375000,24.250000,24.375000,7.093754,475800
2000-07-12,24.312500,24.343750,24.156250,24.171875,7.034643,737600
2000-07-13,24.250000,24.250000,24.062500,24.109375,7.016449,252400
2000-07-14,24.187500,24.187500,23.828125,23.828125,6.934599,375600
2000-07-17,23.968750,23.968750,23.625000,23.687500,6.893678,702200
2000-07-18,23.656250,23.718750,23.562500,23.687500,6.893678,303400
2000-07-19,23.562500,23.687500,23.562500,23.656250,6.884580,273000
2000-07-20,23.656250,23.718750,23.625000,23.656250,6.884580,743400
2000-07-21,23.750000,24.187500,23.718750,24.125000,7.020999,744400
2000-07-24,24.062500,24.343750,24.062500,24.187500,7.039187,494200
2000-07-25,24.125000,24.468750,24.062500,24.468750,7.121033,628000
2000-07-26,24.375000,24.687500,24.312500,24.687500,7.184701,935600
2000-07-27,24.562500,24.968750,24.531250,24.968750,7.266548,1025800
2000-07-28,24.906250,25.062500,24.875000,24.875000,7.239270,586400
2000-07-31,24.750000,24.937500,24.750000,24.937500,7.257456,626000
2000-08-01,24.843750,25.500000,24.750000,25.500000,7.421161,1067800
2000-08-02,25.437500,25.593750,25.281250,25.593750,7.448444,502600
2000-08-03,25.500000,25.593750,25.031250,25.187500,7.330213,543400
2000-08-04,25.312500,25.312500,24.812500,24.937500,7.257456,526000
2000-08-07,25.062500,25.062500,24.562500,24.656250,7.175606,427200
2000-08-08,24.750000,25.250000,24.750000,25.078125,7.298385,626400
2000-08-09,25.218750,25.218750,24.937500,25.062500,7.293834,271200
2000-08-10,25.000000,25.218750,24.968750,25.218750,7.339310,518000
2000-08-11,25.187500,25.437500,25.031250,25.375000,7.384781,312200
2000-08-14,25.250000,25.468750,25.187500,25.406250,7.393878,362000
2000-08-15,25.375000,25.468750,25.375000,25.437500,7.402970,233800
2000-08-16,25.437500,25.500000,25.375000,25.437500,7.402970,680400
2000-08-17,25.562500,25.562500,25.437500,25.468750,7.412065,234200
2000-08-18,25.437500,25.468750,25.343750,25.375000,7.384781,314800
2000-08-21,25.250000,25.375000,25.125000,25.312500,7.366590,244400
2000-08-22,25.250000,25.375000,25.125000,25.125000,7.312025,207600
2000-08-23,25.125000,25.250000,24.531250,24.531250,7.139226,404600
2000-08-24,24.562500,24.750000,24.125000,24.187500,7.039187,492200
2000-08-25,24.156250,24.312500,24.000000,24.265625,7.061922,388400
2000-08-28,24.187500,24.250000,24.031250,24.156250,7.030092,369000
2000-08-29,24.187500,24.250000,23.375000,23.375000,6.802732,769000
2000-08-30,23.406250,24.000000,23.406250,24.000000,6.984620,957400
2000-08-31,24.312500,24.375000,24.000000,24.000000,6.984620,751200
2000-09-01,24.250000,24.281250,23.937500,23.953125,6.970979,360400
2000-09-05,24.062500,24.187500,23.937500,24.125000,7.020999,260400
2000-09-06,24.156250,24.218750,24.000000,24.125000,7.020999,493200
2000-09-07,24.187500,24.562500,24.125000,24.531250,7.139226,2010400
2000-09-08,24.531250,25.250000,24.500000,25.250000,7.348407,648800
2000-09-11,25.125000,25.125000,24.812500,24.968750,7.266548,453400
2000-09-12,24.906250,25.062500,24.781250,24.968750,7.266548,873800
2000-09-13,24.906250,24.937500,24.781250,24.875000,7.239270,250200
2000-09-14,24.750000,24.812500,24.656250,24.750000,7.202891,685800
2000-09-15,24.812500,24.812500,24.625000,24.687500,7.184701,505400
2000-09-18,24.281250,24.343750,23.781250,23.781250,7.037115,609400
2000-09-19,23.906250,24.156250,23.906250,24.031250,7.111095,3106400
2000-09-20,23.812500,24.062500,23.812500,23.875000,7.064858,337000
2000-09-21,23.812500,23.812500,23.468750,23.468750,6.944648,1678400
2000-09-22,23.375000,23.781250,23.375000,23.781250,7.037115,1112200
2000-09-25,23.656250,23.750000,23.375000,23.562500,6.972385,449200
2000-09-26,23.562500,23.781250,23.500000,23.781250,7.037115,1156800
2000-09-27,23.906250,24.125000,23.718750,24.109375,7.134210,329800
2000-09-28,24.093750,24.312500,24.093750,24.187500,7.157330,781800
2000-09-29,24.312500,24.312500,24.000000,24.000000,7.101843,472600
2000-10-02,24.125000,24.125000,23.562500,23.562500,6.972385,909800
2000-10-03,23.437500,23.562500,23.375000,23.375000,6.916907,609200
2000-10-04,23.375000,23.375000,23.000000,23.000000,6.805938,427600
2000-10-05,22.875000,23.187500,22.875000,23.000000,6.805938,1281400
2000-10-06,22.937500,23.000000,22.906250,23.000000,6.805938,839000
2000-10-09,22.968750,23.000000,22.781250,22.781250,6.741203,228600
2000-10-10,22.812500,22.812500,22.687500,22.687500,6.713463,883800
2000-10-11,22.656250,23.000000,22.656250,23.000000,6.805938,1136000
2000-10-12,23.000000,23.062500,22.656250,22.750000,6.731956,413600
2000-10-13,22.875000,23.000000,22.500000,22.625000,6.694972,493800
2000-10-16,22.875000,23.187500,22.875000,23.156250,6.852168,433000
2000-10-17,23.218750,23.218750,22.562500,22.843750,6.759700,268000
2000-10-18,22.718750,22.750000,22.437500,22.500000,6.657978,195800
2000-10-19,22.625000,22.875000,22.625000,22.781250,6.741203,399800
2000-10-20,22.687500,23.125000,22.687500,23.125000,6.842925,499400
2000-10-23,23.031250,23.187500,22.750000,22.843750,6.759700,284600
2000-10-24,22.937500,23.000000,22.500000,22.656250,6.704217,401400
2000-10-25,22.656250,22.656250,22.250000,22.437500,6.639485,339600
2000-10-26,22.375000,22.781250,22.281250,22.718750,6.722709,469200
2000-10-27,22.625000,23.250000,22.625000,23.218750,6.870668,556000
2000-10-30,23.093750,23.312500,23.062500,23.281250,6.889158,1158000
2000-10-31,23.500000,23.531250,23.281250,23.531250,6.963139,507800
2000-11-01,23.500000,23.531250,23.375000,23.468750,6.944648,253800
2000-11-02,23.406250,23.531250,23.406250,23.500000,6.953888,678000
2000-11-03,23.437500,23.500000,23.375000,23.500000,6.953888,490800
2000-11-06,23.625000,23.750000,23.406250,23.750000,7.027867,370400
2000-11-07,23.656250,23.750000,23.625000,23.718750,7.018619,212000
2000-11-08,23.812500,23.937500,23.593750,23.906250,7.074104,496800
2000-11-09,23.968750,23.968750,23.750000,23.812500,7.046367,653400
2000-11-10,23.750000,23.968750,23.750000,23.906250,7.074104,1197200
2000-11-13,23.781250,24.031250,23.781250,24.000000,7.101843,258200
2000-11-14,23.875000,24.250000,23.875000,24.125000,7.138834,289200
2000-11-15,24.093750,24.375000,24.031250,24.343750,7.203563,411600
2000-11-16,24.281250,24.406250,24.125000,24.218750,7.166576,672600
2000-11-17,24.343750,24.531250,24.218750,24.375000,7.212811,424000
2000-11-20,24.312500,24.593750,24.312500,24.531250,7.259049,876400
2000-11-21,24.593750,24.687500,24.531250,24.625000,7.286790,474200
2000-11-22,24.625000,24.687500,24.406250,24.531250,7.259049,577000
2000-11-24,24.500000,24.718750,24.500000,24.718750,7.314529,93400
2000-11-27,24.687500,24.750000,24.625000,24.718750,7.314529,421600
2000-11-28,24.968750,24.968750,24.656250,24.750000,7.323779,411800
2000-11-29,24.750000,25.218750,24.656250,25.031250,7.407002,822200
2000-11-30,25.000000,25.625000,24.968750,25.500000,7.545713,1375000
2000-12-01,25.500000,25.500000,25.031250,25.156250,7.443993,476000
2000-12-04,25.031250,25.500000,25.031250,25.500000,7.545713,354000
2000-12-05,25.437500,26.000000,25.437500,25.843750,7.647429,1147400
2000-12-06,25.906250,26.468750,25.875000,26.375000,7.804632,1116000
2000-12-07,26.375000,26.468750,26.218750,26.312500,7.786139,1032200
2000-12-08,26.312500,26.625000,26.312500,26.625000,7.878611,906200
2000-12-11,26.718750,27.000000,26.625000,27.000000,7.989582,536200
2000-12-12,26.937500,27.375000,26.812500,27.125000,8.026566,917400
2000-12-13,27.125000,27.187500,27.000000,27.156250,8.035810,875400
2000-12-14,27.156250,27.281250,27.125000,27.187500,8.045059,837400
2000-12-15,26.750000,26.750000,26.312500,26.625000,7.998497,507600
2000-12-18,26.562500,27.062500,26.468750,27.062500,8.129925,856800
2000-12-19,27.062500,27.281250,26.906250,27.281250,8.195643,955200
2000-12-20,27.218750,27.500000,27.218750,27.312500,8.205029,753200
2000-12-21,27.218750,27.312500,27.125000,27.125000,8.148701,515200
2000-12-22,27.312500,27.312500,26.812500,26.875000,8.073596,487600
2000-12-26,26.812500,27.312500,26.781250,27.156250,8.158088,310600
2000-12-27,27.218750,28.000000,27.218750,28.000000,8.411558,1041000
2000-12-28,28.000000,28.625000,27.750000,28.593750,8.589932,1239600
2000-12-29,28.468750,28.562500,27.656250,27.656250,8.308297,637400
2001-01-02,27.656250,27.656250,27.062500,27.062500,8.129925,898200
2001-01-03,27.062500,27.500000,26.812500,27.375000,8.223808,1108200
2001-01-04,27.500000,27.500000,27.062500,27.187500,8.167480,1660200
2001-01-05,27.062500,27.062500,26.375000,26.687500,8.017271,1145400
2001-01-08,26.687500,26.687500,26.093750,26.468750,7.951560,1108400
2001-01-09,26.406250,26.593750,26.343750,26.406250,7.932782,509600
2001-01-10,26.343750,26.562500,26.125000,26.406250,7.932782,383600
2001-01-11,26.531250,26.562500,26.125000,26.156250,7.857679,634200
2001-01-12,25.937500,26.218750,25.875000,26.031250,7.820123,386000
2001-01-16,26.062500,26.187500,25.687500,25.843750,7.763800,732800
2001-01-17,25.843750,26.031250,25.656250,26.031250,7.820123,886200
2001-01-18,26.156250,26.250000,25.843750,25.968750,7.801353,793400
2001-01-19,25.937500,26.000000,25.750000,25.906250,7.782574,616400
2001-01-22,25.843750,25.875000,25.375000,25.406250,7.632369,1704000
2001-01-23,25.531250,25.531250,25.125000,25.156250,7.557263,1808200
2001-01-24,25.218750,25.843750,25.218750,25.656250,7.707470,771800
2001-01-25,25.656250,26.000000,25.562500,26.000000,7.810734,869200
2001-01-26,25.906250,25.937500,25.750000,25.843750,7.763800,593200
2001-01-29,25.969999,26.000000,25.815001,25.895000,7.779198,397400
2001-01-30,25.900000,26.170000,25.900000,26.125000,7.848289,938400
2001-01-31,26.075001,26.225000,26.000000,26.190001,7.867817,465000
2001-02-01,26.065001,26.150000,25.820000,25.975000,7.803229,669400
2001-02-02,26.049999,26.075001,25.924999,25.995001,7.809237,216000
2001-02-05,26.120001,26.120001,25.840000,25.885000,7.776188,306600
2001-02-06,25.889999,25.924999,25.680000,25.900000,7.780699,610800
2001-02-07,25.900000,25.950001,25.754999,25.875000,7.773190,591600
2001-02-08,25.820000,25.950001,25.674999,25.825001,7.758167,569400
2001-02-09,25.950001,26.049999,25.450001,25.605000,7.692075,919200
2001-02-12,25.650000,25.674999,25.250000,25.264999,7.589935,295600
2001-02-13,25.299999,25.629999,25.275000,25.584999,7.686066,769200
2001-02-14,25.510000,25.750000,25.500000,25.594999,7.689066,321200
2001-02-15,25.525000,25.850000,25.525000,25.650000,7.705592,656800
2001-02-16,25.625000,25.750000,25.600000,25.750000,7.735633,490200
2001-02-20,25.775000,25.875000,25.625000,25.775000,7.743146,932000
2001-02-21,25.865000,25.870001,25.275000,25.309999,7.603450,770200
2001-02-22,25.315001,25.379999,24.799999,24.825001,7.457754,762600
2001-02-23,24.825001,25.125000,24.805000,24.850000,7.465266,1440000
2001-02-26,25.000000,25.500000,24.900000,25.455000,7.647013,745400
2001-02-27,25.750000,25.799999,25.600000,25.795000,7.749150,405600
2001-02-28,25.475000,26.049999,25.475000,26.049999,7.825758,1018600
2001-03-01,26.000000,26.575001,26.000000,26.545000,7.974463,759200
2001-03-02,26.545000,26.750000,26.500000,26.635000,8.001499,973600
2001-03-05,26.620001,26.620001,26.025000,26.375000,7.923392,560400
2001-03-06,26.375000,26.375000,26.090000,26.295000,7.899358,553800
2001-03-07,26.295000,26.400000,26.025000,26.155001,7.857299,454400
2001-03-08,26.405001,26.475000,26.225000,26.475000,7.953433,732000
2001-03-09,26.475000,26.475000,26.299999,26.320000,7.906872,253200
2001-03-12,26.225000,26.750000,26.200001,26.549999,7.975962,1004000
2001-03-13,27.000000,27.000000,26.725000,26.799999,8.051069,965600
2001-03-14,26.805000,26.930000,26.424999,26.655001,8.007511,443800
2001-03-15,26.655001,26.674999,26.325001,26.540001,7.972959,613000
2001-03-16,26.400000,26.455000,26.059999,26.370001,8.045423,690600
2001-03-19,26.625000,27.040001,26.500000,27.040001,8.249838,717400
2001-03-20,27.040001,27.040001,26.465000,26.485001,8.080504,498400
2001-03-21,26.600000,26.750000,25.625000,25.934999,7.912703,838400
2001-03-22,25.809999,26.070000,25.475000,26.070000,7.953894,766800
2001-03-23,26.070000,26.670000,25.879999,25.945000,7.915756,1344000
2001-03-26,26.000000,26.275000,25.900000,26.100000,7.963048,1455800
2001-03-27,26.000000,26.049999,25.600000,25.750000,7.856259,1043800
2001-03-28,25.750000,25.809999,25.400000,25.500000,7.779986,895400
2001-03-29,25.600000,26.025000,25.525000,25.700001,7.841005,1114400
2001-03-30,25.700001,26.180000,25.674999,26.014999,7.937112,546400
2001-04-02,26.174999,26.174999,25.924999,26.059999,7.950840,400200
2001-04-03,26.059999,26.059999,25.684999,25.850000,7.886771,662200
2001-04-04,25.850000,26.059999,25.850000,26.049999,7.947789,1202800
2001-04-05,26.075001,26.250000,25.950001,26.139999,7.975252,1326800
2001-04-06,26.264999,26.325001,25.995001,26.000000,7.932531,768000
2001-04-09,26.035000,26.125000,25.750000,25.750000,7.856259,467000
2001-04-10,25.799999,25.985001,25.795000,25.820000,7.877613,746400
2001-04-11,25.799999,25.805000,25.150000,25.325001,7.726593,732200
2001-04-12,25.424999,25.424999,25.230000,25.375000,7.741849,594400
2001-04-16,25.475000,25.670000,25.275000,25.389999,7.746427,330800
2001-04-17,25.400000,25.950001,25.325001,25.950001,7.917277,416800
2001-04-18,25.950001,26.400000,25.174999,26.400000,8.054574,1151000
2001-04-19,26.450001,26.495001,25.775000,26.174999,7.985929,582400
2001-04-20,26.275000,26.434999,25.975000,26.275000,8.016435,345400
2001-04-23,26.334999,26.450001,26.010000,26.254999,8.010334,303400
2001-04-24,26.254999,26.299999,25.535000,25.584999,7.805918,983800
2001-04-25,25.645000,26.325001,25.645000,26.025000,7.940164,425000
2001-04-26,26.125000,26.415001,26.059999,26.375000,8.046947,480000
2001-04-27,26.360001,26.725000,26.320000,26.549999,8.100339,258600
2001-04-30,26.549999,26.875000,26.245001,26.245001,8.007283,761000
2001-05-01,26.250000,26.360001,25.700001,26.155001,7.979824,507600
2001-05-02,26.155001,26.155001,25.400000,25.700001,7.841005,1655200
2001-05-03,25.700001,25.950001,25.650000,25.885000,7.897448,510000
2001-05-04,25.735001,25.799999,25.375000,25.580000,7.804393,712800
2001-05-07,25.674999,25.840000,25.525000,25.590000,7.807446,310600
2001-05-08,25.615000,25.615000,25.389999,25.389999,7.746427,341200
2001-05-09,25.400000,25.545000,25.379999,25.434999,7.760153,257600
2001-05-10,25.434999,25.495001,25.325001,25.389999,7.746427,280600
2001-05-11,25.375000,25.650000,25.325001,25.495001,7.778461,567200
2001-05-14,25.395000,25.889999,25.375000,25.889999,7.898973,418400
2001-05-15,25.889999,25.924999,25.730000,25.865000,7.891348,467200
2001-05-16,25.865000,26.125000,25.805000,26.125000,7.970673,458600
2001-05-17,26.125000,26.305000,26.075001,26.240000,8.005760,274400
2001-05-18,26.290001,26.410000,26.100000,26.410000,8.057625,360400
2001-05-21,26.450001,26.500000,26.105000,26.500000,8.085084,994800
2001-05-22,26.495001,26.825001,26.495001,26.615000,8.120173,397000
2001-05-23,26.620001,26.834999,26.510000,26.735001,8.156779,1500600
2001-05-24,26.735001,26.990000,26.655001,26.834999,8.187292,869800
2001-05-25,26.834999,26.834999,26.375000,26.799999,8.176614,506600
2001-05-29,26.780001,26.780001,26.605000,26.674999,8.138474,548200
2001-05-30,26.715000,26.715000,26.410000,26.540001,8.097288,780400
2001-05-31,26.540001,26.865000,26.475000,26.825001,8.184239,468000
2001-06-01,26.850000,26.875000,26.650000,26.875000,8.199494,337200
2001-06-04,26.875000,26.955000,26.700001,26.900000,8.207127,574200
2001-06-05,26.900000,26.995001,26.830000,26.985001,8.233051,462800
2001-06-06,26.995001,27.150000,26.920000,27.115000,8.272718,781400
2001-06-07,27.120001,27.150000,26.975000,27.150000,8.283396,751400
2001-06-08,27.150000,27.250000,26.990000,27.100000,8.268144,402000
2001-06-11,27.200001,27.700001,27.200001,27.645000,8.434420,706400
2001-06-12,27.745001,28.174999,27.740000,27.975000,8.535103,1304400
2001-06-13,27.950001,28.030001,27.889999,28.000000,8.542727,770200
2001-06-14,27.950001,28.230000,27.830000,28.090000,8.570189,1538600
2001-06-15,28.215000,28.495001,28.139999,28.459999,8.683072,1555800
2001-06-18,28.000000,28.600000,28.000000,28.594999,8.850993,1844600
2001-06-19,28.500000,28.750000,28.450001,28.620001,8.858733,1085800
2001-06-20,28.600000,28.635000,28.299999,28.540001,8.833972,768000
2001-06-21,28.440001,28.625000,28.340000,28.424999,8.798376,661600
2001-06-22,28.350000,28.500000,28.174999,28.174999,8.720991,343400
2001-06-25,28.250000,28.385000,28.000000,28.115000,8.702423,550800
2001-06-26,28.040001,28.525000,27.500000,28.495001,8.820039,855000
2001-06-27,28.395000,28.400000,27.799999,28.055000,8.683849,1158200
2001-06-28,28.055000,28.174999,27.900000,28.049999,8.682302,937200
2001-06-29,28.100000,28.450001,28.080000,28.275000,8.751945,1372600
2001-07-02,28.275000,28.475000,28.174999,28.475000,8.813851,937400
2001-07-03,28.490000,28.549999,28.299999,28.500000,8.821588,363200
2001-07-05,28.500000,28.549999,28.450001,28.475000,8.813851,355800
2001-07-06,28.475000,28.475000,28.100000,28.245001,8.742657,391000
2001-07-09,28.075001,28.174999,27.629999,27.725000,8.581703,788200
2001-07-10,27.775000,27.830000,27.740000,27.750000,8.589447,329400
2001-07-11,27.750000,27.750000,27.459999,27.600000,8.543014,503800
2001-07-12,27.559999,27.975000,27.500000,27.975000,8.659084,645800
2001-07-13,28.100000,28.200001,27.955000,28.200001,8.728729,452600
2001-07-16,28.200001,28.299999,28.150000,28.200001,8.728729,666800
2001-07-17,28.225000,28.250000,28.049999,28.250000,8.744207,415800
2001-07-18,28.225000,28.400000,28.125000,28.299999,8.759686,272600
2001-07-19,28.350000,28.485001,28.219999,28.379999,8.784446,393400
2001-07-20,28.430000,28.450001,28.145000,28.299999,8.759686,399000
2001-07-23,28.250000,28.365000,28.110001,28.350000,8.775160,263000
2001-07-24,28.400000,28.430000,28.150000,28.320000,8.765873,661000
2001-07-25,28.320000,28.375000,28.190001,28.370001,8.781349,570000
2001-07-26,28.325001,28.365000,28.290001,28.350000,8.775160,317400
2001-07-27,28.250000,28.389999,28.240000,28.315001,8.764327,707200
2001-07-30,28.264999,28.434999,28.120001,28.290001,8.756589,620200
2001-07-31,28.340000,28.459999,28.299999,28.350000,8.775160,280400
2001-08-01,28.475000,28.475000,28.200001,28.445000,8.804564,590200
2001-08-02,28.495001,28.674999,28.405001,28.674999,8.875755,957600
2001-08-03,28.625000,28.745001,28.625000,28.700001,8.883495,821000
2001-08-06,28.875000,28.900000,28.684999,28.885000,8.940761,1094600
2001-08-07,28.885000,28.924999,28.500000,28.770000,8.905168,1031800
2001-08-08,28.770000,28.795000,28.674999,28.750000,8.898968,1331800
2001-08-09,28.549999,28.674999,28.285000,28.674999,8.875755,814600
2001-08-10,28.750000,28.799999,28.575001,28.750000,8.898968,424000
2001-08-13,28.795000,28.799999,28.500000,28.575001,8.844809,533600
2001-08-14,28.580000,28.799999,28.549999,28.770000,8.905168,632200
2001-08-15,28.850000,29.344999,28.850000,29.264999,9.058376,412600
2001-08-16,29.325001,29.325001,28.825001,29.225000,9.046000,747000
2001-08-17,29.225000,29.330000,29.025000,29.299999,9.069215,594000
2001-08-20,29.325001,29.745001,29.325001,29.745001,9.206956,639400
2001-08-21,29.844999,30.200001,29.825001,30.200001,9.347791,939600
2001-08-22,30.000000,30.450001,29.950001,30.350000,9.394218,1077000
2001-08-23,30.299999,30.299999,29.920000,30.045000,9.299810,460800
2001-08-24,30.000000,30.000000,29.650000,29.684999,9.188381,620200
2001-08-27,29.684999,30.025000,29.684999,30.004999,9.287430,895200
2001-08-28,29.975000,30.049999,29.889999,29.975000,9.278147,604600
2001-08-29,29.934999,29.965000,29.424999,29.590000,9.158978,827600
2001-08-30,29.500000,29.799999,29.010000,29.215000,9.042907,565000
2001-08-31,29.264999,29.525000,29.250000,29.455000,9.117193,487600
2001-09-04,29.330000,29.400000,29.155001,29.370001,9.090878,704200
2001-09-05,29.295000,29.480000,29.209999,29.344999,9.083143,408400
2001-09-06,29.344999,29.350000,28.990000,28.990000,8.973258,631600
2001-09-07,29.000000,29.125000,28.950001,29.100000,9.007305,851400
2001-09-10,29.105000,29.155001,29.000000,29.125000,9.015042,727200
2001-09-17,28.625000,29.365000,28.625000,28.850000,8.929924,1862200
2001-09-18,28.615000,29.500000,28.525000,29.240000,9.188388,1891400
2001-09-19,29.250000,29.389999,28.100000,28.625000,8.995131,1013200
2001-09-20,28.625000,28.690001,28.264999,28.350000,8.908714,1027600
2001-09-21,28.125000,28.330000,27.795000,28.080000,8.823866,1078000
2001-09-24,28.000000,28.549999,27.725000,27.775000,8.728024,1169200
2001-09-25,27.850000,28.150000,27.750000,27.910000,8.770448,1076400
2001-09-26,28.000000,28.600000,27.924999,28.410000,8.927565,842200
2001-09-27,28.525000,28.830000,28.375000,28.700001,9.018698,1013000
2001-09-28,28.799999,29.375000,28.799999,29.200001,9.175818,704400
2001-10-01,29.200001,29.500000,28.920000,29.120001,9.150680,699800
2001-10-02,29.275000,29.700001,28.120001,28.139999,8.842722,2460000
2001-10-03,27.875000,27.879999,26.885000,27.355000,8.596042,2863600
2001-10-04,27.360001,28.174999,27.360001,27.775000,8.728024,1975000
2001-10-05,27.700001,27.750000,27.049999,27.549999,8.657321,841600
2001-10-08,27.549999,27.735001,27.450001,27.525000,8.649467,503800
2001-10-09,27.549999,27.600000,27.395000,27.490000,8.638472,530000
2001-10-10,27.400000,27.400000,27.075001,27.215000,8.552052,729200
2001-10-11,27.400000,27.750000,27.400000,27.750000,8.720172,1316600
2001-10-12,28.000000,28.000000,27.500000,27.799999,8.735880,478800
2001-10-15,27.889999,27.900000,27.549999,27.680000,8.698172,699200
2001-10-16,27.670000,27.790001,27.230000,27.400000,8.610184,562500
2001-10-17,27.049999,27.500000,27.000000,27.000000,8.484492,1219600
2001-10-18,27.139999,27.250000,26.730000,26.750000,8.405928,1059600
2001-10-19,26.830000,26.940001,26.000000,26.000000,8.170246,945400
2001-10-22,25.600000,26.100000,24.870001,25.250000,7.934566,2138200
2001-10-23,25.049999,25.750000,25.049999,25.750000,8.091687,2779400
2001-10-24,25.799999,25.850000,25.110001,25.389999,7.978565,892100
2001-10-25,25.299999,25.590000,25.270000,25.469999,8.003697,630200
2001-10-26,25.469999,25.799999,25.389999,25.650000,8.060261,698300
2001-10-29,25.879999,25.990000,25.410000,25.600000,8.044554,416500
2001-10-30,25.520000,25.850000,25.410000,25.629999,8.053982,534200
2001-10-31,25.700001,26.100000,25.610001,25.950001,8.154534,592500
2001-11-01,26.049999,26.570000,25.799999,26.420000,8.302224,992500
2001-11-02,26.480000,26.500000,25.920000,26.200001,8.233097,440400
2001-11-05,26.299999,26.500000,26.190001,26.469999,8.317938,393200
2001-11-06,26.650000,27.040001,26.299999,26.709999,8.393356,753400
2001-11-07,27.100000,27.100000,26.590000,26.610001,8.361934,931900
2001-11-08,26.799999,26.889999,26.410000,26.580000,8.352509,719200
2001-11-09,26.500000,26.600000,26.020000,26.360001,8.283377,459400
2001-11-12,26.400000,26.799999,26.250000,26.790001,8.418501,427800
2001-11-13,26.750000,27.250000,26.700001,26.920000,8.459350,903300
2001-11-14,26.900000,27.340000,26.860001,27.240000,8.559903,439300
2001-11-15,27.049999,27.549999,27.000000,27.549999,8.657321,476300
2001-11-16,27.400000,27.900000,27.400000,27.610001,8.676175,344200
2001-11-19,27.799999,28.040001,27.450001,27.570000,8.663606,392500
2001-11-20,27.559999,27.840000,27.430000,27.480000,8.635320,501800
2001-11-21,27.600000,27.639999,26.799999,27.190001,8.544191,770000
2001-11-23,27.320000,27.879999,27.190001,27.840000,8.748446,246000
2001-11-26,27.840000,28.000000,27.500000,27.950001,8.783020,786500
2001-11-27,27.850000,28.080000,27.480000,27.930000,8.776737,690600
2001-11-28,28.750000,29.150000,28.549999,28.580000,8.980987,4870600
2001-11-29,28.500000,28.639999,28.280001,28.570000,8.977844,2694600
2001-11-30,28.580000,28.980000,28.500000,28.950001,9.097254,31955700
2001-12-03,28.500000,28.990000,28.500000,28.690001,9.015557,2827700
2001-12-04,28.549999,28.980000,28.549999,28.879999,9.075262,1685700
2001-12-05,28.850000,29.040001,28.799999,28.900000,9.081547,2803500
2001-12-06,28.969999,29.170000,28.760000,29.150000,9.160106,1215400
2001-12-07,29.160000,29.250000,28.990000,29.200001,9.175818,1182300
2001-12-10,28.799999,28.990000,28.750000,28.860001,9.068976,949700
2001-12-11,29.000000,29.250000,28.870001,29.190001,9.172674,671300
2001-12-12,29.219999,29.230000,28.670000,28.670000,9.009273,1099000
2001-12-13,28.660000,28.700001,28.150000,28.299999,8.893003,1135800
2001-12-14,28.299999,28.600000,28.200001,28.490000,8.952703,975800
2001-12-17,28.500000,28.799999,28.490000,28.750000,9.034408,1802400
2001-12-18,28.400000,28.490000,28.260000,28.480000,9.086414,1966400
2001-12-19,28.299999,28.430000,28.020000,28.100000,8.965177,1055300
2001-12-20,28.000000,28.120001,27.950001,27.950001,8.917322,2054700
2001-12-21,27.990000,28.049999,27.879999,28.049999,8.949221,2283800
2001-12-24,28.090000,28.469999,28.020000,28.389999,9.057699,251900
2001-12-26,28.250000,28.660000,28.200001,28.600000,9.124699,488500
2001-12-27,28.450001,28.900000,28.450001,28.549999,9.108743,785700
2001-12-28,28.500000,28.850000,28.389999,28.770000,9.178941,532900
2001-12-31,28.750000,28.950001,26.500000,28.709999,9.159794,824100
2002-01-02,28.559999,28.850000,28.150000,28.750000,9.172556,1025000
2002-01-03,28.700001,28.940001,28.610001,28.920000,9.226789,835500
2002-01-04,28.920000,28.930000,28.510000,28.549999,9.108743,565100
2002-01-07,28.549999,28.680000,28.379999,28.570000,9.115124,1190700
2002-01-08,28.570000,28.600000,28.430000,28.500000,9.092794,782100
2002-01-09,28.450001,28.580000,28.290001,28.290001,9.025800,1179500
2002-01-10,28.160000,28.219999,28.100000,28.139999,8.977941,875900
2002-01-11,28.200001,28.250000,27.950001,27.980000,8.926889,1202000
2002-01-14,28.100000,28.129999,27.840000,27.969999,8.923700,1254300
2002-01-15,27.969999,28.080000,27.650000,27.740000,8.850318,1031800
2002-01-16,27.870001,27.940001,27.450001,27.549999,8.789702,848900
2002-01-17,27.500000,27.510000,27.299999,27.360001,8.729080,1289000
2002-01-18,27.299999,27.430000,26.910000,27.200001,8.678034,1207500
2002-01-22,27.200001,27.620001,27.150000,27.520000,8.780128,916900
2002-01-23,27.440001,27.650000,27.330000,27.549999,8.789702,2587000
2002-01-24,27.500000,27.559999,27.299999,27.450001,8.757802,1353700
2002-01-25,27.459999,27.530001,27.260000,27.500000,8.773746,683400
2002-01-28,27.450001,27.490000,27.290001,27.440001,8.754610,537600
2002-01-29,27.440001,27.440001,26.920000,27.139999,8.658893,816900
2002-01-30,27.150000,27.280001,27.000000,27.070000,8.636562,899600
2002-01-31,27.020000,27.049999,26.670000,26.780001,8.544037,1548400
2002-02-01,26.750000,26.750000,26.629999,26.750000,8.534462,792100
2002-02-04,26.750000,26.830000,26.570000,26.799999,8.550418,978300
2002-02-05,27.000000,27.100000,26.870001,26.980000,8.607845,884000
2002-02-06,26.980000,26.980000,26.100000,26.139999,8.339851,2592100
2002-02-07,26.139999,26.219999,26.010000,26.020000,8.301563,1915000
2002-02-08,26.020000,26.100000,25.840000,26.100000,8.327088,1447200
2002-02-11,26.090000,26.450001,26.080000,26.400000,8.422797,2440400
2002-02-12,26.350000,26.490000,26.299999,26.330000,8.400467,1100800
2002-02-13,26.299999,26.500000,26.260000,26.469999,8.445131,1143300
2002-02-14,26.500000,26.690001,26.450001,26.650000,8.502563,1047900
2002-02-15,26.650000,26.780001,26.629999,26.700001,8.518515,1033600
2002-02-19,26.700001,26.700001,26.270000,26.450001,8.438749,826800
2002-02-20,26.459999,26.799999,26.450001,26.750000,8.534462,1085500
2002-02-21,26.750000,26.750000,26.280001,26.330000,8.400467,769400
2002-02-22,26.350000,26.799999,26.299999,26.709999,8.521702,945400
2002-02-25,26.719999,27.100000,26.629999,27.020000,8.620609,736200
2002-02-26,27.049999,27.080000,26.799999,26.969999,8.604654,484900
2002-02-27,27.049999,27.190001,26.760000,27.000000,8.614228,533100
2002-02-28,27.000000,27.200001,26.920000,26.950001,8.598277,1324100
2002-03-01,27.100000,27.280001,26.930000,27.270000,8.700368,572200
2002-03-04,27.270000,28.000000,27.270000,27.980000,8.926889,645900
2002-03-05,27.879999,28.480000,27.760000,28.400000,9.060884,893300
2002-03-06,28.490000,28.650000,28.309999,28.629999,9.134270,677200
2002-03-07,28.600000,28.680000,28.450001,28.600000,9.124699,662700
2002-03-08,28.650000,28.990000,28.559999,28.700001,9.156605,955900
2002-03-11,28.700001,28.770000,28.400000,28.530001,9.102367,1096100
2002-03-12,28.500000,28.610001,28.299999,28.580000,9.118319,642800
2002-03-13,28.549999,28.590000,28.299999,28.549999,9.108743,855200
2002-03-14,28.570000,29.000000,28.559999,28.980000,9.245935,1155000
2002-03-15,28.980000,29.150000,28.879999,29.150000,9.300173,2384500
2002-03-18,28.950001,28.950001,28.540001,28.690001,9.291434,1858400
2002-03-19,28.559999,28.850000,28.549999,28.740000,9.307625,1157700
2002-03-20,28.700001,28.969999,28.680000,28.799999,9.327055,630100
2002-03-21,28.799999,29.120001,28.700001,29.120001,9.430685,1344600
2002-03-22,29.000000,29.280001,28.870001,29.080000,9.417731,953300
2002-03-25,29.150000,29.150000,28.709999,28.830000,9.336768,731200
2002-03-26,28.650000,29.000000,28.650000,28.850000,9.343253,820800
2002-03-27,28.900000,29.190001,28.850000,29.049999,9.408013,1187500
2002-03-28,29.200001,29.330000,28.650000,28.740000,9.307625,1207400
2002-04-01,28.700001,29.000000,28.400000,28.980000,9.385349,982300
2002-04-02,29.049999,29.500000,29.010000,29.330000,9.498701,1128500
2002-04-03,29.299999,29.350000,29.049999,29.350000,9.505174,1001800
2002-04-04,29.450001,29.520000,29.160000,29.480000,9.547279,1045900
2002-04-05,29.490000,29.850000,29.490000,29.670000,9.608807,769800
2002-04-08,29.670000,30.090000,29.670000,30.040001,9.728633,1049600
2002-04-09,30.100000,30.340000,29.959999,30.270000,9.803121,703400
2002-04-10,30.260000,30.959999,30.260000,30.719999,9.948855,767000
2002-04-11,30.750000,30.750000,30.120001,30.469999,9.867892,773600
2002-04-12,30.549999,30.900000,30.400000,30.900000,10.007154,1035700
2002-04-15,30.450001,30.650000,30.320000,30.400000,9.845223,1174700
2002-04-16,30.200001,30.299999,29.600000,29.719999,9.624999,1116500
2002-04-17,29.750000,29.750000,29.200001,29.600000,9.586139,1137800
2002-04-18,29.600000,29.879999,29.400000,29.719999,9.624999,1066400
2002-04-19,29.889999,29.889999,29.389999,29.400000,9.521368,438000
2002-04-22,29.400000,29.490000,28.910000,28.959999,9.378870,752800
2002-04-23,29.110001,29.110001,27.900000,28.240000,9.145696,1682000
2002-04-24,28.280001,28.600000,28.110001,28.180000,9.126266,1267300
2002-04-25,28.190001,28.420000,28.080000,28.200001,9.132742,606000
2002-04-26,28.250000,28.389999,28.110001,28.230000,9.142460,953800
2002-04-29,28.299999,28.299999,28.000000,28.100000,9.100358,462000
2002-04-30,28.049999,28.360001,28.010000,28.200001,9.132742,1076200
2002-05-01,28.299999,28.850000,28.200001,28.799999,9.327055,1077500
2002-05-02,28.799999,29.290001,28.450001,29.219999,9.463076,942100
2002-05-03,29.000000,29.400000,28.809999,29.110001,9.427447,630400
2002-05-06,29.110001,29.250000,28.750000,28.770000,9.317342,566000
2002-05-07,28.780001,28.780001,28.320000,28.600000,9.262284,589300
2002-05-08,28.750000,28.850000,28.150000,28.500000,9.229894,706600
2002-05-09,28.150000,28.420000,28.110001,28.170000,9.123020,757300
2002-05-10,28.170000,28.299999,28.010000,28.190001,9.129498,802800
2002-05-13,28.160000,28.650000,28.160000,28.299999,9.165128,433100
2002-05-14,28.299999,28.930000,28.200001,28.740000,9.307625,660600
2002-05-15,29.000000,29.139999,28.910000,29.059999,9.411250,724100
2002-05-16,29.129999,29.219999,28.920000,29.059999,9.411250,570400
2002-05-17,29.030001,29.200001,28.990000,29.190001,9.453362,394600
2002-05-20,29.100000,29.100000,28.690001,28.950001,9.375632,511500
2002-05-21,29.000000,29.070000,28.700001,28.730000,9.304383,302900
2002-05-22,28.780001,28.830000,28.480000,28.799999,9.327055,697400
2002-05-23,28.809999,29.490000,28.650000,29.490000,9.550515,614100
2002-05-24,29.490000,29.500000,29.170000,29.379999,9.514890,935900
2002-05-28,29.309999,29.500000,29.020000,29.500000,9.553753,542500
2002-05-29,29.500000,29.850000,29.290001,29.850000,9.667105,478700
2002-05-30,29.250000,29.500000,29.020000,29.480000,9.547279,917400
2002-05-31,29.650000,29.650000,28.719999,28.940001,9.372396,923100
2002-06-03,29.000000,29.150000,28.629999,28.730000,9.304383,660900
2002-06-04,28.650000,28.980000,28.629999,28.809999,9.330293,1051700
2002-06-05,28.809999,28.969999,28.650000,28.780001,9.320582,781800
2002-06-06,28.850000,28.900000,28.639999,28.740000,9.307625,995700
2002-06-07,28.740000,28.790001,28.490000,28.620001,9.268762,576100
2002-06-10,28.549999,29.090000,28.459999,29.000000,9.391829,723800
2002-06-11,29.000000,29.410000,28.910000,29.020000,9.398301,831900
2002-06-12,29.010000,29.190001,29.000000,29.160000,9.443641,1111000
2002-06-13,29.170000,29.240000,29.049999,29.200001,9.456595,700700
2002-06-14,29.200001,29.299999,28.910000,28.950001,9.375632,784000
2002-06-17,28.990000,29.170000,28.860001,29.170000,9.446877,2090500
2002-06-18,28.780001,28.900000,28.120001,28.180000,9.263773,3144100
2002-06-19,28.100000,28.270000,28.010000,28.250000,9.286789,1208400
2002-06-20,28.250000,28.490000,28.150000,28.400000,9.336099,865000
2002-06-21,28.250000,28.600000,28.250000,28.389999,9.332809,1016200
2002-06-24,28.440001,28.540001,28.230000,28.250000,9.286789,1202700
2002-06-25,28.250000,28.570000,28.219999,28.500000,9.368971,1051100
2002-06-26,28.500000,28.559999,28.160000,28.299999,9.303225,1241600
2002-06-27,28.250000,28.510000,27.950001,28.490000,9.365683,1777700
2002-06-28,28.500000,28.940001,28.500000,28.750000,9.451150,1924800
2002-07-01,28.750000,28.809999,28.170000,28.450001,9.352535,802500
2002-07-02,28.450001,28.490000,28.010000,28.080000,9.230901,718600
2002-07-03,27.930000,28.040001,27.440001,27.840000,9.152004,736400
2002-07-05,27.850000,28.170000,27.540001,28.100000,9.237477,584800
2002-07-08,28.100000,28.299999,27.500000,27.600000,9.073103,847000
2002-07-09,27.600000,27.750000,27.160000,27.290001,8.971203,1188900
2002-07-10,27.309999,27.500000,26.600000,26.750000,8.793680,1386400
2002-07-11,26.709999,26.820000,26.010000,26.500000,8.711499,1741500
2002-07-12,26.600000,26.930000,26.190001,26.350000,8.662185,980700
2002-07-15,26.340000,26.400000,25.629999,26.120001,8.586579,1113000
2002-07-16,25.980000,27.270000,25.930000,26.400000,8.678627,1784300
2002-07-17,26.650000,26.950001,25.620001,25.650000,8.432072,1621900
2002-07-18,25.650000,25.650000,24.940001,25.049999,8.234828,1274200
2002-07-19,24.950001,25.049999,24.120001,24.270000,7.978419,1364700
2002-07-22,24.309999,25.200001,22.990000,23.650000,7.774603,1842000
2002-07-23,23.620001,24.170000,23.000000,23.040001,7.574072,1623300
2002-07-24,22.600000,23.930000,22.400000,23.450001,7.708856,2253400
2002-07-25,23.549999,24.350000,22.900000,24.010000,7.892947,1488300
2002-07-26,24.260000,25.350000,24.200001,25.209999,8.287429,1431700
2002-07-29,25.350000,26.549999,25.290001,26.450001,8.695065,1336900
2002-07-30,26.459999,27.500000,25.889999,26.860001,8.829844,975500
2002-07-31,26.809999,26.980000,26.209999,26.750000,8.793680,1220400
2002-08-01,25.950001,26.490000,25.629999,26.049999,8.563570,1354000
2002-08-02,26.129999,26.200001,25.250000,25.760000,8.468233,728900
2002-08-05,25.900000,25.950001,24.820000,24.900000,8.185523,688300
2002-08-06,24.900000,24.969999,24.549999,24.650000,8.103335,1228600
2002-08-07,24.700001,25.000000,24.620001,25.000000,8.218393,961200
2002-08-08,25.100000,25.530001,25.000000,25.400000,8.349888,604500
2002-08-09,25.400000,25.500000,24.690001,25.070000,8.241409,782200
2002-08-12,24.750000,25.469999,24.750000,25.299999,8.317017,1029700
2002-08-13,25.400000,25.660000,25.010000,25.010000,8.221683,713600
2002-08-14,25.150000,25.490000,24.900000,25.490000,8.379476,827100
2002-08-15,25.440001,25.959999,25.110001,25.790001,8.478101,755100
2002-08-16,25.850000,26.500000,25.690001,26.440001,8.691773,1325300
2002-08-19,26.400000,26.510000,25.850000,26.450001,8.695065,1296700
2002-08-20,26.350000,26.690001,26.270000,26.540001,8.724651,702500
2002-08-21,26.570000,26.990000,26.540001,26.930000,8.852853,1177300
2002-08-22,26.930000,27.100000,26.540001,26.980000,8.869293,793000
2002-08-23,26.850000,27.299999,26.820000,27.090000,8.905454,878600
2002-08-26,27.180000,27.670000,27.049999,27.639999,9.086259,901000
2002-08-27,27.639999,27.950001,27.500000,27.750000,9.122418,943500
2002-08-28,27.600000,28.040001,27.370001,27.990000,9.201318,1052400
2002-08-29,27.850000,28.000000,27.530001,27.809999,9.142145,855300
2002-08-30,27.820000,28.080000,27.799999,27.920000,9.178301,617400
2002-09-03,27.900000,27.900000,27.090000,27.219999,8.948190,965400
2002-09-04,27.340000,27.580000,27.139999,27.230000,8.951476,764500
2002-09-05,27.230000,27.400000,27.049999,27.299999,8.974484,831100
2002-09-06,27.250000,27.250000,27.250000,27.250000,8.958050,663600
2002-09-09,27.250000,27.290001,27.000000,27.250000,8.958050,811400
2002-09-10,27.260000,27.350000,27.139999,27.230000,8.951476,981600
2002-09-11,27.250000,27.270000,27.049999,27.080000,8.902164,576000
2002-09-12,27.059999,27.059999,26.549999,26.730000,8.787110,1039300
2002-09-13,26.719999,26.799999,26.549999,26.770000,8.800259,695600
2002-09-16,26.780001,26.820000,26.400000,26.500000,8.711499,593700
2002-09-17,26.740000,26.750000,26.309999,26.379999,8.672051,1990200
2002-09-18,25.700001,26.000000,25.059999,25.290001,8.452472,2940900
2002-09-19,25.290001,25.350000,24.629999,24.629999,8.231877,1152100
2002-09-20,24.629999,25.139999,24.450001,25.059999,8.375596,1722500
2002-09-23,24.990000,24.990000,24.639999,24.740000,8.268641,938700
2002-09-24,24.740000,24.809999,24.440001,24.490000,8.185089,1793300
2002-09-25,24.500000,24.510000,24.000000,24.129999,8.064770,1895900
2002-09-26,24.200001,24.360001,24.110001,24.320000,8.128272,1279300
2002-09-27,24.320000,24.500000,24.000000,24.000000,8.021322,1196600
2002-09-30,24.010000,24.080000,23.740000,23.940001,8.001264,1239800
2002-10-01,23.930000,24.150000,23.480000,24.000000,8.021322,1349000
2002-10-02,24.000000,24.000000,23.049999,23.299999,7.787365,1329600
2002-10-03,23.299999,23.440001,23.160000,23.400000,7.820787,1553300
2002-10-04,23.400000,23.480000,23.049999,23.160000,7.740573,1595300
2002-10-07,23.230000,23.350000,22.719999,22.730000,7.596859,2111400
2002-10-08,22.700001,22.700001,22.200001,22.490000,7.516645,3964200
2002-10-09,22.530001,22.530001,21.910000,21.910000,7.322800,1780600
2002-10-10,21.700001,23.049999,21.549999,22.900000,7.653676,3408500
2002-10-11,23.049999,23.900000,23.049999,23.730000,7.931077,1844600
2002-10-14,23.730000,23.820000,23.290001,23.350000,7.804077,1031100
2002-10-15,23.400000,24.320000,23.400000,24.139999,8.068111,1144500
2002-10-16,24.139999,24.230000,23.610001,23.730000,7.931077,819400
2002-10-17,23.980000,24.209999,23.780001,23.820000,7.961164,794700
2002-10-18,23.820000,24.200001,23.500000,23.770000,7.944452,898600
2002-10-21,23.860001,23.990000,23.510000,23.889999,7.984557,597500
2002-10-22,23.840000,23.850000,23.340000,23.400000,7.820787,1331300
2002-10-23,23.400000,23.510000,22.950001,23.160000,7.740573,868300
2002-10-24,23.400000,23.580000,23.350000,23.490000,7.850867,1087000
2002-10-25,23.549999,24.030001,23.430000,24.030001,8.031345,878700
2002-10-28,24.350000,24.350000,23.510000,23.680000,7.914369,749600
2002-10-29,23.510000,23.780001,23.049999,23.620001,7.894317,1009900
2002-10-30,23.610001,23.850000,23.480000,23.799999,7.954476,630200
2002-10-31,23.990000,24.150000,23.530001,23.719999,7.927739,740700
2002-11-01,23.549999,23.889999,23.480000,23.850000,7.971185,815500
2002-11-04,23.860001,24.650000,23.799999,24.459999,8.175061,818100
2002-11-05,24.459999,24.600000,24.000000,24.120001,8.061429,1359500
2002-11-06,24.200001,24.500000,23.950001,24.360001,8.141639,682700
2002-11-07,24.389999,24.610001,24.230000,24.270000,8.111558,773000
2002-11-08,24.299999,24.440001,24.049999,24.170000,8.078136,508700
2002-11-11,24.129999,24.240000,23.959999,24.139999,8.068111,456800
2002-11-12,24.250000,24.920000,24.200001,24.740000,8.268641,988100
2002-11-13,24.750000,25.080000,24.559999,24.629999,8.231877,847400
2002-11-14,24.799999,25.469999,24.740000,25.469999,8.512628,1174200
2002-11-15,25.469999,25.600000,25.190001,25.270000,8.445780,863400
2002-11-18,25.270000,25.420000,25.100000,25.170000,8.412356,807300
2002-11-19,25.139999,25.309999,24.969999,25.030001,8.365568,637600
2002-11-20,25.000000,25.100000,24.420000,25.000000,8.355540,1128200
2002-11-21,25.250000,25.559999,24.910000,25.559999,8.542707,1241600
2002-11-22,25.350000,26.230000,25.250000,26.230000,8.766637,1793700
2002-11-25,26.010000,26.139999,25.750000,26.090000,8.719848,1395700
2002-11-26,26.000000,26.200001,25.719999,25.809999,8.626261,1192100
2002-11-27,25.820000,26.190001,25.700001,26.139999,8.736553,692600
2002-11-29,26.100000,26.180000,26.049999,26.120001,8.729873,421200
2002-12-02,26.160000,26.700001,26.010000,26.700001,8.923722,934700
2002-12-03,26.549999,26.559999,26.160000,26.190001,8.753264,1600900
2002-12-04,26.100000,26.320000,25.879999,25.980000,8.683081,808600
2002-12-05,25.969999,25.969999,25.500000,25.660000,8.576130,1162000
2002-12-06,25.549999,25.620001,25.299999,25.450001,8.505943,1342500
2002-12-09,25.200001,25.590000,25.180000,25.480000,8.515965,1594200
2002-12-10,25.450001,25.459999,24.950001,25.049999,8.372249,1957700
2002-12-11,24.900000,25.150000,24.900000,25.000000,8.355540,1118500
2002-12-12,24.950001,25.040001,24.820000,24.990000,8.352202,643200
2002-12-13,24.959999,25.209999,24.709999,24.809999,8.292039,1397300
2002-12-16,24.900000,25.129999,24.629999,25.129999,8.398992,837400
2002-12-17,25.100000,25.110001,24.719999,24.750000,8.271991,1939300
2002-12-18,24.420000,24.480000,24.000000,24.150000,8.215179,2467000
2002-12-19,24.000000,24.150000,23.770000,23.870001,8.119926,1257100
2002-12-20,23.799999,24.100000,23.750000,24.030001,8.174360,2769800
2002-12-23,24.049999,24.340000,24.040001,24.340000,8.279812,1591200
2002-12-24,24.299999,24.410000,24.200001,24.400000,8.300222,776500
2002-12-26,24.410000,24.760000,24.410000,24.500000,8.334240,848000
2002-12-27,24.400000,24.660000,24.320000,24.400000,8.300222,825400
2002-12-30,24.400000,24.700001,24.400000,24.650000,8.385263,1040400
2002-12-31,24.600000,24.990000,24.540001,24.580000,8.361452,1090300
2003-01-02,24.700001,25.059999,24.629999,25.059999,8.524738,840900
2003-01-03,25.000000,25.500000,24.969999,25.469999,8.664207,898300
2003-01-06,25.480000,25.990000,25.469999,25.910000,8.813887,1265200
2003-01-07,25.660000,25.750000,25.330000,25.500000,8.674414,1171400
2003-01-08,25.299999,25.639999,25.299999,25.410000,8.643799,1106800
2003-01-09,25.350000,25.750000,25.350000,25.639999,8.722034,1105700
2003-01-10,25.590000,25.690001,25.469999,25.540001,8.688023,911900
2003-01-13,25.650000,25.690001,25.190001,25.230000,8.582566,773400
2003-01-14,25.219999,25.250000,24.959999,25.100000,8.538342,1097000
2003-01-15,25.049999,25.100000,24.809999,24.900000,8.470309,969100
2003-01-16,24.900000,24.969999,24.540001,24.540001,8.347842,646000
2003-01-17,24.540001,24.540001,24.020000,24.080000,8.191361,1289700
2003-01-21,24.190001,24.219999,23.940001,23.990000,8.160750,1006300
2003-01-22,23.990000,24.129999,23.850000,23.950001,8.147141,912700
2003-01-23,24.150000,24.420000,24.129999,24.250000,8.249199,1336400
2003-01-24,24.190001,24.230000,23.700001,23.740000,8.075708,696200
2003-01-27,23.740000,24.049999,23.670000,23.760000,8.082508,741400
2003-01-28,23.850000,24.100000,23.400000,23.660000,8.048494,2030000
2003-01-29,23.660000,24.020000,23.540001,24.020000,8.170956,1289000
2003-01-30,24.090000,24.250000,23.870001,23.879999,8.123330,673900
2003-01-31,23.900000,24.459999,23.850000,24.440001,8.313830,903700
2003-02-03,24.299999,24.309999,23.910000,23.920000,8.136934,1530700
2003-02-04,23.830000,23.889999,23.580000,23.879999,8.123330,1271300
2003-02-05,24.000000,24.160000,23.790001,23.900000,8.130133,922900
2003-02-06,23.709999,23.940001,23.680000,23.750000,8.079110,805600
2003-02-07,23.799999,23.969999,23.510000,23.549999,8.011078,549800
2003-02-10,23.559999,23.850000,23.469999,23.799999,8.096118,572800
2003-02-11,23.850000,23.889999,23.420000,23.459999,7.980464,813600
2003-02-12,23.400000,23.530001,23.200001,23.240000,7.905622,535700
2003-02-13,23.260000,23.629999,23.120001,23.629999,8.038285,916300
2003-02-14,23.629999,23.760000,23.230000,23.520000,8.000868,609700
2003-02-18,23.719999,23.870001,23.420000,23.549999,8.011078,587600
2003-02-19,23.650000,23.809999,23.480000,23.799999,8.096118,524200
2003-02-20,23.799999,23.879999,23.670000,23.830000,8.106324,422900
2003-02-21,23.830000,24.350000,23.750000,24.270000,8.255998,953600
2003-02-24,24.250000,24.260000,23.860001,24.080000,8.191361,720700
2003-02-25,24.000000,24.450001,24.000000,24.450001,8.317232,636800
2003-02-26,24.400000,24.400000,24.150000,24.280001,8.259402,679800
2003-02-27,24.309999,24.600000,24.260000,24.379999,8.293420,743400
2003-02-28,24.450001,24.700001,24.260000,24.280001,8.259402,584600
2003-03-03,24.500000,24.610001,24.350000,24.610001,8.371657,805600
2003-03-04,24.610001,24.610001,24.120001,24.170000,8.221976,801200
2003-03-05,24.100000,24.350000,24.080000,24.350000,8.283216,1144300
2003-03-06,24.350000,24.350000,24.120001,24.180000,8.225381,637100
2003-03-07,24.000000,24.299999,24.000000,24.230000,8.242392,649900
2003-03-10,24.240000,24.240000,23.900000,23.920000,8.136934,493000
2003-03-11,24.100000,24.200001,23.799999,23.920000,8.136934,571000
2003-03-12,23.900000,24.000000,23.719999,23.879999,8.123330,660900
2003-03-13,24.030001,24.340000,24.030001,24.230000,8.242392,1067400
2003-03-14,24.200001,24.320000,24.000000,24.049999,8.181162,1004400
2003-03-17,24.129999,24.799999,24.129999,24.790001,8.432888,2276000
2003-03-18,24.350000,24.590000,24.280001,24.450001,8.465086,2292000
2003-03-19,24.600000,24.900000,24.420000,24.900000,8.620888,966400
2003-03-20,24.700001,25.150000,24.549999,25.150000,8.707444,1233300
2003-03-21,25.150000,25.389999,25.000000,25.250000,8.742064,1060500
2003-03-24,25.150000,25.150000,24.230000,24.240000,8.392382,1016000
2003-03-25,24.290001,24.709999,24.280001,24.690001,8.548179,1069700
2003-03-26,24.690001,24.830000,24.510000,24.830000,8.596655,685600
2003-03-27,24.750000,24.809999,24.400000,24.580000,8.510098,755500
2003-03-28,24.600000,24.709999,24.309999,24.330000,8.423541,566400
2003-03-31,24.250000,24.320000,23.969999,24.070000,8.333521,918800
2003-04-01,24.100000,24.760000,24.049999,24.650000,8.534331,924100
2003-04-02,24.900000,25.240000,24.900000,25.020000,8.662433,1186600
2003-04-03,25.040001,25.139999,24.900000,25.139999,8.703981,691100
2003-04-04,25.139999,25.320000,25.030001,25.030001,8.665898,1173200
2003-04-07,25.480000,25.530001,25.290001,25.400000,8.793997,1145600
2003-04-08,25.570000,25.580000,25.299999,25.389999,8.790536,812600
2003-04-09,25.340000,25.600000,25.219999,25.370001,8.783610,866600
2003-04-10,25.370001,25.370001,24.980000,25.010000,8.658971,749700
2003-04-11,25.100000,25.410000,24.799999,24.879999,8.613963,711700
2003-04-14,25.100000,25.200001,24.900000,25.200001,8.724750,897100
2003-04-15,25.250000,25.400000,25.170000,25.389999,8.790536,1253100
2003-04-16,25.340000,25.690001,25.270000,25.690001,8.894402,981000
2003-04-17,25.650000,26.200001,25.580000,26.200001,9.070972,1104800
2003-04-21,26.049999,26.450001,26.020000,26.450001,9.157531,735200
2003-04-22,26.350000,26.709999,26.260000,26.650000,9.226768,1068700
2003-04-23,26.500000,26.750000,26.299999,26.740000,9.257934,671900
2003-04-24,26.650000,26.719999,26.350000,26.510000,9.178301,1301600
2003-04-25,26.520000,26.520000,26.200001,26.360001,9.126366,710400
2003-04-28,26.059999,26.360001,25.850000,26.350000,9.122905,1090400
2003-04-29,26.250000,26.510000,26.170000,26.340000,9.119442,1068500
2003-04-30,26.200001,26.400000,25.850000,25.910000,8.970568,961800
2003-05-01,25.850000,26.299999,25.510000,26.200001,9.070972,955000
2003-05-02,26.139999,26.639999,26.100000,26.540001,9.188688,766000
2003-05-05,26.500000,26.799999,26.350000,26.770000,9.268315,670300
2003-05-06,26.770000,27.270000,26.730000,27.240000,9.431043,1257700
2003-05-07,27.240000,27.240000,26.760000,26.910000,9.316792,1242900
2003-05-08,26.799999,27.059999,26.680000,26.990000,9.344485,534600
2003-05-09,27.070000,27.500000,27.049999,27.500000,9.521059,966700
2003-05-12,27.500000,27.520000,27.370001,27.500000,9.521059,611900
2003-05-13,27.500000,27.629999,27.320000,27.600000,9.555682,512500
2003-05-14,27.610001,27.650000,27.299999,27.330000,9.462200,529800
2003-05-15,27.500000,27.590000,27.100000,27.520000,9.527979,853700
2003-05-16,27.400000,27.500000,27.139999,27.270000,9.441428,679000
2003-05-19,27.280001,27.570000,27.070000,27.080000,9.375649,1087000
2003-05-20,27.150000,27.540001,27.150000,27.360001,9.472591,687400
2003-05-21,27.360001,27.400000,27.129999,27.320000,9.458737,674700
2003-05-22,27.379999,27.510000,27.180000,27.500000,9.521059,767100
2003-05-23,27.500000,27.660000,27.320000,27.570000,9.545297,748500
2003-05-27,27.400000,27.660000,27.299999,27.520000,9.527979,759600
2003-05-28,27.459999,27.510000,26.790001,26.799999,9.278707,1021000
2003-05-29,26.799999,26.799999,25.200001,25.950001,8.984421,2095100
2003-05-30,26.100000,26.490000,25.940001,26.480000,9.167915,995900
2003-06-02,26.549999,26.870001,26.379999,26.570000,9.199073,971600
2003-06-03,26.370001,26.690001,26.080000,26.690001,9.240622,899100
2003-06-04,26.690001,27.129999,26.629999,27.020000,9.354876,768200
2003-06-05,27.059999,27.260000,26.920000,27.250000,9.434504,773900
2003-06-06,27.280001,27.950001,27.250000,27.750000,9.607615,1091000
2003-06-09,27.700001,27.700001,27.360001,27.500000,9.521059,1358700
2003-06-10,27.299999,27.750000,27.240000,27.740000,9.604150,826900
2003-06-11,27.740000,27.780001,27.500000,27.680000,9.583381,740700
2003-06-12,27.750000,27.760000,27.190001,27.250000,9.434504,715400
2003-06-13,27.350000,27.400000,26.620001,26.740000,9.257934,751100
2003-06-16,26.799999,27.150000,26.740000,27.100000,9.382571,1085100
2003-06-17,27.150000,27.240000,26.940001,27.049999,9.365260,1996600
2003-06-18,26.400000,26.520000,26.070000,26.100000,9.183353,2456000
2003-06-19,26.150000,26.209999,25.900000,26.059999,9.169277,972600
2003-06-20,26.150000,26.219999,26.000000,26.049999,9.165765,1248300
2003-06-23,26.000000,26.010000,25.480000,25.530001,8.982799,1287000
2003-06-24,25.530001,25.850000,25.469999,25.750000,9.060204,1299400
2003-06-25,25.820000,25.950001,25.600000,25.750000,9.060204,1175200
2003-06-26,25.690001,26.010000,25.650000,25.980000,9.141132,977500
2003-06-27,26.000000,26.309999,25.900000,26.150000,9.200950,634700
2003-06-30,26.150000,26.260000,25.780001,25.950001,9.130578,1255100
2003-07-01,25.950001,26.270000,25.690001,26.240000,9.232614,1050200
2003-07-02,26.240000,26.780001,26.150000,26.780001,9.422610,639700
2003-07-03,26.629999,26.750000,26.500000,26.719999,9.401502,473000
2003-07-07,26.799999,27.150000,26.660000,27.080000,9.528171,751400
2003-07-08,27.080000,27.180000,26.910000,27.180000,9.563354,650800
2003-07-09,27.129999,27.200001,26.660000,26.930000,9.475391,933100
2003-07-10,26.870001,26.889999,26.280001,26.379999,9.281872,631200
2003-07-11,26.530001,26.969999,26.530001,26.850000,9.447243,976200
2003-07-14,27.059999,27.190001,26.750000,26.830000,9.440203,653700
2003-07-15,26.900000,26.920000,26.549999,26.700001,9.394464,665000
2003-07-16,26.850000,26.860001,26.370001,26.500000,9.324093,649500
2003-07-17,26.400000,26.580000,26.080000,26.299999,9.253720,610500
2003-07-18,26.299999,26.530001,26.200001,26.400000,9.288908,535500
2003-07-21,26.410000,26.520000,26.160000,26.400000,9.288908,565100
2003-07-22,26.520000,26.850000,26.410000,26.799999,9.429650,722000
2003-07-23,26.799999,26.809999,26.480000,26.530001,9.334646,515000
2003-07-24,26.600000,26.790001,26.510000,26.650000,9.376867,400600
2003-07-25,26.650000,27.230000,26.650000,27.100000,9.535205,1029500
2003-07-28,27.299999,27.309999,27.040001,27.200001,9.570391,1093100
2003-07-29,27.200001,27.430000,27.110001,27.299999,9.605577,1276500
2003-07-30,27.350000,27.770000,27.299999,27.650000,9.728725,1990400
2003-07-31,27.850000,28.000000,27.650000,27.900000,9.816690,2048200
2003-08-01,27.850000,28.100000,27.750000,28.100000,9.887059,1842000
2003-08-04,28.000000,28.450001,27.820000,28.350000,9.975022,1295500
2003-08-05,28.350000,28.650000,28.280001,28.459999,10.013718,1325000
2003-08-06,28.299999,28.540001,28.100000,28.480000,10.020761,898200
2003-08-07,28.480000,28.750000,28.299999,28.740000,10.112242,928600
2003-08-08,28.860001,28.860001,28.559999,28.690001,10.094650,574800
2003-08-11,28.629999,28.840000,28.610001,28.709999,10.101682,1136200
2003-08-12,28.799999,28.830000,28.309999,28.639999,10.077061,621900
2003-08-13,28.650000,28.700001,28.110001,28.309999,9.960948,964100
2003-08-14,28.450001,28.750000,28.299999,28.690001,10.094650,1144700
2003-08-15,28.790001,28.790001,28.469999,28.490000,10.024279,437500
2003-08-18,28.559999,28.990000,28.520000,28.700001,10.098169,823800
2003-08-19,28.879999,28.920000,28.670000,28.910000,10.172060,657100
2003-08-20,28.920000,29.230000,28.860001,29.129999,10.249466,818500
2003-08-21,29.299999,29.320000,28.900000,29.110001,10.242427,686700
2003-08-22,29.230000,29.230000,28.500000,28.510000,10.031315,649900
2003-08-25,28.549999,28.549999,28.030001,28.350000,9.975022,597200
2003-08-26,28.350000,28.740000,28.110001,28.740000,10.112242,412000
2003-08-27,28.639999,29.070000,28.639999,28.959999,10.189656,537100
2003-08-28,28.959999,28.990000,28.620001,28.900000,10.168545,600600
2003-08-29,28.900000,29.090000,28.750000,29.080000,10.231875,620600
2003-09-02,29.200001,29.379999,28.959999,29.350000,10.326877,917200
2003-09-03,29.450001,29.639999,29.320000,29.600000,10.414835,1166000
2003-09-04,29.600000,29.790001,29.540001,29.610001,10.418355,730700
2003-09-05,29.500000,29.520000,29.260000,29.400000,10.344465,613700
2003-09-08,29.389999,29.559999,29.200001,29.400000,10.344465,538300
2003-09-09,29.299999,29.410000,29.100000,29.350000,10.326877,643400
2003-09-10,29.250000,29.290001,28.780001,28.980000,10.196689,638600
2003-09-11,29.150000,29.510000,29.150000,29.400000,10.344465,917300
2003-09-12,29.400000,29.590000,29.030001,29.500000,10.379654,829100
2003-09-15,29.400000,29.500000,29.230000,29.350000,10.326877,493300
2003-09-16,29.309999,29.600000,29.309999,29.590000,10.411319,878300
2003-09-17,29.250000,29.250000,28.700001,28.969999,10.344546,1898700
2003-09-18,29.100000,29.440001,29.030001,29.250000,10.444523,1687500
2003-09-19,29.350000,29.530001,29.299999,29.420000,10.505231,1340000
2003-09-22,29.400000,29.410000,29.010000,29.299999,10.462382,813800
2003-09-23,29.250000,29.500000,29.200001,29.480000,10.526654,544300
2003-09-24,29.400000,29.490000,29.010000,29.100000,10.390968,527800
2003-09-25,29.100000,29.280001,28.900000,29.110001,10.394533,567400
2003-09-26,29.049999,29.100000,28.750000,29.049999,10.373111,701200
2003-09-29,29.049999,29.280001,29.000000,29.280001,10.455240,627800
2003-09-30,29.120001,29.430000,28.840000,29.280001,10.455240,1250600
2003-10-01,29.400000,29.549999,29.180000,29.500000,10.533798,1018300
2003-10-02,29.500000,29.650000,29.400000,29.549999,10.551653,1182900
2003-10-03,29.700001,30.010000,29.590000,29.590000,10.565933,1179600
2003-10-06,29.690001,30.000000,29.670000,30.000000,10.712331,959000
2003-10-07,30.000000,30.010000,29.700001,29.770000,10.630205,758800
2003-10-08,29.750000,29.879999,29.600000,29.870001,10.665914,698100
2003-10-09,29.879999,30.070000,29.650000,29.860001,10.662345,755600
2003-10-10,29.990000,30.160000,29.910000,29.950001,10.694485,573300
2003-10-13,30.100000,30.299999,30.049999,30.049999,10.730191,530100
2003-10-14,29.950001,30.059999,29.420000,29.700001,10.605212,893800
2003-10-15,29.799999,29.850000,29.549999,29.650000,10.587355,987300
2003-10-16,29.670000,29.850000,29.620001,29.799999,10.640919,586400
2003-10-17,29.799999,29.870001,29.170000,29.180000,10.419533,630700
2003-10-20,29.100000,29.510000,29.100000,29.290001,10.458810,475800
2003-10-21,29.379999,29.680000,29.230000,29.549999,10.551653,678500
2003-10-22,29.540001,29.540001,28.959999,29.170000,10.415961,611200
2003-10-23,29.180000,29.180000,28.670000,28.950001,10.337402,583500
2003-10-24,28.950001,28.950001,28.520000,28.850000,10.301694,433300
2003-10-27,28.860001,29.580000,28.860001,29.110001,10.394533,603400
2003-10-28,29.080000,29.150000,28.030001,28.580000,10.205283,960400
2003-10-29,28.650000,29.049999,28.510000,29.020000,10.362397,519900
2003-10-30,29.040001,29.379999,29.040001,29.379999,10.490950,517300
2003-10-31,29.379999,29.620001,29.070000,29.250000,10.444523,578000
2003-11-03,29.250000,29.620001,29.250000,29.580000,10.562365,727200
2003-11-04,29.580000,29.700001,28.850000,29.160000,10.412394,1179100
2003-11-05,29.160000,29.160000,28.299999,28.730000,10.258844,1063700
2003-11-06,28.730000,29.030001,28.469999,28.950001,10.337402,926500
2003-11-07,28.900000,29.270000,28.650000,28.950001,10.337402,717400
2003-11-10,28.900000,28.980000,28.680000,28.799999,10.283844,759000
2003-11-11,28.780001,28.850000,28.500000,28.600000,10.212430,471800
2003-11-12,28.700001,28.930000,28.540001,28.930000,10.330262,797600
2003-11-13,28.930000,28.940001,28.690001,28.850000,10.301694,405300
2003-11-14,28.770000,29.250000,28.770000,29.110001,10.394533,443500
2003-11-17,29.110001,29.110001,28.850000,28.950001,10.337402,708400
2003-11-18,29.100000,29.200001,28.910000,29.120001,10.398106,824700
2003-11-19,29.150000,29.219999,28.990000,29.010000,10.358825,1025100
2003-11-20,29.010000,29.020000,28.500000,28.709999,10.251698,773000
2003-11-21,29.000000,29.010000,28.540001,28.610001,10.215993,1345100
2003-11-24,28.750000,28.879999,28.570000,28.830000,10.294550,715100
2003-11-25,29.000000,29.459999,28.990000,29.370001,10.487375,1353000
2003-11-26,29.620001,29.639999,29.270000,29.500000,10.533798,603500
2003-11-28,29.580000,29.650000,29.360001,29.360001,10.483808,172100
2003-12-01,29.450001,29.670000,29.450001,29.600000,10.569502,811000
2003-12-02,29.650000,29.799999,29.500000,29.690001,10.601642,1210300
2003-12-03,29.700001,29.799999,29.520000,29.540001,10.548076,647900
2003-12-04,29.600000,29.600000,29.219999,29.299999,10.462382,890100
2003-12-05,29.299999,29.360001,29.200001,29.240000,10.440952,996000
2003-12-08,29.250000,29.330000,29.219999,29.260000,10.448097,599700
2003-12-09,29.330000,29.559999,29.270000,29.420000,10.505231,640300
2003-12-10,29.480000,29.530001,29.299999,29.320000,10.469524,542100
2003-12-11,29.330000,29.620001,29.330000,29.549999,10.551653,1158000
2003-12-12,29.650000,29.879999,29.590000,29.799999,10.640919,1086200
2003-12-15,30.000000,30.000000,29.600000,29.600000,10.569502,852200
2003-12-16,29.719999,29.980000,29.559999,29.950001,10.694485,1698100
2003-12-17,29.520000,29.600000,29.360001,29.500000,10.688323,922000
2003-12-18,29.480000,29.650000,29.340000,29.440001,10.666582,767600
2003-12-19,29.340000,29.459999,29.320000,29.370001,10.641220,948300
2003-12-22,29.370001,29.440001,29.260000,29.350000,10.633977,752300
2003-12-23,29.280001,29.500000,29.250000,29.320000,10.623106,672400
2003-12-24,29.309999,29.520000,29.309999,29.480000,10.681074,548100
2003-12-26,29.510000,29.610001,29.320000,29.400000,10.652089,218700
2003-12-29,29.559999,29.700001,29.260000,29.600000,10.724552,677000
2003-12-30,29.600000,29.850000,29.540001,29.650000,10.742664,875600
2003-12-31,29.680000,29.879999,29.490000,29.510000,10.691943,1024800
2004-01-02,29.510000,29.680000,29.340000,29.530001,10.699188,1085400
2004-01-05,29.700001,29.900000,29.400000,29.520000,10.695568,1327700
2004-01-06,29.520000,29.680000,29.389999,29.629999,10.735419,782600
2004-01-07,29.719999,29.750000,29.309999,29.400000,10.652089,1089600
2004-01-08,29.480000,29.530001,29.219999,29.490000,10.684700,2202800
2004-01-09,29.510000,29.510000,29.299999,29.400000,10.652089,1585200
2004-01-12,29.400000,29.480000,29.150000,29.250000,10.597737,811500
2004-01-13,29.400000,29.500000,28.750000,28.930000,10.481802,1672900
2004-01-14,28.830000,29.100000,28.830000,29.070000,10.532524,912300
2004-01-15,29.129999,29.180000,28.840000,29.150000,10.561510,686400
2004-01-16,29.299999,29.299999,28.760000,28.760000,10.420206,671300
2004-01-20,28.750000,28.910000,28.450001,28.490000,10.322380,898300
2004-01-21,28.370001,28.500000,28.350000,28.450001,10.307893,750900
2004-01-22,28.450001,29.240000,28.309999,28.440001,10.304269,1346300
2004-01-23,28.969999,28.990000,28.709999,28.980000,10.499916,894200
2004-01-26,28.980000,29.090000,28.780001,29.070000,10.532524,859300
2004-01-27,29.150000,29.370001,29.100000,29.250000,10.597737,1010800
2004-01-28,29.250000,29.600000,29.200001,29.330000,10.626729,1141000
2004-01-29,29.330000,29.620001,29.200001,29.549999,10.706439,802800
2004-01-30,29.549999,29.549999,29.020000,29.100000,10.543398,1325900
2004-02-02,29.200001,29.440001,29.120001,29.350000,10.633977,911500
2004-02-03,29.379999,29.660000,29.049999,29.090000,10.539773,965200
2004-02-04,29.090000,29.090000,28.400000,28.440001,10.304269,901200
2004-02-05,28.440001,28.950001,28.440001,28.799999,10.434702,892200
2004-02-06,28.860001,29.400000,28.650000,29.340000,10.630348,920400
2004-02-09,29.250000,29.280001,28.900000,29.260000,10.601365,1393200
2004-02-10,29.260000,29.620001,29.240000,29.549999,10.706439,998600
2004-02-11,29.540001,29.740000,29.370001,29.700001,10.760785,1579800
2004-02-12,29.700001,29.700001,29.320000,29.410000,10.655711,735100
2004-02-13,29.410000,29.490000,28.870001,28.969999,10.496296,1155100
2004-02-17,29.170000,29.350000,29.030001,29.170000,10.568758,630700
2004-02-18,29.370001,29.440001,29.100000,29.150000,10.561510,694400
2004-02-19,29.309999,29.340000,29.000000,29.299999,10.615859,934900
2004-02-20,29.490000,29.490000,29.100000,29.230000,10.590497,990000
2004-02-23,29.309999,29.500000,29.150000,29.290001,10.612234,633200
2004-02-24,28.950001,29.309999,28.920000,29.290001,10.612234,1235200
2004-02-25,29.270000,29.540001,29.270000,29.500000,10.688323,1911100
2004-02-26,29.650000,29.790001,29.600000,29.719999,10.768031,1716600
2004-02-27,29.790001,29.870001,29.670000,29.750000,10.778901,940300
2004-03-01,29.900000,30.250000,29.860001,30.190001,10.938316,1791600
2004-03-02,30.200001,30.520000,30.150000,30.520000,11.057884,1067900
2004-03-03,30.500000,31.070000,30.360001,30.840000,11.173826,1883200
2004-03-04,30.799999,30.799999,30.480000,30.600000,11.086868,1123400
2004-03-05,30.500000,30.870001,30.500000,30.719999,11.130346,1173100
2004-03-08,30.719999,30.850000,30.510000,30.740000,11.137594,940300
2004-03-09,30.730000,30.840000,30.670000,30.840000,11.173826,880700
2004-03-10,30.780001,31.100000,30.400000,30.459999,11.036142,1713200
2004-03-11,30.459999,30.459999,29.600000,29.620001,10.731801,1048700
2004-03-12,29.750000,29.940001,29.660000,29.850000,10.815134,749000
2004-03-15,29.860001,30.049999,29.549999,29.840000,10.811508,660600
2004-03-16,29.900000,30.070000,29.790001,29.990000,10.865859,921300
2004-03-17,29.650000,30.320000,29.559999,30.320000,11.146353,1894500
2004-03-18,30.299999,30.299999,29.959999,30.030001,11.039743,1326400
2004-03-19,30.020000,30.379999,30.000000,30.190001,11.098559,987000
2004-03-22,29.750000,30.090000,29.700001,30.000000,11.028710,1096700
2004-03-23,30.020000,30.100000,29.850000,30.049999,11.047097,866100
2004-03-24,30.020000,30.190001,29.650000,29.740000,10.933132,1066000
2004-03-25,29.850000,29.959999,29.809999,29.920000,10.999301,1066600
2004-03-26,29.990000,29.990000,29.250000,29.250000,10.752991,1040000
2004-03-29,29.299999,29.639999,29.049999,29.500000,10.844904,766400
2004-03-30,29.549999,29.610001,29.360001,29.610001,10.885340,717100
2004-03-31,29.600000,29.850000,29.389999,29.850000,10.973572,1017300
2004-04-01,29.990000,30.209999,29.870001,30.209999,11.105915,1273200
2004-04-02,30.459999,31.110001,30.240000,30.870001,11.348544,2173900
2004-04-05,30.850000,30.860001,29.530001,29.530001,10.855927,2992600
2004-04-06,29.500000,29.600000,28.750000,28.959999,10.646390,2301400
2004-04-07,28.910000,29.700001,28.549999,29.030001,10.672121,2749900
2004-04-08,29.040001,29.240000,28.610001,28.650000,10.532418,1059300
2004-04-12,28.629999,28.639999,26.650000,27.760000,10.205234,2326000
2004-04-13,27.950001,28.389999,26.840000,27.510000,10.113331,2072900
2004-04-14,27.250000,28.110001,27.000000,27.420000,10.080241,1852300
2004-04-15,27.350000,28.040001,27.299999,28.040001,10.308175,1154300
2004-04-16,28.040001,28.280001,27.850000,28.000000,10.293468,1205300
2004-04-19,27.650000,28.270000,27.350000,28.120001,10.337582,934800
2004-04-20,28.200001,28.200001,27.290001,27.290001,10.032453,1194500
2004-04-21,27.150000,27.690001,27.010000,27.450001,10.091274,1002500
2004-04-22,27.299999,28.209999,27.030001,27.719999,10.190527,1191900
2004-04-23,27.750000,27.770000,27.250000,27.450001,10.091274,937100
2004-04-26,27.440001,28.170000,27.440001,27.959999,10.278759,888100
2004-04-27,27.889999,28.400000,27.889999,28.240000,10.381697,1127100
2004-04-28,28.250000,28.440001,27.889999,28.049999,10.311843,1054900
2004-04-29,28.000000,28.420000,27.280001,27.730000,10.194202,1026700
2004-04-30,27.980000,28.209999,27.440001,27.459999,10.094946,1198600
2004-05-03,27.500000,28.020000,27.260000,28.000000,10.293468,1517500
2004-05-04,27.969999,28.889999,27.910000,28.559999,10.499333,1508900
2004-05-05,28.459999,28.950001,28.459999,28.520000,10.484630,1579100
2004-05-06,28.299999,28.370001,27.889999,28.150000,10.348607,1227600
2004-05-07,28.000000,28.110001,27.340000,27.350000,10.054509,2460300
2004-05-10,27.250000,27.650000,26.680000,27.340000,10.050835,1538400
2004-05-11,27.280001,27.770000,27.170000,27.440001,10.087598,948900
2004-05-12,27.260000,27.510000,26.920000,27.450001,10.091274,986000
2004-05-13,27.350000,27.590000,27.070000,27.400000,10.072892,1138000
2004-05-14,27.400000,27.820000,27.219999,27.469999,10.098624,1168600
2004-05-17,27.219999,27.719999,27.020000,27.590000,10.142739,1460800
2004-05-18,27.600000,27.930000,27.490000,27.930000,10.267733,1187300
2004-05-19,27.900000,28.350000,27.150000,27.290001,10.032453,1457000
2004-05-20,27.620001,28.049999,27.379999,27.750000,10.201560,1630900
2004-05-21,28.049999,28.250000,27.760000,27.879999,10.249348,1034400
2004-05-24,28.059999,28.309999,27.950001,28.120001,10.337582,848600
2004-05-25,28.000000,28.770000,28.000000,28.770000,10.576537,1047700
2004-05-26,28.770000,29.100000,28.480000,29.049999,10.679470,1036100
2004-05-27,29.100000,29.700001,28.920000,29.200001,10.734618,986000
2004-05-28,29.150000,29.620001,29.129999,29.440001,10.822845,1067400
2004-06-01,29.459999,29.520000,28.730000,29.200001,10.734618,1054500
2004-06-02,29.150000,29.670000,29.080000,29.670000,10.907403,952100
2004-06-03,29.420000,29.770000,29.129999,29.240000,10.749316,881300
2004-06-04,29.450001,29.780001,29.240000,29.400000,10.808138,797800
2004-06-07,29.400000,29.620001,29.330000,29.510000,10.848577,558200
2004-06-08,29.610001,29.650000,29.209999,29.610001,10.885340,767400
2004-06-09,29.559999,29.990000,29.510000,29.670000,10.907403,1002000
2004-06-10,29.639999,29.730000,29.430000,29.490000,10.841228,530700
2004-06-14,29.100000,29.139999,28.860001,28.959999,10.646390,1409500
2004-06-15,29.049999,29.450001,29.049999,29.410000,10.811813,1249700
2004-06-16,28.900000,29.200001,28.750000,29.129999,10.868901,711100
2004-06-17,29.000000,29.120001,28.660000,28.900000,10.783084,1378600
2004-06-18,28.620001,28.969999,28.620001,28.770000,10.734579,1059100
2004-06-21,28.809999,29.370001,28.770000,29.270000,10.921139,973700
2004-06-22,29.370001,29.459999,29.160000,29.420000,10.977107,701500
2004-06-23,29.299999,29.660000,29.299999,29.660000,11.066653,733200
2004-06-24,29.500000,29.850000,29.500000,29.750000,11.100232,881800
2004-06-25,29.799999,30.020000,29.709999,30.000000,11.193512,896200
2004-06-28,30.230000,30.330000,29.879999,30.059999,11.215899,814500
2004-06-29,29.959999,29.969999,29.410000,29.420000,10.977107,1066600
2004-06-30,29.410000,29.920000,29.370001,29.730000,11.092771,1107500
2004-07-01,29.740000,29.950001,29.500000,29.799999,11.118890,793500
2004-07-02,29.889999,30.490000,29.889999,30.250000,11.286797,952400
2004-07-06,30.350000,30.500000,29.770000,30.350000,11.324106,657000
2004-07-07,30.299999,30.490000,30.180000,30.420000,11.350221,863000
2004-07-08,30.420000,30.639999,29.870001,29.870001,11.145006,959900
2004-07-09,30.120001,30.200001,29.650000,30.059999,11.215899,726200
2004-07-12,30.120001,30.280001,29.910000,30.250000,11.286797,428800
2004-07-13,30.250000,30.250000,29.930000,30.049999,11.212173,617400
2004-07-14,30.049999,30.219999,30.000000,30.219999,11.275598,616000
2004-07-15,30.219999,30.540001,30.190001,30.530001,11.391271,1310000
2004-07-16,30.950001,30.950001,30.430000,30.469999,11.368883,639200
2004-07-19,30.520000,30.780001,30.350000,30.610001,11.421110,688500
2004-07-20,30.700001,30.700001,30.490000,30.559999,11.402461,1461600
2004-07-21,30.650000,30.820000,30.230000,30.299999,11.305448,584100
2004-07-22,30.200001,30.250000,29.670000,29.690001,11.077846,964000
2004-07-23,29.620001,29.750000,29.350000,29.350000,10.950987,709000
2004-07-26,29.299999,29.350000,29.049999,29.170000,10.883823,523700
2004-07-27,29.170000,29.549999,28.969999,29.080000,10.850249,488600
2004-07-28,29.080000,29.660000,28.740000,29.450001,10.988303,749600
2004-07-29,29.450001,30.000000,29.330000,29.360001,10.954720,480700
2004-07-30,29.450001,29.790001,29.450001,29.549999,11.025615,997200
2004-08-02,29.570000,29.930000,29.240000,29.930000,11.167400,946100
2004-08-03,29.889999,30.090000,29.680000,29.820000,11.126356,1016700
2004-08-04,29.980000,30.799999,29.639999,30.740000,11.469620,1238900
2004-08-05,30.740000,30.920000,30.490000,30.660000,11.439775,1022900
2004-08-06,30.490000,31.080000,30.170000,30.299999,11.305448,1015100
2004-08-09,30.400000,30.570000,30.200001,30.320000,11.312905,697100
2004-08-10,30.500000,30.639999,30.250000,30.280001,11.297990,1323500
2004-08-11,30.299999,30.389999,30.250000,30.299999,11.305448,1410600
2004-08-12,30.299999,30.299999,29.980000,30.040001,11.208438,767800
2004-08-13,29.950001,30.120001,29.950001,30.000000,11.193512,764600
2004-08-16,30.049999,30.480000,29.969999,30.299999,11.305448,1073500
2004-08-17,30.400000,30.590000,30.150000,30.450001,11.361413,1316300
2004-08-18,30.500000,31.040001,30.480000,31.010000,11.570363,1113200
2004-08-19,30.850000,30.930000,30.400000,30.440001,11.357687,1069400
2004-08-20,30.690001,31.160000,30.650000,31.139999,11.618872,1130400
2004-08-23,31.139999,31.299999,31.000000,31.129999,11.615136,885000
2004-08-24,31.379999,32.189999,31.290001,32.169998,12.003178,1851600
2004-08-25,32.160000,32.419998,31.930000,32.070000,11.965870,1465300
2004-08-26,32.070000,32.349998,32.000000,32.299999,12.051682,803100
2004-08-27,32.349998,32.400002,32.169998,32.270000,12.040490,544000
2004-08-30,32.220001,32.430000,32.040001,32.320000,12.059152,862700
2004-08-31,32.320000,32.660000,32.250000,32.389999,12.085263,1178000
2004-09-01,32.549999,32.779999,32.099998,32.290001,12.047953,1200300
2004-09-02,32.290001,32.389999,32.099998,32.360001,12.074073,837000
2004-09-03,32.349998,32.669998,32.209999,32.630001,12.174811,615800
2004-09-07,32.880001,33.139999,32.660000,33.139999,12.365101,1129400
2004-09-08,33.000000,33.209999,32.830002,32.939999,12.290478,1079300
2004-09-09,32.939999,32.939999,32.150002,32.169998,12.003178,1141800
2004-09-10,32.009998,32.160000,31.639999,32.110001,11.980794,963400
2004-09-13,31.750000,31.889999,31.639999,31.889999,11.898705,1319600
2004-09-14,31.910000,31.940001,31.200001,31.280001,11.671105,1463500
2004-09-15,31.000000,31.360001,30.790001,31.180000,11.797098,1292300
2004-09-16,31.180000,31.459999,31.120001,31.450001,11.899254,1007800
2004-09-17,31.650000,31.680000,31.170000,31.270000,11.831149,1173400
2004-09-20,31.280001,31.280001,30.920000,30.920000,11.698721,666200
2004-09-21,31.000000,31.270000,30.830000,31.080000,11.759260,609600
2004-09-22,30.950001,31.059999,30.639999,30.650000,11.596566,686300
2004-09-23,30.600000,30.740000,30.320000,30.330000,11.475496,914400
2004-09-24,30.400000,30.540001,30.309999,30.420000,11.509546,717400
2004-09-27,30.549999,30.770000,30.299999,30.480000,11.532247,629900
2004-09-28,30.480000,30.680000,30.370001,30.680000,11.607922,730000
2004-09-29,30.600000,30.690001,30.350000,30.680000,11.607922,876700
2004-09-30,30.750000,31.200001,30.639999,31.000000,11.728995,1108000
2004-10-01,31.000000,31.930000,30.860001,31.760000,12.016542,1176900
2004-10-04,31.770000,32.099998,31.760000,31.900000,12.069512,723800
2004-10-05,31.950001,32.189999,31.850000,32.020000,12.114906,1380800
2004-10-06,32.029999,32.150002,32.000000,32.150002,12.164097,535700
2004-10-07,32.139999,32.200001,31.820000,31.860001,12.054379,665900
2004-10-08,31.959999,32.139999,31.870001,32.119999,12.152745,801700
2004-10-11,32.220001,32.340000,31.990000,32.070000,12.133833,452900
2004-10-12,32.000000,32.439999,32.000000,32.439999,12.273823,594800
2004-10-13,32.340000,32.480000,32.250000,32.279999,12.213285,904600
2004-10-14,32.430000,32.680000,32.290001,32.680000,12.364630,771700
2004-10-15,32.930000,33.250000,32.700001,33.169998,12.550022,1100500
2004-10-18,33.119999,33.560001,33.070000,33.380001,12.629478,901800
2004-10-19,33.389999,33.939999,32.950001,32.990002,12.481917,1265700
2004-10-20,32.900002,33.000000,32.220001,32.880001,12.440296,1185000
2004-10-21,32.980000,33.700001,32.790001,33.700001,12.750546,1247600
2004-10-22,33.740002,34.020000,33.480000,33.540001,12.690011,815300
2004-10-25,33.450001,33.459999,32.919998,32.959999,12.470565,720700
2004-10-26,32.990002,33.509998,32.910000,33.509998,12.678661,870700
2004-10-27,33.410000,33.790001,33.360001,33.790001,12.784595,710700
2004-10-28,33.599998,33.770000,33.400002,33.599998,12.712718,907600
2004-10-29,33.650002,33.750000,33.250000,33.349998,12.618123,1059300
2004-11-01,33.549999,33.860001,33.509998,33.750000,12.769464,1057200
2004-11-02,33.750000,33.799999,32.900002,32.970001,12.474348,1476400
2004-11-03,33.630001,33.630001,32.580002,33.130001,12.534895,1243800
2004-11-04,33.320000,33.500000,33.139999,33.500000,12.674882,1218100
2004-11-05,33.490002,33.490002,32.360001,33.000000,12.485699,1643600
2004-11-08,33.099998,33.599998,33.000000,33.459999,12.659742,1078500
2004-11-09,33.549999,33.570000,33.060001,33.240002,12.576507,1104200
2004-11-10,33.200001,33.650002,33.090000,33.500000,12.674882,632600
2004-11-11,33.599998,34.000000,33.540001,33.939999,12.841355,625100
2004-11-12,33.840000,34.830002,33.740002,34.730000,13.140260,1151200
2004-11-15,34.720001,35.349998,34.650002,34.880001,13.197004,1469800
2004-11-16,34.880001,35.090000,34.500000,34.599998,13.091064,1277400
2004-11-17,34.599998,35.049999,33.450001,33.570000,12.701363,1165900
2004-11-18,33.759998,34.060001,33.049999,33.570000,12.701363,1167600
2004-11-19,33.700001,33.750000,33.110001,33.110001,12.527320,818300
2004-11-22,32.919998,33.380001,32.900002,33.259998,12.584071,803500
2004-11-23,33.270000,33.380001,32.910000,33.369999,12.625693,1095300
2004-11-24,33.470001,34.250000,33.430000,34.189999,12.935938,1412800
2004-11-26,34.290001,34.330002,33.840000,33.889999,12.822441,548500
2004-11-29,33.950001,34.150002,33.509998,33.759998,12.773250,950300
2004-11-30,33.950001,33.950001,33.500000,33.709999,12.754337,1084500
2004-12-01,33.810001,34.500000,33.680000,34.380001,13.007832,1084100
2004-12-02,34.380001,34.400002,33.840000,34.150002,12.920813,1309600
2004-12-03,34.150002,34.779999,34.150002,34.779999,13.159172,1277300
2004-12-06,34.700001,35.250000,34.580002,35.060001,13.265112,1483900
2004-12-07,35.060001,35.060001,34.549999,34.619999,13.098633,754100
2004-12-08,34.619999,34.990002,34.480000,34.980000,13.234845,1093100
2004-12-09,34.900002,35.570000,34.720001,35.520000,13.439155,1177400
2004-12-10,36.160000,36.160000,35.279999,35.880001,13.575362,1166600
2004-12-13,35.980000,36.110001,35.740002,35.900002,13.582932,787100
2004-12-14,36.000000,36.169998,35.799999,36.020000,13.628330,1409000
2004-12-15,35.650002,35.980000,35.389999,35.750000,13.690759,887900
2004-12-16,35.750000,35.959999,35.270000,35.360001,13.541403,993700
2004-12-17,35.369999,35.750000,34.950001,35.750000,13.690759,1585300
2004-12-20,35.750000,35.770000,35.180000,35.650002,13.652459,859200
2004-12-21,35.599998,36.250000,35.480000,36.200001,13.863086,1207500
2004-12-22,36.230000,36.480000,36.119999,36.400002,13.939678,877000
2004-12-23,36.400002,36.490002,35.959999,36.000000,13.786490,826600
2004-12-27,36.009998,36.139999,35.650002,36.099998,13.824790,645100
2004-12-28,36.040001,36.320000,35.959999,36.110001,13.828620,803800
2004-12-29,36.119999,36.490002,36.040001,36.450001,13.958827,546300
2004-12-30,36.549999,36.630001,36.330002,36.570000,14.004785,483400
2004-12-31,36.610001,36.750000,36.160000,36.180000,13.855429,1433700
2005-01-03,36.020000,36.369999,35.299999,35.450001,13.575869,1549200
2005-01-04,35.599998,35.939999,35.189999,35.230000,13.491615,1101700
2005-01-05,35.220001,35.299999,33.689999,34.099998,13.058871,2217500
2005-01-06,34.150002,34.590000,33.950001,34.099998,13.058871,1489900
2005-01-07,34.200001,34.320000,33.849998,33.950001,13.001431,1199000
2005-01-10,34.049999,34.180000,33.740002,33.750000,12.924833,928500
2005-01-11,33.700001,33.880001,33.340000,33.360001,12.775486,1106100
2005-01-12,33.310001,33.439999,32.689999,33.330002,12.763993,1091000
2005-01-13,33.330002,34.080002,33.330002,33.630001,12.878887,1513000
2005-01-14,33.799999,34.189999,33.639999,33.840000,12.959305,1020300
2005-01-18,33.849998,34.200001,33.570000,34.200001,13.097170,785600
2005-01-19,34.220001,34.650002,34.009998,34.220001,13.104831,1205500
2005-01-20,34.220001,34.330002,33.759998,33.900002,12.982277,950700
2005-01-21,33.810001,34.060001,33.619999,33.709999,12.909521,757300
2005-01-24,33.779999,34.000000,33.209999,33.299999,12.752509,971300
2005-01-25,33.310001,33.509998,32.570000,32.610001,12.488269,1465200
2005-01-26,32.599998,32.910000,32.349998,32.480000,12.438481,1403600
2005-01-27,32.180000,32.310001,31.840000,31.969999,12.243173,2143900
2005-01-28,31.820000,32.110001,31.719999,31.830000,12.189565,2190700
2005-01-31,31.830000,32.119999,31.059999,31.540001,12.078503,2048100
2005-02-01,31.559999,32.200001,31.440001,32.060001,12.277638,1425700
2005-02-02,31.850000,32.320000,31.610001,32.000000,12.254664,1658600
2005-02-03,31.799999,32.430000,31.750000,31.760000,12.162750,1036000
2005-02-04,32.049999,32.279999,31.240000,32.209999,12.335080,2393200
2005-02-07,32.110001,32.700001,32.000000,32.209999,12.335080,1020500
2005-02-08,32.209999,32.349998,32.099998,32.320000,12.377208,1053100
2005-02-09,32.419998,32.799999,32.310001,32.680000,12.515072,1131300
2005-02-10,32.740002,32.930000,32.500000,32.880001,12.591662,833100
2005-02-11,32.880001,32.990002,32.529999,32.930000,12.610812,759300
2005-02-14,32.980000,33.150002,32.709999,32.860001,12.584005,697600
2005-02-15,32.959999,33.310001,32.860001,33.099998,12.675916,1143800
2005-02-16,33.090000,33.450001,32.750000,33.220001,12.721873,851600
2005-02-17,33.340000,33.639999,33.240002,33.549999,12.848249,1510600
2005-02-18,33.560001,33.709999,33.020000,33.389999,12.786973,1258900
2005-02-22,33.389999,33.389999,32.500000,32.590000,12.480616,1230000
2005-02-23,32.340000,32.700001,31.870001,32.049999,12.273807,1398500
2005-02-24,32.049999,32.220001,31.950001,32.150002,12.312108,699300
2005-02-25,31.969999,32.860001,31.969999,32.820000,12.568686,1189600
2005-02-28,32.770000,32.849998,32.279999,32.810001,12.564856,1338700
2005-03-01,32.810001,33.200001,32.750000,33.049999,12.656769,857400
2005-03-02,32.950001,33.119999,32.540001,32.930000,12.610812,663500
2005-03-03,32.950001,33.290001,32.910000,33.250000,12.733359,614100
2005-03-04,33.270000,34.060001,33.270000,34.009998,13.024405,1307200
2005-03-07,34.240002,34.459999,33.799999,34.169998,13.085682,873100
2005-03-08,34.150002,34.250000,33.880001,34.160000,13.081856,934700
2005-03-09,33.959999,33.959999,32.900002,32.950001,12.618473,1132700
2005-03-10,33.119999,33.529999,32.799999,33.459999,12.813777,1087600
2005-03-11,33.369999,33.380001,32.430000,32.430000,12.419333,1135400
2005-03-14,32.529999,33.189999,32.400002,33.189999,12.710386,803500
2005-03-15,33.389999,33.669998,32.900002,33.299999,12.752509,1236000
2005-03-16,32.939999,32.980000,32.049999,32.230000,12.505349,1805500
2005-03-17,32.250000,32.639999,32.250000,32.529999,12.621752,796200
2005-03-18,32.619999,32.669998,32.119999,32.299999,12.532514,1179500
2005-03-21,32.150002,32.290001,31.750000,31.870001,12.365669,669600
2005-03-22,31.910000,32.389999,31.200001,31.200001,12.105707,1208200
2005-03-23,31.209999,31.770000,30.700001,31.440001,12.198826,1307900
2005-03-24,31.590000,32.150002,31.270000,31.270000,12.132866,894500
2005-03-28,31.900000,31.900000,31.389999,31.389999,12.179427,1282500
2005-03-29,31.290001,31.830000,31.280001,31.549999,12.241509,915300
2005-03-30,31.600000,32.250000,31.600000,32.250000,12.513112,1065100
2005-03-31,32.349998,32.840000,32.180000,32.209999,12.497586,1226700
2005-04-01,33.000000,33.000000,31.860001,32.099998,12.454905,1422900
2005-04-04,31.980000,32.060001,31.700001,31.850000,12.357906,1837800
2005-04-05,31.870001,31.980000,31.670000,31.860001,12.361786,886000
2005-04-06,31.980000,32.349998,31.959999,32.200001,12.493706,1111400
2005-04-07,32.250000,32.660000,32.169998,32.619999,12.656672,1154500
2005-04-08,32.750000,32.799999,32.040001,32.040001,12.431626,1305700
2005-04-11,32.209999,32.330002,32.000000,32.250000,12.513112,527400
2005-04-12,32.119999,32.700001,31.940001,32.560001,12.633390,897800
2005-04-13,32.500000,32.750000,32.250000,32.430000,12.582949,858600
2005-04-14,32.360001,32.450001,31.809999,32.049999,12.435507,785500
2005-04-15,31.900000,32.200001,31.840000,31.959999,12.400587,750600
2005-04-18,31.959999,32.150002,31.500000,31.940001,12.392826,892600
2005-04-19,31.740000,32.209999,31.730000,32.099998,12.454905,969400
2005-04-20,32.080002,32.310001,31.809999,31.990000,12.412223,709100
2005-04-21,32.029999,32.279999,31.730000,32.270000,12.520871,551100
2005-04-22,32.169998,32.939999,32.080002,32.910000,12.769189,1392500
2005-04-25,32.980000,33.419998,32.950001,33.389999,12.955433,1186700
2005-04-26,33.389999,33.700001,33.270000,33.470001,12.986476,970700
2005-04-27,33.389999,33.950001,33.200001,33.750000,13.095108,1213100
2005-04-28,33.549999,33.599998,33.290001,33.419998,12.967072,1453200
2005-04-29,34.119999,34.349998,33.700001,34.349998,13.327913,1487700
2005-05-02,34.330002,34.439999,33.189999,34.400002,13.347319,1730600
2005-05-03,34.419998,34.490002,34.009998,34.310001,13.312395,736000
2005-05-04,34.290001,34.770000,34.130001,34.720001,13.471478,815800
2005-05-05,34.770000,35.029999,34.549999,34.900002,13.541316,902100
2005-05-06,34.830002,35.009998,33.950001,34.490002,13.382241,1227700
2005-05-09,34.430000,35.310001,34.430000,35.209999,13.661599,1086800
2005-05-10,35.209999,35.270000,34.810001,35.110001,13.622798,968500
2005-05-11,35.320000,35.529999,34.790001,35.529999,13.785757,1323200
2005-05-12,35.630001,35.650002,35.080002,35.340000,13.712037,1123700
2005-05-13,35.450001,35.500000,34.680000,34.900002,13.541316,1011500
2005-05-16,34.869999,35.349998,34.869999,35.349998,13.715918,810300
2005-05-17,35.200001,35.439999,34.990002,35.360001,13.719802,961800
2005-05-18,35.799999,35.860001,35.380001,35.619999,13.820674,1053800
2005-05-19,36.590000,36.590000,35.970001,36.220001,14.053486,1362900
2005-05-20,36.400002,36.599998,35.950001,36.599998,14.200927,1344000
2005-05-23,36.470001,36.730000,36.310001,36.500000,14.162125,924600
2005-05-24,36.400002,36.500000,35.889999,36.200001,14.045722,1027400
2005-05-25,36.000000,36.189999,35.599998,35.759998,13.875001,1074600
2005-05-26,35.910000,36.110001,35.590000,35.810001,13.894401,964500
2005-05-27,35.970001,36.020000,35.700001,35.930000,13.940957,593300
2005-05-31,35.980000,36.169998,35.849998,35.900002,13.929318,1151500
2005-06-01,36.040001,36.209999,35.900002,36.189999,14.041847,2826700
2005-06-02,36.119999,36.240002,35.980000,36.119999,14.014682,722500
2005-06-03,36.230000,36.450001,35.900002,36.049999,13.987518,1812000
2005-06-06,36.090000,36.240002,36.000000,36.200001,14.045722,927800
2005-06-07,36.270000,37.110001,36.270000,36.560001,14.185400,977500
2005-06-08,36.900002,37.139999,36.799999,36.910000,14.321210,880100
2005-06-09,36.910000,36.910000,36.490002,36.590000,14.197045,1157400
2005-06-10,36.560001,36.720001,36.340000,36.570000,14.189288,584300
2005-06-13,36.400002,36.930000,36.299999,36.849998,14.297923,1075200
2005-06-14,36.799999,37.070000,36.689999,36.900002,14.317329,1146800
2005-06-15,36.660000,36.689999,36.200001,36.549999,14.349911,1851500
2005-06-16,36.680000,36.720001,36.220001,36.610001,14.373471,647000
2005-06-17,36.900002,37.570000,36.669998,37.299999,14.644367,2085800
2005-06-20,37.099998,37.369999,37.009998,37.200001,14.605104,704900
2005-06-21,37.250000,37.330002,36.599998,36.790001,14.444146,1034800
2005-06-22,36.990002,37.189999,36.500000,36.650002,14.389172,876500
2005-06-23,36.610001,36.820000,36.349998,36.459999,14.314577,902200
2005-06-24,36.360001,36.660000,36.110001,36.250000,14.232129,826100
2005-06-27,36.259998,36.500000,36.250000,36.250000,14.232129,566400
2005-06-28,36.279999,36.790001,36.169998,36.700001,14.408804,826000
2005-06-29,36.790001,37.150002,36.759998,36.910000,14.491249,921000
2005-06-30,37.160000,37.200001,36.700001,36.820000,14.455912,1307700
2005-07-01,36.919998,37.419998,36.799999,37.380001,14.675778,1051500
2005-07-05,37.380001,38.119999,37.200001,38.000000,14.919196,1467200
2005-07-06,38.040001,38.330002,37.990002,38.000000,14.919196,1336800
2005-07-07,37.750000,38.480000,37.509998,38.439999,15.091946,1220400
2005-07-08,38.439999,39.130001,38.340000,38.910000,15.276477,1109100
2005-07-11,39.160000,39.700001,39.020000,39.529999,15.519896,1217300
2005-07-12,39.529999,39.849998,39.360001,39.669998,15.574863,857000
2005-07-13,39.849998,39.849998,39.310001,39.400002,15.468851,1068700
2005-07-14,39.650002,39.779999,38.830002,38.919998,15.280396,1758800
2005-07-15,39.000000,39.040001,38.590000,38.840000,15.248986,1614400
2005-07-18,38.880001,39.040001,38.619999,38.779999,15.225437,1544200
2005-07-19,38.980000,39.279999,38.900002,39.169998,15.378551,751100
2005-07-20,39.169998,39.549999,38.840000,39.400002,15.468851,1000100
2005-07-21,39.049999,39.400002,38.750000,39.009998,15.315733,1391500
2005-07-22,38.990002,39.220001,38.799999,38.970001,15.300035,1105400
2005-07-25,38.919998,39.220001,38.910000,39.150002,15.370697,795400
2005-07-26,39.099998,39.619999,39.020000,39.540001,15.523813,1108500
2005-07-27,39.599998,39.700001,39.099998,39.549999,15.527736,1001000
2005-07-28,39.700001,40.740002,39.590000,40.500000,15.900721,1553300
2005-07-29,40.459999,40.560001,40.230000,40.400002,15.861468,1308200
2005-08-01,40.480000,40.500000,40.090000,40.160000,15.767234,904000
2005-08-02,40.240002,40.669998,40.110001,40.580002,15.932138,1386900
2005-08-03,40.400002,40.549999,40.099998,40.400002,15.861468,1579600
2005-08-04,40.189999,40.189999,39.480000,39.509998,15.512042,1048700
2005-08-05,39.290001,39.290001,37.360001,38.000000,14.919196,1965900
2005-08-08,37.400002,37.500000,36.349998,36.560001,14.353837,2029300
2005-08-09,36.650002,37.349998,36.529999,36.880001,14.479475,1679800
2005-08-10,37.049999,37.689999,37.049999,37.250000,14.624740,1859700
2005-08-11,37.200001,37.380001,36.959999,37.349998,14.663999,849800
2005-08-12,37.250000,37.759998,37.080002,37.480000,14.715036,651900
2005-08-15,37.400002,38.240002,37.200001,37.970001,14.907416,807900
2005-08-16,38.090000,38.669998,38.000000,38.299999,15.036981,1639600
2005-08-17,38.150002,38.250000,37.820000,37.889999,14.876010,1171700
2005-08-18,37.750000,37.830002,37.270000,37.540001,14.738591,782600
2005-08-19,37.849998,37.849998,37.020000,37.130001,14.577633,987000
2005-08-22,37.099998,37.419998,36.779999,37.060001,14.550142,1175500
2005-08-23,37.060001,37.389999,36.980000,37.009998,14.530514,1042100
2005-08-24,37.049999,37.560001,37.049999,37.160000,14.589407,1307300
2005-08-25,37.320000,37.639999,36.950001,37.549999,14.742523,1268300
2005-08-26,37.560001,37.860001,37.130001,37.139999,14.581553,1454500
2005-08-29,37.049999,37.250000,36.700001,37.049999,14.546222,1259400
2005-08-30,36.790001,37.160000,36.709999,37.080002,14.557989,1488400
2005-08-31,37.080002,37.830002,37.000000,37.770000,14.828902,1549500
2005-09-01,37.770000,38.459999,37.540001,38.000000,14.919196,1913500
2005-09-02,38.049999,38.459999,37.900002,38.160000,14.982015,1389500
2005-09-06,38.450001,39.169998,38.349998,39.160000,15.374624,1777200
2005-09-07,39.099998,39.150002,38.599998,39.119999,15.358917,1621000
2005-09-08,38.900002,39.320000,38.820000,39.000000,15.311814,1272500
2005-09-09,39.049999,39.419998,39.049999,39.299999,15.429588,1161600
2005-09-12,39.299999,39.360001,39.040001,39.130001,15.362848,991900
2005-09-13,39.029999,39.110001,38.619999,38.709999,15.197950,1393200
2005-09-14,38.709999,38.930000,38.570000,38.700001,15.194032,1135300
2005-09-15,38.119999,38.660000,38.119999,38.590000,15.322272,1382700
2005-09-16,38.599998,38.759998,38.230000,38.750000,15.385803,1699500
2005-09-19,38.599998,38.730000,38.180000,38.240002,15.183306,776400
2005-09-20,38.240002,38.450001,37.830002,37.889999,15.044335,1027500
2005-09-21,37.689999,37.830002,37.099998,37.169998,14.758455,1576600
2005-09-22,37.169998,37.349998,36.570000,37.220001,14.778312,1964300
2005-09-23,37.220001,37.400002,36.750000,37.230000,14.782281,1364000
2005-09-26,37.230000,37.549999,37.230000,37.349998,14.829926,762800
2005-09-27,37.360001,37.500000,36.740002,37.299999,14.810072,1458200
2005-09-28,37.299999,37.400002,36.540001,36.939999,14.667130,1330900
2005-09-29,36.700001,37.400002,36.509998,37.029999,14.702874,1461300
2005-09-30,37.040001,37.950001,36.990002,37.849998,15.028449,1309100
2005-10-03,37.799999,38.430000,37.700001,38.290001,15.203150,1599400
2005-10-04,38.290001,38.290001,37.720001,37.750000,14.988753,1343100
2005-10-05,37.549999,37.610001,37.099998,37.400002,14.849781,1977100
2005-10-06,37.400002,37.869999,36.939999,37.480000,14.881540,1647300
2005-10-07,37.150002,37.250000,36.619999,36.950001,14.671102,2251500
2005-10-10,37.000000,37.000000,36.410000,36.580002,14.524198,1168800
2005-10-11,36.750000,36.970001,36.330002,36.619999,14.540073,1790800
2005-10-12,36.419998,36.570000,35.610001,36.000000,14.293908,1476800
2005-10-13,35.950001,36.480000,35.520000,36.040001,14.309788,1144300
2005-10-14,36.340000,37.119999,36.299999,37.049999,14.710814,1171100
2005-10-17,37.049999,37.439999,36.880001,37.400002,14.849781,867100
2005-10-18,37.299999,37.810001,37.029999,37.310001,14.814044,1129300
2005-10-19,37.150002,38.040001,36.810001,38.029999,15.099922,1526900
2005-10-20,38.009998,38.189999,37.369999,37.470001,14.877575,1344700
2005-10-21,37.599998,38.049999,37.419998,38.040001,15.103903,1705900
2005-10-24,38.290001,39.060001,38.240002,38.799999,15.405656,1394100
2005-10-25,38.700001,38.970001,38.349998,38.820000,15.413589,1777700
2005-10-26,38.599998,39.279999,38.500000,38.820000,15.413589,1311700
2005-10-27,38.799999,38.910000,38.290001,38.299999,15.207127,1116200
2005-10-28,38.639999,39.540001,38.450001,39.480000,15.675650,1964800
2005-10-31,39.730000,39.750000,39.119999,39.250000,15.584326,2026900
2005-11-01,38.250000,38.450001,37.500000,37.930000,15.060216,3406300
2005-11-02,38.130001,38.540001,37.709999,38.520000,15.294482,1633400
2005-11-03,38.500000,38.639999,37.770000,38.049999,15.107867,1483000
2005-11-04,38.099998,38.119999,37.680000,37.919998,15.056243,1472200
2005-11-07,37.950001,38.200001,37.700001,38.000000,15.088010,1706900
2005-11-08,37.700001,37.990002,37.310001,37.880001,15.040361,3497700
2005-11-09,37.950001,38.840000,37.889999,38.610001,15.330215,1435500
2005-11-10,38.730000,39.500000,38.470001,39.450001,15.663737,1770400
2005-11-11,39.400002,40.150002,39.200001,39.810001,15.806680,866600
2005-11-14,39.810001,40.520000,39.660000,39.910000,15.846384,1437900
2005-11-15,39.660000,40.000000,39.549999,39.680000,15.755063,1222700
2005-11-16,39.740002,39.860001,39.509998,39.740002,15.778883,1083000
2005-11-17,39.750000,40.259998,39.639999,40.139999,15.937711,1484400
2005-11-18,40.450001,40.450001,40.060001,40.330002,16.013145,1115600
2005-11-21,40.330002,40.830002,40.290001,40.830002,16.211676,1063800
2005-11-22,40.880001,41.660000,40.790001,41.650002,16.537254,1344700
2005-11-23,41.849998,42.169998,41.599998,41.990002,16.672255,1747700
2005-11-25,42.090000,42.110001,41.730000,41.880001,16.628578,398900
2005-11-28,41.950001,41.950001,41.500000,41.529999,16.489605,1073500
2005-11-29,41.529999,41.680000,41.150002,41.169998,16.346674,1413800
2005-11-30,41.419998,41.439999,40.709999,40.759998,16.183876,1345200
2005-12-01,41.150002,41.270000,40.959999,41.049999,16.299017,1766700
2005-12-02,41.000000,41.009998,40.650002,40.900002,16.239462,1137900
2005-12-05,41.049999,41.049999,40.279999,40.599998,16.120350,1117600
2005-12-06,40.799999,40.860001,40.500000,40.549999,16.100500,1299000
2005-12-07,40.549999,40.650002,40.180000,40.400002,16.040945,996800
2005-12-08,40.349998,40.750000,40.060001,40.369999,16.029028,1732200
2005-12-09,40.700001,40.700001,40.250000,40.500000,16.080641,1138400
2005-12-12,40.049999,40.570000,40.049999,40.450001,16.060793,1967200
2005-12-13,40.500000,40.860001,40.349998,40.799999,16.199760,1243200
2005-12-14,40.900002,40.939999,40.599998,40.669998,16.148138,1255100
2005-12-15,40.020000,40.400002,39.500000,39.590000,15.892431,1518600
2005-12-16,39.750000,40.130001,39.720001,39.860001,16.000824,1573500
2005-12-19,39.770000,39.840000,39.250000,39.299999,15.776021,1058700
2005-12-20,39.400002,39.689999,39.279999,39.619999,15.904475,1120300
2005-12-21,39.869999,40.070000,39.750000,39.919998,16.024902,939400
2005-12-22,39.919998,40.070000,39.439999,39.990002,16.053011,1142800
2005-12-23,39.930000,40.180000,39.900002,40.110001,16.101177,592800
2005-12-27,40.110001,40.340000,39.310001,40.060001,16.081108,953300
2005-12-28,40.299999,40.340000,39.520000,39.680000,15.928564,961100
2005-12-29,39.790001,39.970001,39.259998,39.290001,15.772005,919800
2005-12-30,39.099998,39.380001,38.950001,39.119999,15.703767,831600
2006-01-03,39.299999,40.049999,38.840000,39.990002,16.053011,1936600
2006-01-04,39.990002,40.340000,39.849998,40.130001,16.109209,1261000
2006-01-05,40.209999,40.520000,40.020000,40.209999,16.141315,1771700
2006-01-06,40.400002,40.900002,40.400002,40.889999,16.414291,1626800
2006-01-09,41.150002,41.299999,40.970001,41.290001,16.574860,1445300
2006-01-10,41.200001,41.889999,41.070000,41.610001,16.703312,1616400
2006-01-11,41.709999,41.709999,41.209999,41.389999,16.614996,1412300
2006-01-12,41.450001,41.490002,40.950001,41.000000,16.458452,1292300
2006-01-13,41.150002,41.150002,40.400002,40.570000,16.285835,1723000
2006-01-17,40.500000,40.650002,40.250000,40.490002,16.253723,1154200
2006-01-18,40.470001,40.680000,40.360001,40.639999,16.313929,1604000
2006-01-19,40.759998,41.380001,40.639999,41.250000,16.558804,955400
2006-01-20,41.250000,41.500000,40.770000,40.790001,16.374149,1166800
2006-01-23,40.790001,41.169998,40.790001,40.990002,16.454435,738800
2006-01-24,40.990002,41.529999,40.990002,41.349998,16.598946,1088500
2006-01-25,41.799999,42.060001,41.459999,41.639999,16.715357,1264500
2006-01-26,41.900002,42.020000,41.730000,41.820000,16.787613,1320500
2006-01-27,41.919998,42.830002,41.919998,42.590000,17.096704,1835400
2006-01-30,42.590000,42.740002,42.220001,42.450001,17.040512,1149200
2006-01-31,42.270000,42.689999,42.169998,42.410000,17.024452,1396200
2006-02-01,42.500000,43.349998,42.349998,43.070000,17.289398,2255400
2006-02-02,43.009998,43.360001,42.950001,43.029999,17.273344,2347300
2006-02-03,42.660000,43.110001,41.939999,42.799999,17.181013,1685100
2006-02-06,42.740002,43.220001,42.740002,43.119999,17.309465,2142000
2006-02-07,42.970001,43.470001,42.959999,43.310001,17.385736,1734700
2006-02-08,43.250000,43.250000,42.779999,43.139999,17.317495,1587500
2006-02-09,43.099998,43.610001,43.000000,43.299999,17.381718,1234300
2006-02-10,43.230000,43.750000,43.080002,43.450001,17.441935,1196600
2006-02-13,43.450001,43.790001,43.299999,43.730000,17.554342,902700
2006-02-14,43.779999,44.110001,43.000000,44.080002,17.694834,1404700
2006-02-15,44.000000,45.000000,43.950001,44.869999,18.011969,1668700
2006-02-16,44.820000,45.119999,44.700001,45.000000,18.064138,826900
2006-02-17,45.000000,45.299999,44.750000,45.250000,18.164509,1385000
2006-02-21,45.250000,45.700001,45.070000,45.630001,18.317045,1275100
2006-02-22,45.799999,46.209999,44.910000,46.150002,18.525780,1498400
2006-02-23,46.150002,46.270000,45.810001,46.060001,18.489655,936500
2006-02-24,45.970001,46.099998,45.680000,45.910000,18.429451,796900
2006-02-27,46.000000,46.099998,45.650002,45.860001,18.409367,1040800
2006-02-28,45.900002,46.000000,45.119999,45.279999,18.176550,3048700
2006-03-01,45.279999,45.400002,44.500000,44.959999,18.048092,1658300
2006-03-02,44.799999,44.889999,44.450001,44.650002,17.923649,1571300
2006-03-03,44.299999,44.400002,43.740002,44.020000,17.670746,2472800
2006-03-06,44.020000,45.430000,44.009998,45.259998,18.168514,1475600
2006-03-07,45.259998,45.270000,44.220001,44.299999,17.783146,1164300
2006-03-08,44.189999,44.330002,43.750000,44.320000,17.791178,1347100
2006-03-09,44.520000,44.959999,44.400002,44.740002,17.959782,1319000
2006-03-10,44.980000,45.209999,44.549999,45.110001,18.108299,976400
2006-03-13,45.110001,45.310001,44.419998,44.770000,17.971817,792200
2006-03-14,44.900002,45.180000,44.590000,45.000000,18.064138,1012700
2006-03-15,45.250000,45.959999,45.000000,45.880001,18.417398,1080700
2006-03-16,45.500000,46.279999,45.500000,45.950001,18.625338,1117900
2006-03-17,46.220001,46.720001,45.820000,46.709999,18.933399,1870800
2006-03-20,46.959999,46.959999,45.849998,46.070000,18.673986,1319500
2006-03-21,45.900002,46.200001,45.279999,45.599998,18.483473,1307800
2006-03-22,45.500000,45.900002,45.279999,45.849998,18.584803,1371800
2006-03-23,45.639999,46.169998,45.639999,46.009998,18.649656,1111200
2006-03-24,46.000000,46.189999,45.990002,46.099998,18.686144,1265700
2006-03-27,46.150002,46.200001,45.750000,46.049999,18.665871,1607200
2006-03-28,45.799999,46.919998,45.750000,46.560001,18.872595,1429000
2006-03-29,46.900002,47.740002,46.900002,47.400002,19.213085,1231900
2006-03-30,47.150002,47.369999,46.430000,46.750000,18.949617,1440100
2006-03-31,46.750000,46.900002,46.209999,46.790001,18.965830,1204800
2006-04-03,47.040001,47.470001,46.040001,46.250000,18.746937,1526700
2006-04-04,46.000000,46.250000,45.299999,45.650002,18.503740,1717900
2006-04-05,45.900002,46.250000,45.590000,45.599998,18.483473,1480200
2006-04-06,45.599998,45.650002,44.750000,44.860001,18.183519,2264400
2006-04-07,44.799999,45.060001,43.990002,43.990002,17.830873,1111500
2006-04-10,43.990002,43.990002,43.110001,43.290001,17.547134,1478300
2006-04-11,43.310001,43.610001,43.180000,43.209999,17.514704,1259700
2006-04-12,43.209999,43.700001,43.020000,43.290001,17.547134,1328200
2006-04-13,43.029999,43.290001,42.529999,42.630001,17.279610,1481900
2006-04-17,42.529999,42.869999,42.500000,42.720001,17.316101,1072200
2006-04-18,42.840000,44.169998,42.810001,43.840000,17.770079,1419700
2006-04-19,43.700001,44.500000,43.619999,44.490002,18.033548,1568200
2006-04-20,44.330002,44.720001,44.090000,44.650002,18.098398,1559200
2006-04-21,44.900002,45.060001,44.689999,44.950001,18.219999,1676200
2006-04-24,44.779999,44.980000,44.509998,44.779999,18.151085,1753300
2006-04-25,44.770000,44.860001,44.299999,44.490002,18.033548,1389100
2006-04-26,44.709999,44.910000,44.150002,44.310001,17.960581,1210400
2006-04-27,43.950001,45.000000,43.779999,44.709999,18.122719,1030800
2006-04-28,44.730000,45.250000,44.459999,44.869999,18.187580,1511800
2006-05-01,44.799999,45.099998,44.200001,44.340000,17.972740,1398700
2006-05-02,44.299999,44.310001,43.320000,43.669998,17.701162,1565800
2006-05-03,43.400002,43.990002,42.680000,42.759998,17.332300,1886100
2006-05-04,42.900002,44.360001,42.840000,43.930000,17.806562,2415200
2006-05-05,44.150002,44.639999,44.119999,44.250000,17.936260,1674400
2006-05-08,44.349998,44.740002,44.070000,44.740002,18.134882,1018600
2006-05-09,44.730000,44.880001,44.349998,44.599998,18.078129,743300
2006-05-10,44.549999,45.040001,44.349998,44.709999,18.122719,895400
2006-05-11,44.610001,44.689999,43.330002,43.470001,17.620100,1042200
2006-05-12,43.349998,43.349998,42.380001,42.900002,17.389057,971300
2006-05-15,42.950001,43.790001,42.470001,43.630001,17.684948,1874900
2006-05-16,43.630001,44.020000,43.340000,43.619999,17.680899,677200
2006-05-17,43.119999,43.400002,42.849998,42.880001,17.380955,1343700
2006-05-18,43.090000,43.650002,42.369999,42.450001,17.206656,1206500
2006-05-19,42.549999,42.849998,41.759998,42.360001,17.170172,1505900
2006-05-22,41.950001,42.240002,41.500000,42.009998,17.028305,1059000
2006-05-23,42.060001,42.439999,41.880001,41.910000,16.987768,938300
2006-05-24,41.700001,42.560001,41.450001,42.299999,17.145855,1355600
2006-05-25,42.849998,43.810001,42.650002,43.490002,17.628199,944800
2006-05-26,43.599998,43.919998,43.389999,43.919998,17.802505,692800
2006-05-30,43.779999,44.160000,43.599998,43.900002,17.794392,1208400
2006-05-31,44.099998,44.459999,43.490002,44.099998,17.875462,1536600
2006-06-01,44.200001,45.150002,44.150002,45.110001,18.284847,1386700
2006-06-02,45.110001,47.060001,44.639999,45.099998,18.280806,1585000
2006-06-05,44.950001,45.790001,44.669998,45.009998,18.244318,1142400
2006-06-06,45.099998,45.130001,44.360001,44.849998,18.179468,1086000
2006-06-07,44.849998,45.139999,44.520000,44.930000,18.211897,922300
2006-06-08,44.869999,44.980000,43.880001,44.290001,17.952471,2055300
2006-06-09,44.290001,44.759998,44.230000,44.639999,18.094339,878500
2006-06-12,44.639999,44.639999,44.119999,44.270000,17.944370,1444900
2006-06-13,44.450001,44.779999,44.130001,44.270000,17.944370,1514400
2006-06-14,44.080002,44.580002,44.080002,44.520000,18.045708,1653500
2006-06-15,44.070000,44.869999,44.000000,44.820000,18.349901,1168800
2006-06-16,44.580002,44.860001,44.220001,44.490002,18.214804,1347000
2006-06-19,44.900002,44.900002,44.160000,44.549999,18.239367,1181300
2006-06-20,44.560001,44.759998,44.200001,44.480000,18.210705,1312200
2006-06-21,44.480000,44.720001,44.200001,44.610001,18.263922,1417300
2006-06-22,44.500000,44.610001,44.150002,44.290001,18.132908,559500
2006-06-23,44.150002,44.240002,43.669998,43.919998,17.981428,1141700
2006-06-26,44.049999,44.450001,43.869999,44.400002,18.177948,851900
2006-06-27,44.450001,44.590000,43.740002,43.750000,17.911835,910800
2006-06-28,43.900002,44.230000,43.799999,44.040001,18.030550,674400
2006-06-29,43.950001,44.459999,43.290001,44.459999,18.202507,2432300
2006-06-30,44.560001,44.959999,44.430000,44.730000,18.313042,1357500
2006-07-03,45.049999,45.389999,44.830002,45.330002,18.558704,726900
2006-07-05,44.900002,45.480000,44.849998,45.279999,18.538227,2076400
2006-07-06,45.299999,45.599998,45.049999,45.570000,18.656954,1709700
2006-07-07,45.430000,45.599998,45.099998,45.230000,18.517761,1623200
2006-07-10,45.410000,45.740002,45.349998,45.700001,18.710180,1368300
2006-07-11,45.630001,45.980000,45.450001,45.810001,18.755219,1137700
2006-07-12,46.060001,46.240002,45.750000,46.150002,18.894419,1678500
2006-07-13,47.090000,47.090000,45.380001,45.459999,18.611927,1548900
2006-07-14,45.380001,45.410000,44.529999,44.669998,18.288490,1097100
2006-07-17,44.619999,44.880001,44.419998,44.509998,18.222980,1144300
2006-07-18,44.700001,44.959999,44.419998,44.910000,18.386742,741500
2006-07-19,45.110001,46.230000,45.000000,46.090000,18.869848,1494300
2006-07-20,46.389999,46.400002,45.730000,45.770000,18.738852,1127100
2006-07-21,45.990002,45.990002,44.900002,44.950001,18.403120,1272800
2006-07-24,44.099998,45.630001,44.040001,45.619999,18.677429,1238600
2006-07-25,45.419998,45.820000,45.369999,45.680000,18.701988,1270600
2006-07-26,45.680000,46.150002,45.630001,46.130001,18.886230,1281400
2006-07-27,46.380001,46.599998,45.959999,46.150002,18.894419,1227700
2006-07-28,46.980000,46.980000,46.619999,46.880001,19.193289,1397400
2006-07-31,46.590000,46.779999,46.349998,46.509998,19.041811,1035400
2006-08-01,46.200001,46.610001,45.619999,46.410000,19.000868,1247000
2006-08-02,48.000000,48.500000,46.880001,47.070000,19.271076,2387800
2006-08-03,47.000000,47.810001,47.000000,47.700001,19.529005,2864200
2006-08-04,48.740002,48.740002,48.169998,48.500000,19.856543,1717900
2006-08-07,48.419998,48.419998,47.660000,47.869999,19.598606,1042900
2006-08-08,47.779999,47.950001,47.230000,47.330002,19.377533,1338200
2006-08-09,47.680000,47.750000,47.139999,47.299999,19.365244,909100
2006-08-10,47.259998,47.560001,46.759998,47.349998,19.385712,926900
2006-08-11,47.169998,47.419998,47.029999,47.310001,19.369345,908600
2006-08-14,47.750000,48.389999,47.590000,47.840000,19.586327,836700
2006-08-15,48.500000,48.700001,48.270000,48.500000,19.856543,1085100
2006-08-16,47.250000,48.020000,46.919998,47.639999,19.504444,3719400
2006-08-17,47.669998,47.669998,47.070000,47.240002,19.340673,2790800
2006-08-18,47.349998,47.430000,47.099998,47.270000,19.352966,1541600
2006-08-21,47.889999,48.000000,47.470001,47.930000,19.623169,1854000
2006-08-22,47.900002,48.709999,47.799999,48.599998,19.897478,1662900
2006-08-23,48.750000,48.750000,48.110001,48.349998,19.795132,974400
2006-08-24,48.209999,48.790001,48.209999,48.730000,19.950693,1522500
2006-08-25,48.630001,49.049999,48.549999,48.880001,20.012112,1594400
2006-08-28,48.880001,49.490002,48.619999,49.419998,20.233191,1174800
2006-08-29,49.419998,49.490002,49.049999,49.360001,20.208633,919000
2006-08-30,49.500000,49.919998,49.360001,49.869999,20.417429,934500
2006-08-31,49.900002,50.020000,49.660000,49.869999,20.417429,932900
2006-09-01,50.070000,50.080002,49.299999,49.369999,20.212725,1030700
2006-09-05,49.470001,50.150002,49.360001,50.099998,20.511600,1055600
2006-09-06,49.799999,50.180000,49.570000,49.680000,20.339643,903800
2006-09-07,49.580002,49.709999,49.070000,49.220001,20.151314,858700
2006-09-08,49.419998,50.119999,48.770000,49.970001,20.458374,930900
2006-09-11,49.770000,50.290001,49.549999,50.290001,20.589386,1005100
2006-09-12,50.490002,50.950001,50.060001,50.830002,20.810469,1022700
2006-09-13,50.860001,51.349998,50.680000,50.930000,20.851406,1519100
2006-09-14,50.299999,50.520000,50.070000,50.500000,20.856775,978600
2006-09-15,50.750000,51.020000,50.599998,50.810001,20.984810,1237200
2006-09-18,50.799999,50.889999,50.349998,50.750000,20.960039,872600
2006-09-19,50.580002,51.020000,50.419998,50.790001,20.976545,919700
2006-09-20,50.779999,50.959999,50.150002,50.270000,20.761787,1205800
2006-09-21,50.369999,50.369999,49.049999,49.290001,20.357038,1546100
2006-09-22,49.389999,49.700001,49.009998,49.680000,20.518112,966900
2006-09-25,49.680000,49.930000,49.189999,49.689999,20.522243,1084300
2006-09-26,49.560001,49.610001,49.139999,49.349998,20.381823,1201900
2006-09-27,49.349998,50.529999,49.000000,50.529999,20.869171,2625500
2006-09-28,50.500000,50.509998,50.200001,50.419998,20.823748,1203700
2006-09-29,50.500000,50.750000,50.250000,50.580002,20.889816,1184500
2006-10-02,50.639999,51.080002,50.020000,50.709999,20.943521,740400
2006-10-03,50.709999,51.340000,50.700001,51.180000,21.137636,1650700
2006-10-04,51.340000,51.680000,51.209999,51.650002,21.331739,1807200
2006-10-05,51.500000,52.320000,51.470001,52.259998,21.583679,1074500
2006-10-06,52.049999,52.169998,51.450001,51.630001,21.323479,1223100
2006-10-09,51.639999,51.970001,51.130001,51.970001,21.463903,874500
2006-10-10,51.970001,52.360001,51.230000,51.939999,21.451502,1099500
2006-10-11,51.700001,52.400002,51.700001,51.930000,21.447382,975400
2006-10-12,52.220001,52.439999,51.820000,52.310001,21.604324,947600
2006-10-13,52.310001,53.189999,52.220001,53.060001,21.914061,2061300
2006-10-16,53.349998,53.590000,53.099998,53.529999,22.108191,864700
2006-10-17,53.430000,53.560001,53.139999,53.380001,22.046238,1267800
2006-10-18,53.880001,54.020000,53.509998,53.840000,22.236221,1588900
2006-10-19,53.860001,53.990002,53.250000,53.369999,22.042105,1096200
2006-10-20,53.570000,53.900002,53.040001,53.740002,22.194931,1191500
2006-10-23,53.570000,54.410000,53.480000,54.330002,22.438599,1126400
2006-10-24,54.299999,54.480000,54.040001,54.099998,22.343601,1006900
2006-10-25,54.279999,54.599998,53.939999,54.500000,22.508795,860000
2006-10-26,54.750000,54.910000,54.419998,54.730000,22.603785,977100
2006-10-27,54.549999,54.700001,54.270000,54.450001,22.488161,965100
2006-10-30,54.549999,54.820000,54.110001,54.709999,22.595528,1170000
2006-10-31,54.939999,54.970001,54.230000,54.610001,22.554241,1195600
2006-11-01,54.500000,54.500000,53.049999,53.139999,21.947115,1730000
2006-11-02,52.349998,52.590000,51.000000,51.410000,21.232616,3742000
2006-11-03,51.040001,51.330002,49.419998,49.939999,20.625500,3142700
2006-11-06,49.799999,50.630001,49.799999,50.470001,20.844387,2256800
2006-11-07,50.189999,50.369999,49.860001,49.950001,20.629625,1466900
2006-11-08,49.810001,50.380001,49.450001,50.169998,20.720488,1130900
2006-11-09,50.209999,50.750000,49.880001,50.439999,20.832001,1276400
2006-11-10,50.400002,50.880001,49.990002,50.820000,20.988949,1362500
2006-11-13,50.419998,50.759998,50.220001,50.610001,20.902206,1027400
2006-11-14,51.500000,51.900002,51.000000,51.770000,21.381294,2461300
2006-11-15,51.799999,51.799999,51.180000,51.180000,21.137636,1622600
2006-11-16,51.180000,51.290001,50.990002,51.049999,21.083931,1572700
2006-11-17,50.660000,50.880001,50.419998,50.570000,20.885691,1364200
2006-11-20,52.490002,61.500000,52.130001,52.270000,21.587807,3717000
2006-11-21,52.169998,53.529999,52.169998,53.419998,22.062765,2253800
2006-11-22,53.650002,53.930000,52.779999,53.389999,22.050369,1018700
2006-11-24,53.310001,53.820000,53.259998,53.619999,22.145353,409400
2006-11-27,53.650002,53.650002,51.750000,51.830002,21.406082,1411000
2006-11-28,51.810001,52.029999,51.200001,51.680000,21.344130,1684000
2006-11-29,51.820000,52.740002,51.759998,52.610001,21.728220,1774200
2006-11-30,52.730000,53.599998,52.500000,53.259998,21.996677,2179400
2006-12-01,53.490002,53.560001,52.549999,52.840000,21.823210,1600700
2006-12-04,53.250000,54.049999,53.119999,53.730000,22.190792,1792100
2006-12-05,53.799999,53.860001,53.090000,53.099998,21.930584,1815100
2006-12-06,52.950001,53.189999,52.189999,52.950001,21.868643,1849200
2006-12-07,53.250000,53.250000,52.560001,52.680000,21.757137,1015100
2006-12-08,52.700001,53.080002,52.419998,52.599998,21.724094,1208300
2006-12-11,52.500000,53.209999,52.410000,52.950001,21.868643,1227600
2006-12-12,53.139999,53.349998,52.700001,52.939999,21.864511,1180600
2006-12-13,53.380001,53.380001,52.049999,52.270000,21.587807,1551100
2006-12-14,52.490002,52.560001,52.070000,52.200001,21.558893,1511000
2006-12-15,52.419998,52.590000,51.740002,51.889999,21.430859,2083700
2006-12-18,52.200001,52.459999,51.599998,51.650002,21.331739,1229200
2006-12-19,51.349998,51.610001,50.549999,50.930000,21.034372,2017800
2006-12-20,50.650002,51.209999,50.500000,50.889999,21.210676,1575200
2006-12-21,50.990002,51.220001,50.240002,50.299999,20.964769,1113500
2006-12-22,50.250000,50.250000,49.630001,49.779999,20.748037,885300
2006-12-26,49.799999,50.590000,49.799999,50.400002,21.006441,699300
2006-12-27,50.900002,50.980000,50.450001,50.610001,21.093973,884500
2006-12-28,50.549999,50.740002,50.299999,50.580002,21.081470,997200
2006-12-29,50.700001,51.169998,50.520000,50.750000,21.152328,957000
2007-01-03,50.980000,51.580002,50.439999,50.820000,21.181507,2015600
2007-01-04,50.900002,51.310001,50.630001,50.919998,21.223179,2415200
2007-01-05,50.750000,50.750000,49.580002,49.919998,20.806387,2174600
2007-01-08,49.869999,50.000000,49.540001,49.880001,20.789711,1570700
2007-01-09,50.180000,50.660000,49.869999,50.599998,21.089821,1879300
2007-01-10,50.250000,51.470001,50.150002,51.400002,21.423252,1632400
2007-01-11,51.470001,52.660000,51.400002,52.220001,21.765017,1800600
2007-01-12,52.000000,52.779999,52.000000,52.660000,21.948400,1224800
2007-01-16,52.939999,53.980000,52.790001,53.610001,22.344366,1664200
2007-01-17,53.310001,53.849998,52.730000,53.400002,22.256836,1675500
2007-01-18,53.639999,53.990002,53.139999,53.450001,22.277674,947700
2007-01-19,53.680000,53.869999,53.130001,53.869999,22.452719,1170500
2007-01-22,53.799999,53.860001,53.029999,53.160000,22.156797,1351300
2007-01-23,53.099998,53.500000,53.009998,53.250000,22.194313,1396000
2007-01-24,53.450001,54.470001,53.259998,54.459999,22.698633,1311800
2007-01-25,55.020000,55.340000,54.439999,54.720001,22.806993,2118300
2007-01-26,54.650002,55.150002,54.410000,55.080002,22.957050,1068500
2007-01-29,55.040001,55.450001,54.869999,55.049999,22.944546,991900
2007-01-30,55.250000,55.689999,54.650002,55.610001,23.177950,1183300
2007-01-31,55.450001,56.459999,55.119999,56.279999,23.457195,1581900
2007-02-01,56.259998,56.259998,55.480000,56.070000,23.369684,1671700
2007-02-02,55.799999,56.150002,55.400002,55.750000,23.236301,2708500
2007-02-05,55.820000,55.889999,55.500000,55.700001,23.215456,1319000
2007-02-06,55.799999,56.349998,55.450001,56.349998,23.486374,1577600
2007-02-07,54.860001,55.250000,53.299999,53.500000,22.298512,9416900
2007-02-08,53.450001,53.820000,52.959999,53.500000,22.298512,4516100
2007-02-09,53.610001,53.750000,51.630001,52.750000,21.985916,5085300
2007-02-12,53.230000,53.230000,51.299999,52.060001,21.698332,4148500
2007-02-13,52.060001,52.660000,51.509998,52.419998,21.848372,3172300
2007-02-14,52.220001,52.840000,52.029999,52.349998,21.819195,2162500
2007-02-15,52.360001,53.139999,52.070000,52.919998,22.056774,1463500
2007-02-16,52.360001,52.610001,51.709999,52.200001,21.756680,1992100
2007-02-20,52.349998,53.459999,51.910000,53.450001,22.277674,2585000
2007-02-21,53.349998,53.400002,52.660000,53.139999,22.148468,2070200
2007-02-22,53.290001,53.500000,52.740002,53.029999,22.102619,1976800
2007-02-23,52.830002,53.080002,51.869999,52.160000,21.740007,1034100
2007-02-26,52.189999,52.410000,50.930000,51.740002,21.564955,1967100
2007-02-27,51.470001,51.490002,49.310001,49.849998,20.777212,3642200
2007-02-28,49.520000,50.980000,49.419998,50.790001,21.168995,2872900
2007-03-01,49.790001,50.669998,49.009998,49.869999,20.785551,3387800
2007-03-02,49.720001,49.779999,48.849998,48.950001,20.402103,2514100
2007-03-05,48.400002,48.650002,46.700001,46.700001,19.464308,2986300
2007-03-06,46.950001,48.400002,46.950001,48.070000,20.035322,2145700
2007-03-07,48.130001,48.340000,47.410000,47.500000,19.797739,2751800
2007-03-08,47.040001,48.139999,47.029999,47.830002,19.935282,3281900
2007-03-09,48.380001,48.599998,47.840000,48.360001,20.156193,1979200
2007-03-12,49.000000,49.160000,48.040001,48.880001,20.372915,2048100
2007-03-13,48.509998,48.509998,47.459999,47.619999,19.847763,2679500
2007-03-14,47.430000,48.290001,46.880001,48.099998,20.047812,2431500
2007-03-15,47.410000,48.680000,47.389999,48.020000,20.209002,2072500
2007-03-16,47.889999,48.130001,47.330002,47.630001,20.044880,2971500
2007-03-19,47.930000,48.480000,47.700001,48.000000,20.200583,1919600
2007-03-20,47.750000,48.700001,47.669998,48.340000,20.343678,2457500
2007-03-21,48.360001,49.189999,47.860001,49.150002,20.684557,1861600
2007-03-22,50.040001,50.040001,48.799999,49.299999,20.747684,1359900
2007-03-23,49.360001,49.730000,49.250000,49.320000,20.756098,1061200
2007-03-26,49.230000,49.310001,48.099998,48.299999,20.326841,2612800
2007-03-27,48.200001,48.200001,47.419998,47.599998,20.032246,1997200
2007-03-28,47.330002,47.720001,46.660000,47.119999,19.830238,3135300
2007-03-29,47.599998,48.020000,47.240002,47.669998,20.061701,2731400
2007-03-30,47.740002,48.509998,47.599998,48.230000,20.297379,2539700
2007-04-02,48.400002,48.860001,47.849998,48.669998,20.482555,1402700
2007-04-03,48.900002,49.459999,48.680000,49.349998,20.768723,1747000
2007-04-04,49.349998,49.459999,48.849998,49.259998,20.730846,1883500
2007-04-05,49.110001,49.400002,48.959999,49.330002,20.760319,924400
2007-04-09,49.340000,49.639999,49.110001,49.369999,20.777142,1140500
2007-04-10,49.410000,49.830002,49.180000,49.549999,20.852903,1293800
2007-04-11,49.700001,49.700001,48.320000,48.500000,20.411015,1705300
2007-04-12,48.400002,48.509998,47.919998,48.160000,20.267920,1296600
2007-04-13,49.029999,49.029999,47.820000,48.730000,20.507805,1325000
2007-04-16,49.119999,49.189999,48.189999,48.720001,20.503593,1489000
2007-04-17,48.700001,49.419998,48.470001,48.880001,20.570930,1669200
2007-04-18,48.700001,48.959999,48.299999,48.330002,20.339464,1620500
2007-04-19,49.000000,49.000000,47.669998,47.799999,20.116419,2502400
2007-04-20,48.029999,48.500000,47.790001,47.959999,20.183754,2032500
2007-04-23,48.020000,48.570000,47.980000,48.450001,20.389973,1983400
2007-04-24,48.630001,48.630001,47.490002,47.669998,20.061701,1842600
2007-04-25,48.259998,48.349998,47.320000,47.790001,20.112211,2143600
2007-04-26,47.759998,47.849998,47.070000,47.349998,19.927034,1945200
2007-04-27,47.349998,48.060001,47.169998,47.340000,19.922842,2833800
2007-04-30,47.450001,47.450001,46.419998,46.430000,19.539856,1501300
2007-05-01,46.439999,46.669998,45.250000,46.020000,19.367311,3122700
2007-05-02,45.959999,46.529999,45.439999,46.349998,19.506186,3372600
2007-05-03,46.900002,46.900002,45.560001,46.160000,19.426228,4354100
2007-05-04,46.150002,46.150002,45.150002,45.590000,19.186344,3424800
2007-05-07,45.599998,46.020000,45.560001,45.939999,19.333645,2260600
2007-05-08,45.639999,46.040001,45.459999,45.520000,19.156893,4786600
2007-05-09,45.529999,46.430000,45.419998,46.150002,19.422026,2486500
2007-05-10,45.950001,46.130001,45.770000,45.880001,19.308401,2594600
2007-05-11,46.520000,47.910000,46.509998,47.610001,20.036453,3385600
2007-05-14,47.900002,48.000000,47.400002,47.450001,19.969133,1939700
2007-05-15,47.200001,48.090000,47.119999,47.189999,19.859701,2848800
2007-05-16,47.259998,47.330002,46.680000,47.009998,19.783947,2158600
2007-05-17,46.910000,47.049999,46.400002,46.599998,19.611399,2819500
2007-05-18,46.580002,46.709999,45.990002,46.139999,19.417816,2502000
2007-05-21,46.689999,47.080002,46.110001,46.669998,19.640860,2703800
2007-05-22,47.180000,47.639999,46.790001,47.189999,19.859701,2479200
2007-05-23,47.259998,47.599998,46.650002,46.669998,19.640860,2820200
2007-05-24,46.689999,46.730000,45.750000,46.369999,19.514622,2851100
2007-05-25,46.779999,48.669998,46.779999,47.549999,20.011204,3304300
2007-05-29,49.310001,51.150002,49.299999,50.750000,21.357903,5705900
2007-05-30,50.400002,51.869999,50.360001,51.840000,21.816643,3596400
2007-05-31,52.080002,52.250000,50.240002,50.669998,21.324247,3120500
2007-06-01,50.700001,51.150002,50.439999,50.889999,21.416830,2979100
2007-06-04,50.400002,51.160000,50.400002,50.599998,21.294792,1527100
2007-06-05,50.389999,50.560001,49.740002,49.970001,21.029663,2283600
2007-06-06,49.160000,50.000000,48.950001,49.520000,20.840279,2507100
2007-06-07,48.799999,48.930000,47.450001,47.540001,20.006992,4137700
2007-06-08,47.599998,48.340000,47.400002,48.110001,20.246887,2285600
2007-06-11,47.610001,48.169998,47.040001,47.080002,19.813414,2314400
2007-06-12,46.900002,47.290001,46.250000,46.830002,19.708200,3056900
2007-06-13,47.080002,48.099998,46.840000,47.959999,20.183754,2105700
2007-06-14,48.160000,48.160000,46.869999,46.970001,19.959806,2106300
2007-06-15,47.320000,47.639999,46.950001,47.110001,20.019304,1708100
2007-06-18,47.110001,47.110001,46.389999,46.540001,19.777084,2245900
2007-06-19,46.290001,46.889999,45.889999,46.650002,19.823832,2351100
2007-06-20,46.840000,46.840000,45.799999,45.799999,19.462624,2145400
2007-06-21,45.799999,46.029999,44.470001,45.820000,19.471115,2940500
2007-06-22,45.630001,46.160000,45.360001,46.130001,19.602850,2901200
2007-06-25,46.180000,46.430000,45.360001,45.619999,19.386127,3377100
2007-06-26,45.770000,45.860001,45.139999,45.240002,19.224649,2717500
2007-06-27,44.849998,46.650002,44.360001,46.360001,19.700594,2746400
2007-06-28,45.919998,46.619999,45.509998,45.610001,19.381874,3601000
2007-06-29,45.930000,46.520000,45.189999,45.630001,19.390379,3370400
2007-07-02,45.580002,46.230000,45.230000,46.090000,19.585852,2964300
2007-07-03,46.090000,46.290001,45.660000,45.939999,19.522112,1349900
2007-07-05,46.580002,46.959999,46.349998,46.380001,19.709078,1908000
2007-07-06,45.880001,46.799999,45.849998,46.450001,19.738831,1702000
2007-07-09,46.590000,46.689999,45.919998,46.090000,19.585852,1501300
2007-07-10,45.750000,46.070000,44.820000,44.849998,19.058916,2611700
2007-07-11,44.869999,44.889999,44.209999,44.799999,19.037668,2663300
2007-07-12,45.000000,46.080002,44.730000,46.040001,19.564606,2157600
2007-07-13,46.000000,46.799999,45.650002,46.750000,19.866316,1283600
2007-07-16,46.900002,47.480000,46.520000,46.669998,19.832317,1623700
2007-07-17,46.750000,47.009998,45.950001,46.290001,19.670841,1787700
2007-07-18,46.099998,46.180000,45.090000,46.049999,19.568855,1910900
2007-07-19,46.400002,47.000000,46.029999,46.520000,19.768574,1244200
2007-07-20,46.500000,46.610001,45.619999,45.779999,19.454117,2228200
2007-07-23,45.779999,46.090000,44.700001,44.700001,18.995174,1657400
2007-07-24,44.200001,44.939999,43.209999,43.439999,18.459736,2903100
2007-07-25,43.410000,43.950001,42.349998,42.970001,18.260014,2206300
2007-07-26,42.970001,42.970001,41.169998,42.049999,17.869066,3896000
2007-07-27,41.180000,42.540001,40.570000,40.570000,17.240141,4096300
2007-07-30,41.439999,41.439999,39.919998,40.490002,17.206141,2698300
2007-07-31,41.130001,41.500000,39.500000,39.810001,16.917187,3210900
2007-08-01,37.889999,41.900002,37.470001,40.090000,17.036163,4401700
2007-08-02,40.400002,40.980000,40.000000,40.540001,17.227392,3862900
2007-08-03,40.250000,40.419998,38.580002,38.820000,16.496485,3584500
2007-08-06,39.590000,40.049999,37.759998,40.000000,16.997919,3485900
2007-08-07,39.500000,41.099998,39.209999,40.150002,17.061665,4542500
2007-08-08,40.250000,41.770000,40.000000,41.770000,17.750072,4794900
2007-08-09,39.439999,41.900002,36.419998,41.450001,17.614086,3831200
2007-08-10,39.880001,41.180000,35.000000,39.279999,16.691957,4259900
2007-08-13,39.520000,39.970001,38.540001,38.750000,16.466734,2604500
2007-08-14,38.549999,38.849998,36.790001,36.919998,15.689081,3141900
2007-08-15,36.849998,38.410000,36.490002,37.020000,15.731572,2944600
2007-08-16,36.599998,39.250000,36.500000,39.009998,16.577219,4393200
2007-08-17,39.740002,42.259998,38.650002,40.470001,17.197641,4818300
2007-08-20,40.349998,42.029999,40.189999,41.560001,17.660839,2554100
2007-08-21,41.470001,42.049999,41.299999,41.770000,17.750072,2511000
2007-08-22,42.200001,42.459999,41.270000,41.669998,17.707582,2215300
2007-08-23,41.549999,41.900002,40.779999,41.139999,17.482361,2044800
2007-08-24,40.910000,41.349998,40.310001,40.959999,17.405861,1437600
2007-08-27,40.880001,41.139999,39.970001,40.020000,17.006422,1587600
2007-08-28,40.000000,40.169998,38.520000,38.549999,16.381746,2080100
2007-08-29,38.939999,39.439999,38.580002,39.360001,16.725948,1880200
2007-08-30,38.900002,39.759998,38.820000,39.669998,16.857687,1185700
2007-08-31,39.220001,40.630001,39.220001,40.240002,17.099905,2185800
2007-09-04,40.230000,41.340000,39.889999,40.910000,17.384619,1656700
2007-09-05,40.320000,40.529999,39.880001,40.299999,17.125402,2511600
2007-09-06,40.360001,40.880001,40.020000,40.610001,17.257141,1809500
2007-09-07,39.950001,40.209999,39.680000,39.770000,16.900185,2328400
2007-09-10,40.200001,40.480000,39.279999,39.779999,16.904423,1961600
2007-09-11,39.919998,40.750000,39.869999,40.570000,17.240141,1757400
2007-09-12,40.279999,40.709999,40.099998,40.250000,17.104155,1387400
2007-09-13,40.139999,40.759998,39.919998,40.320000,17.333286,1515800
2007-09-14,40.180000,40.380001,39.549999,40.230000,17.294600,1968400
2007-09-17,39.900002,40.400002,39.750000,39.970001,17.182821,1131400
2007-09-18,40.000000,41.430000,39.930000,41.349998,17.776079,2308400
2007-09-19,41.820000,42.380001,41.590000,42.049999,18.077003,2561500
2007-09-20,41.939999,42.020000,41.389999,41.520000,17.849163,1541800
2007-09-21,41.849998,41.939999,41.360001,41.779999,17.960936,2996400
2007-09-24,41.919998,42.970001,41.860001,42.730000,18.369329,1918400
2007-09-25,42.680000,42.680000,42.110001,42.419998,18.236067,1886400
2007-09-26,42.660000,43.200001,42.349998,43.189999,18.567080,1937900
2007-09-27,43.209999,43.459999,42.959999,43.360001,18.640162,1587500
2007-09-28,43.320000,43.320000,42.139999,42.360001,18.210266,1546800
2007-10-01,42.599998,43.000000,42.320000,42.900002,18.442419,1919000
2007-10-02,42.650002,43.430000,42.580002,43.299999,18.614370,1855000
2007-10-03,43.200001,43.779999,43.040001,43.650002,18.764847,1788100
2007-10-04,43.799999,44.090000,43.029999,44.080002,18.949690,1549400
2007-10-05,44.099998,45.009998,43.660000,44.880001,19.293600,1800600
2007-10-08,44.549999,44.660000,44.000000,44.200001,19.001270,958200
2007-10-09,44.459999,44.500000,43.369999,44.279999,19.035664,1185800
2007-10-10,44.340000,44.430000,43.599998,43.740002,18.803526,1365800
2007-10-11,43.889999,44.240002,42.910000,42.939999,18.459614,1694400
2007-10-12,42.900002,43.310001,41.910000,42.119999,18.107092,1420700
2007-10-15,42.290001,42.410000,41.070000,41.320000,17.763186,1662400
2007-10-16,41.259998,41.349998,40.549999,40.900002,17.582623,1909900
2007-10-17,41.200001,41.279999,39.459999,40.169998,17.268808,1900400
2007-10-18,40.070000,41.150002,39.549999,40.590000,17.449358,1543100
2007-10-19,40.340000,40.389999,39.320000,39.520000,16.989374,2950600
2007-10-22,39.389999,40.020000,39.099998,39.669998,17.053862,1802100
2007-10-23,40.000000,40.430000,39.790001,40.430000,17.380579,1263700
2007-10-24,40.290001,40.310001,38.810001,39.549999,17.002275,1850300
2007-10-25,39.660000,39.959999,38.549999,39.270000,16.881907,2401400
2007-10-26,39.619999,40.060001,38.930000,39.320000,16.903399,1853100
2007-10-29,39.330002,39.619999,38.779999,38.900002,16.722839,1693800
2007-10-30,39.380001,40.090000,38.590000,39.869999,17.139837,1750200
2007-10-31,40.480000,41.950001,40.480000,41.779999,17.960936,3285300
2007-11-01,40.880001,42.189999,40.090000,40.200001,17.281702,3134300
2007-11-02,40.080002,40.220001,38.500000,39.110001,16.813120,3402800
2007-11-05,38.540001,39.009998,38.049999,38.540001,16.568083,2236600
2007-11-06,38.910000,38.910000,37.869999,38.700001,16.636866,1573100
2007-11-07,37.910000,38.500000,37.660000,37.730000,16.219870,2696200
2007-11-08,37.570000,38.150002,37.400002,37.849998,16.271450,3316500
2007-11-09,37.529999,38.430000,37.080002,37.820000,16.258560,2885500
2007-11-12,37.750000,38.730000,37.580002,37.680000,16.198368,2334100
2007-11-13,37.900002,39.450001,37.900002,39.349998,16.916296,2331500
2007-11-14,39.240002,40.130001,38.369999,38.430000,16.520786,2711600
2007-11-15,38.430000,38.560001,37.820000,38.110001,16.383223,3235700
2007-11-16,38.639999,38.950001,37.410000,37.759998,16.232761,3219200
2007-11-19,37.650002,37.689999,36.279999,36.480000,15.682502,2180200
2007-11-20,36.419998,37.349998,35.099998,35.930000,15.446060,3088400
2007-11-21,35.509998,36.169998,35.119999,35.830002,15.403075,2076900
2007-11-23,36.369999,37.130001,36.250000,36.919998,15.871657,948200
2007-11-26,37.150002,37.150002,34.369999,34.490002,14.827010,2844200
2007-11-27,33.790001,34.820000,33.790001,34.740002,14.934483,3689600
2007-11-28,34.930000,36.639999,34.930000,36.470001,15.678198,4493300
2007-11-29,36.250000,36.740002,35.459999,36.290001,15.600815,2369600
2007-11-30,37.090000,37.700001,36.689999,37.209999,15.996324,3791800
2007-12-03,37.200001,37.400002,36.540001,37.220001,16.000626,2917900
2007-12-04,36.919998,37.290001,36.250000,36.250000,15.583619,1961100
2007-12-05,36.509998,37.869999,36.509998,37.759998,16.232761,1761000
2007-12-06,37.750000,39.939999,37.500000,39.910000,17.157032,2566400
2007-12-07,40.000000,40.889999,39.599998,40.049999,17.217216,2562200
2007-12-10,40.080002,40.900002,39.759998,40.700001,17.496656,1856500
2007-12-11,40.680000,41.070000,37.619999,37.790001,16.245663,2765800
2007-12-12,38.720001,40.630001,36.099998,36.730000,15.789973,3816000
2007-12-13,36.480000,36.810001,35.220001,35.970001,15.463252,3039100
2007-12-14,36.049999,36.349998,34.570000,34.619999,14.882898,2266100
2007-12-17,34.400002,34.810001,34.009998,34.240002,14.719537,2517300
2007-12-18,36.049999,36.049999,34.369999,35.680000,15.338584,3768300
2007-12-19,36.009998,36.910000,35.639999,36.860001,15.845854,3107700
2007-12-20,36.540001,37.000000,35.320000,36.020000,15.690351,2715400
2007-12-21,37.099998,37.110001,36.500000,36.980000,16.108526,3083000
2007-12-24,37.580002,38.910000,37.139999,38.860001,16.927460,909600
2007-12-26,38.540001,38.540001,37.570000,37.779999,16.457010,1841400
2007-12-27,38.080002,38.080002,36.430000,36.610001,15.947351,1826400
2007-12-28,36.459999,37.570000,36.160000,36.439999,15.873299,1510300
2007-12-31,36.180000,37.130001,36.080002,36.470001,15.886373,2862400
2008-01-02,36.330002,37.060001,35.970001,36.430000,15.868954,2685700
2008-01-03,36.160000,36.730000,34.720001,34.889999,15.198117,2209400
2008-01-04,34.660000,34.869999,33.259998,33.380001,14.540361,3262200
2008-01-07,33.650002,34.099998,32.660000,33.880001,14.758166,2668400
2008-01-08,34.130001,35.360001,32.970001,33.110001,14.422748,3260300
2008-01-09,32.770000,33.660000,31.480000,33.540001,14.610053,3656200
2008-01-10,32.650002,34.840000,31.860001,34.139999,14.871419,3848200
2008-01-11,34.000000,34.509998,32.910000,33.639999,14.653623,3434600
2008-01-14,34.110001,34.430000,32.720001,33.689999,14.675399,2336000
2008-01-15,33.169998,33.330002,32.279999,32.779999,14.279005,3016400
2008-01-16,32.689999,34.000000,32.540001,33.400002,14.549076,2764800
2008-01-17,33.360001,34.020000,32.919998,33.049999,14.396612,3234600
2008-01-18,33.299999,34.000000,32.020000,32.720001,14.252869,3420300
2008-01-22,31.070000,34.389999,31.070000,33.910000,14.771236,4141000
2008-01-23,32.849998,38.150002,32.540001,37.520000,16.343750,7953100
2008-01-24,37.560001,37.700001,36.570000,37.450001,16.313259,3377000
2008-01-25,37.880001,38.400002,37.250000,37.610001,16.382957,4168500
2008-01-28,37.660000,37.830002,36.669998,37.740002,16.439585,4433500
2008-01-29,37.910000,38.380001,37.330002,37.759998,16.448292,3370000
2008-01-30,37.720001,38.500000,36.549999,36.820000,16.038837,4294700
2008-01-31,36.360001,37.849998,35.750000,37.369999,16.278414,3633700
2008-02-01,37.500000,39.000000,37.099998,38.750000,16.879547,4394700
2008-02-04,38.650002,38.650002,37.450001,38.099998,16.596401,2618700
2008-02-05,37.529999,38.270000,36.220001,36.509998,15.903794,3301300
2008-02-06,38.419998,39.000000,36.950001,37.490002,16.330690,4522200
2008-02-07,37.400002,38.779999,36.919998,38.570000,16.801126,3062900
2008-02-08,38.180000,38.560001,36.860001,37.400002,16.291483,3129100
2008-02-11,37.430000,37.529999,36.430000,36.570000,15.929927,1868800
2008-02-12,36.720001,38.599998,36.720001,38.590000,16.809843,3090200
2008-02-13,38.830002,39.220001,38.029999,38.849998,16.923100,2785200
2008-02-14,38.889999,39.169998,37.529999,38.139999,16.613825,1906000
2008-02-15,38.130001,38.599998,37.750000,38.599998,16.814199,2884500
2008-02-19,39.110001,39.279999,37.959999,38.259998,16.666096,3156700
2008-02-20,38.099998,39.939999,38.009998,39.880001,17.371767,4169900
2008-02-21,39.939999,40.599998,39.080002,39.250000,17.097338,3624000
2008-02-22,39.400002,40.090000,38.669998,40.090000,17.463243,2810100
2008-02-25,40.040001,41.259998,39.430000,41.220001,17.955484,3241600
2008-02-26,40.830002,40.980000,40.029999,40.410000,17.602640,3451400
2008-02-27,40.110001,40.680000,39.660000,40.040001,17.441467,2324900
2008-02-28,39.689999,39.689999,38.599998,38.820000,16.910034,2516300
2008-02-29,38.459999,38.889999,38.040001,38.180000,16.631252,3417000
2008-03-03,38.049999,39.279999,37.939999,39.150002,17.053780,3187900
2008-03-04,38.709999,39.060001,37.860001,38.810001,16.905676,2804300
2008-03-05,38.830002,39.560001,38.290001,38.740002,16.875183,2134400
2008-03-06,38.700001,38.750000,36.599998,36.709999,15.990912,3257400
2008-03-07,36.200001,37.419998,35.759998,37.209999,16.208714,4017300
2008-03-10,37.160000,37.330002,36.029999,36.240002,15.786183,2561800
2008-03-11,37.139999,38.939999,37.090000,38.790001,16.896971,5099800
2008-03-12,38.799999,40.189999,38.240002,38.240002,16.657389,3879700
2008-03-13,37.570000,38.880001,36.520000,38.639999,17.046940,4844700
2008-03-14,38.849998,39.320000,37.160000,38.619999,17.038122,4545300
2008-03-17,37.669998,38.990002,37.529999,38.259998,16.879290,5347600
2008-03-18,39.000000,40.610001,38.490002,40.590000,17.907225,4780400
2008-03-19,41.259998,41.689999,40.279999,40.380001,17.814585,3162900
2008-03-20,40.580002,42.439999,40.450001,42.230000,18.630751,3855600
2008-03-24,42.320000,43.770000,42.320000,43.509998,19.195452,4266000
2008-03-25,43.439999,43.779999,42.599998,43.529999,19.204279,4192300
2008-03-26,43.500000,43.500000,41.570000,41.580002,18.343990,3722900
2008-03-27,42.340000,42.340000,41.000000,41.009998,18.092516,2927000
2008-03-28,41.279999,41.310001,40.200001,40.349998,17.801352,3236500
2008-03-31,40.259998,42.130001,40.259998,41.490002,18.304285,3439100
2008-04-01,42.209999,44.279999,42.029999,44.259998,19.526329,4099500
2008-04-02,44.490002,44.560001,42.970001,43.259998,19.085165,3107400
2008-04-03,43.330002,43.750000,42.830002,43.750000,19.301346,3700600
2008-04-04,43.990002,44.060001,43.119999,43.290001,19.098396,2595100
2008-04-07,43.639999,43.779999,42.689999,43.279999,19.093977,1814600
2008-04-08,43.049999,43.049999,42.000000,42.110001,18.577814,2540800
2008-04-09,42.189999,42.230000,40.980000,40.980000,18.079285,2680400
2008-04-10,40.980000,41.180000,40.459999,40.869999,18.030762,3425700
2008-04-11,40.299999,41.000000,39.900002,40.349998,17.801352,1759900
2008-04-14,40.389999,40.919998,40.110001,40.180000,17.726345,1975300
2008-04-15,40.360001,40.849998,39.860001,40.570000,17.898403,2614200
2008-04-16,40.860001,42.400002,40.520000,42.290001,18.657217,3255000
2008-04-17,41.910000,42.490002,41.660000,42.389999,18.701336,1708900
2008-04-18,42.900002,43.130001,41.919998,42.389999,18.701336,1780400
2008-04-21,41.990002,42.200001,41.730000,41.959999,18.511637,1733400
2008-04-22,41.759998,41.980000,41.169998,41.320000,18.229288,1751500
2008-04-23,41.430000,42.419998,41.240002,42.349998,18.683702,1627900
2008-04-24,42.520000,43.459999,42.169998,43.340000,19.120451,1947800
2008-04-25,43.639999,43.869999,43.330002,43.799999,19.323397,2097000
2008-04-28,43.599998,43.700001,42.849998,42.939999,18.943991,1608700
2008-04-29,42.689999,43.070000,42.180000,42.430000,18.718987,1703300
2008-04-30,42.619999,43.139999,41.520000,41.520000,18.317520,1936800
2008-05-01,40.389999,43.130001,40.389999,42.990002,18.966042,2035700
2008-05-02,43.220001,44.389999,42.630001,43.630001,19.248400,4411700
2008-05-05,43.290001,43.439999,42.700001,43.380001,19.138102,1352500
2008-05-06,43.099998,44.070000,42.950001,43.980000,19.402807,2207800
2008-05-07,43.830002,44.150002,42.169998,42.279999,18.652813,1920200
2008-05-08,42.840000,42.840000,41.310001,41.849998,18.463108,1426500
2008-05-09,40.930000,42.180000,40.930000,41.650002,18.374872,1862700
2008-05-12,41.840000,43.570000,41.840000,43.470001,19.177809,1753100
2008-05-13,43.639999,43.639999,42.669998,43.310001,19.107222,1391100
2008-05-14,43.630001,44.080002,43.270000,43.860001,19.349863,1344100
2008-05-15,43.610001,44.360001,43.040001,44.250000,19.521923,2009000
2008-05-16,44.150002,44.459999,43.570000,44.070000,19.442513,1541800
2008-05-19,44.849998,44.889999,44.020000,44.450001,19.610157,1455600
2008-05-20,44.389999,44.439999,43.080002,43.259998,19.085165,1542200
2008-05-21,43.509998,43.740002,41.869999,41.930000,18.498405,2141700
2008-05-22,41.790001,42.060001,41.549999,41.740002,18.414583,1795700
2008-05-23,40.700001,41.349998,40.630001,40.970001,18.074875,1639300
2008-05-27,41.180000,41.919998,40.959999,41.560001,18.335163,1553200
2008-05-28,41.509998,41.820000,41.070000,41.759998,18.423407,1885400
2008-05-29,41.450001,42.740002,41.439999,42.590000,18.789574,1860500
2008-05-30,42.509998,42.669998,42.060001,42.290001,18.657217,1786800
2008-06-02,41.900002,42.009998,41.450001,41.770000,18.427811,1621500
2008-06-03,42.279999,43.060001,42.119999,42.910000,18.930746,2510300
2008-06-04,42.900002,43.939999,42.730000,43.669998,19.266037,2630500
2008-06-05,44.000000,44.349998,43.540001,44.160000,19.482220,2358600
2008-06-06,43.340000,43.820000,42.330002,42.549999,18.771927,2482700
2008-06-09,42.529999,43.240002,41.310001,41.349998,18.242527,2234100
2008-06-10,41.009998,42.099998,40.759998,41.779999,18.432224,2150200
2008-06-11,41.910000,42.080002,41.000000,41.330002,18.233700,2539700
2008-06-12,41.410000,42.209999,40.869999,41.650002,18.592146,2421800
2008-06-13,41.869999,42.610001,41.340000,42.610001,19.020683,1922200
2008-06-16,42.169998,43.430000,41.869999,43.299999,19.328688,1955900
2008-06-17,43.799999,43.799999,41.500000,41.509998,18.529655,1699500
2008-06-18,41.070000,41.529999,40.480000,40.740002,18.185936,2562600
2008-06-19,40.849998,41.610001,40.299999,41.610001,18.574289,2060700
2008-06-20,41.639999,41.799999,40.290001,40.349998,18.011841,2370000
2008-06-23,40.520000,40.669998,39.139999,39.259998,17.525280,2056300
2008-06-24,39.099998,39.970001,38.630001,39.590000,17.672583,2296600
2008-06-25,39.669998,41.099998,39.669998,40.189999,17.940418,2438500
2008-06-26,39.669998,39.959999,38.240002,38.380001,17.132450,2996700
2008-06-27,38.700001,39.009998,38.049999,38.250000,17.074421,2476600
2008-06-30,38.130001,39.099998,37.759998,38.270000,17.083353,2207900
2008-07-01,37.610001,38.320000,36.840000,38.189999,17.047640,3990400
2008-07-02,38.099998,38.220001,37.230000,37.290001,16.645889,2336800
2008-07-03,37.689999,38.290001,37.220001,37.830002,16.886940,1314300
2008-07-07,37.860001,38.660000,37.470001,37.790001,16.869080,3751200
2008-07-08,39.930000,41.790001,38.049999,41.119999,18.355553,5536900
2008-07-09,40.770000,41.020000,37.549999,38.099998,17.007463,4453500
2008-07-10,37.740002,39.590000,37.599998,39.020000,17.418144,3742700
2008-07-11,38.020000,40.360001,37.000000,39.270000,17.529737,3346700
2008-07-14,39.730000,40.099998,38.320000,38.439999,17.159241,4959500
2008-07-15,38.389999,39.430000,37.330002,37.599998,16.784264,5827500
2008-07-16,37.360001,40.740002,37.000000,40.480000,18.069880,4945400
2008-07-17,40.869999,41.639999,39.660000,41.310001,18.440374,5419000
2008-07-18,41.259998,41.770000,40.360001,41.299999,18.435904,3971400
2008-07-21,41.330002,41.959999,41.000000,41.759998,18.641256,3056800
2008-07-22,41.549999,43.340000,40.939999,43.169998,19.270660,3899200
2008-07-23,43.270000,45.369999,42.790001,44.540001,19.882223,4911300
2008-07-24,44.410000,44.410000,40.919998,41.290001,18.431458,5804300
2008-07-25,41.790001,43.180000,41.250000,42.720001,19.069792,4006000
2008-07-28,42.720001,43.299999,41.349998,41.470001,18.511806,3617000
2008-07-29,41.590000,44.580002,41.590000,43.709999,19.511705,4881000
2008-07-30,43.810001,44.000000,41.770000,43.389999,19.368877,3802300
2008-07-31,41.689999,44.000000,41.270000,43.169998,19.270660,3524300
2008-08-01,43.650002,44.330002,42.070000,44.119999,19.694727,3757900
2008-08-04,44.139999,44.570000,43.330002,44.110001,19.690260,3490200
2008-08-05,44.450001,47.290001,44.349998,46.869999,20.922304,5170700
2008-08-06,45.290001,46.480000,44.610001,45.959999,20.516088,4214200
2008-08-07,44.790001,45.500000,43.380001,43.689999,19.502777,5181000
2008-08-08,43.900002,45.910000,43.400002,45.599998,20.355396,3648900
2008-08-11,45.700001,47.720001,45.470001,47.139999,21.042831,4339700
2008-08-12,46.310001,46.680000,44.970001,45.299999,20.221470,3821500
2008-08-13,45.369999,45.680000,44.090000,44.639999,19.926857,3445400
2008-08-14,43.560001,45.900002,43.560001,45.570000,20.342003,2642800
2008-08-15,45.700001,46.330002,44.610001,44.889999,20.038454,2812500
2008-08-18,45.349998,45.349998,43.540001,43.939999,19.614376,3257900
2008-08-19,43.380001,43.750000,42.200001,42.580002,19.007290,4947800
2008-08-20,42.500000,43.009998,41.700001,42.410000,18.931402,3490900
2008-08-21,41.009998,42.000000,40.980000,41.340000,18.453768,4786900
2008-08-22,41.889999,42.910000,41.369999,42.750000,19.083183,3722600
2008-08-25,42.930000,42.930000,41.220001,41.389999,18.476089,2817100
2008-08-26,41.430000,42.380001,41.020000,42.049999,18.770706,2888000
2008-08-27,42.009998,42.259998,41.009998,41.830002,18.672503,2569800
2008-08-28,42.009998,43.009998,41.759998,42.950001,19.172462,3600800
2008-08-29,42.419998,42.919998,42.020000,42.200001,18.837656,2252200
2008-09-02,42.759998,43.459999,41.599998,42.410000,18.931402,2829300
2008-09-03,42.590000,43.849998,42.020000,43.779999,19.542959,3320900
2008-09-04,43.740002,43.740002,41.540001,41.650002,18.592146,3573600
2008-09-05,41.279999,42.349998,40.950001,42.349998,18.904625,2964100
2008-09-08,44.000000,44.750000,43.029999,44.689999,19.949173,5154400
2008-09-09,44.689999,44.740002,41.779999,42.259998,18.864443,5509800
2008-09-10,42.900002,43.029999,41.080002,42.459999,18.953728,4691800
2008-09-11,41.349998,42.400002,40.840000,42.369999,19.131172,3681000
2008-09-12,41.770000,42.939999,41.529999,42.849998,19.347908,2276700
2008-09-15,42.580002,42.580002,39.599998,40.000000,18.061054,6455200
2008-09-16,39.500000,41.970001,39.410000,41.730000,18.842197,6660200
2008-09-17,40.540001,41.720001,39.320000,39.660000,17.907537,5837400
2008-09-18,40.130001,49.000000,39.290001,49.000000,22.124788,9287600
2008-09-19,48.299999,49.000000,44.490002,47.529999,21.461052,9509900
2008-09-22,46.509998,46.650002,43.000000,43.450001,19.618824,5080500
2008-09-23,43.400002,44.750000,42.630001,43.180000,19.496910,3908800
2008-09-24,43.340000,43.770000,42.150002,42.740002,19.298237,3259700
2008-09-25,43.400002,44.389999,42.349998,43.849998,19.799435,3795700
2008-09-26,43.299999,45.580002,42.340000,45.509998,20.548971,3723100
2008-09-29,44.610001,44.880001,41.000000,41.520000,18.747374,5469600
2008-09-30,42.650002,44.709999,42.180000,44.410000,20.052286,4838600
2008-10-01,43.099998,43.759998,42.630001,43.090000,19.456280,3228000
2008-10-02,42.509998,42.540001,40.500000,40.830002,18.435823,4633300
2008-10-03,41.619999,42.110001,38.919998,39.139999,17.672749,5206500
2008-10-06,37.610001,39.830002,36.169998,38.669998,17.460526,6613600
2008-10-07,38.099998,38.869999,36.020000,36.639999,16.543928,8087100
2008-10-08,35.570000,38.790001,35.080002,36.990002,16.701960,7075600
2008-10-09,37.099998,38.240002,33.320000,33.380001,15.071953,7359100
2008-10-10,32.279999,41.000000,32.000000,41.000000,18.512592,13278500
2008-10-13,41.490002,41.490002,36.560001,39.439999,17.808199,7524900
2008-10-14,40.490002,41.130001,33.119999,35.910000,16.214315,7783100
2008-10-15,35.740002,35.740002,29.740000,30.280001,13.672217,8150900
2008-10-16,31.000000,33.060001,29.719999,32.320000,14.593335,8321400
2008-10-17,31.670000,33.810001,30.469999,32.509998,14.679128,4459100
2008-10-20,32.560001,33.389999,31.320000,33.250000,15.013259,3950700
2008-10-21,32.759998,34.000000,32.180000,32.520000,14.683640,3620900
2008-10-22,32.099998,32.349998,28.959999,29.980000,13.536758,6771700
2008-10-23,30.080000,31.700001,28.200001,31.500000,14.223083,7068200
2008-10-24,28.889999,32.000000,28.690001,30.080000,13.581917,5848700
2008-10-27,29.690001,31.660000,28.379999,28.719999,12.967840,4663500
2008-10-28,29.490000,33.259998,27.850000,31.900000,14.403691,7228200
2008-10-29,31.820000,33.750000,30.590000,31.930000,14.417241,5957900
2008-10-30,33.209999,33.250000,30.750000,32.060001,14.475937,4737400
2008-10-31,32.430000,35.220001,31.629999,34.930000,15.771819,5742300
2008-11-03,34.570000,35.099998,32.639999,32.970001,14.886827,2989300
2008-11-04,33.130001,35.560001,32.919998,35.139999,15.866636,4832100
2008-11-05,34.509998,34.930000,31.000000,31.400000,14.177936,6057900
2008-11-06,31.160000,31.510000,29.540001,29.830000,13.469033,4710200
2008-11-07,29.950001,33.430000,29.430000,33.060001,14.927464,5389300
2008-11-10,33.570000,33.570000,29.920000,30.330000,13.694800,4665200
2008-11-11,30.030001,31.340000,29.350000,30.520000,13.780582,4329000
2008-11-12,31.090000,31.230000,29.040001,29.150000,13.161997,6516700
2008-11-13,29.770000,32.849998,27.490000,32.049999,14.471423,9418200
2008-11-14,30.990000,31.889999,27.219999,27.660000,12.489223,6471600
2008-11-17,27.660000,28.510000,26.480000,26.620001,12.019634,6904000
2008-11-18,26.700001,27.879999,25.110001,26.500000,11.965446,5222700
2008-11-19,26.440001,26.650000,22.780001,23.209999,10.479932,8113200
2008-11-20,23.100000,25.530001,21.270000,22.129999,9.992278,12193600
2008-11-21,22.620001,25.510000,21.629999,25.350000,11.446196,11909600
2008-11-24,26.270000,30.760000,24.990000,29.940001,13.518703,11988300
2008-11-25,30.129999,30.830000,27.910000,29.770000,13.441938,11719600
2008-11-26,29.059999,31.600000,28.330000,31.410000,14.182448,8237700
2008-11-28,31.410000,31.840000,30.230000,30.430000,13.739950,4183300
2008-12-01,29.830000,29.940001,23.750000,23.850000,10.768909,10673900
2008-12-02,25.280001,29.200001,25.070000,28.670000,12.945262,11695000
2008-12-03,27.389999,31.049999,26.889999,30.680000,13.852833,10239000
2008-12-04,29.629999,32.590000,28.920000,29.540001,13.338088,9983800
2008-12-05,29.940001,34.020000,28.889999,33.639999,15.189348,8747500
2008-12-08,34.650002,34.869999,32.400002,34.599998,15.622812,9834600
2008-12-09,33.880001,34.910000,31.400000,31.969999,14.435296,7606300
2008-12-10,32.639999,34.619999,31.809999,34.480000,15.568634,6454900
2008-12-11,33.799999,34.040001,27.059999,27.430000,12.385371,14001800
2008-12-12,26.660000,31.750000,26.170000,31.650000,14.290813,10914100
2008-12-15,31.330000,31.430000,28.690001,29.660000,13.392272,6673600
2008-12-16,29.940001,33.480000,29.280001,33.189999,14.986164,12022800
2008-12-17,32.110001,34.570000,30.790001,33.290001,15.031316,7527100
2008-12-18,32.849998,32.869999,28.330000,28.860001,13.222900,10460800
2008-12-19,29.459999,30.139999,28.400000,29.530001,13.529881,6874900
2008-12-22,28.920000,28.920000,27.049999,28.400000,13.012142,6683900
2008-12-23,28.660000,29.150000,27.360001,27.520000,12.608949,4255900
2008-12-24,27.830000,28.280001,27.480000,27.760000,12.718914,1381100
2008-12-26,27.770000,28.320000,27.340000,28.110001,12.879274,1393600
2008-12-29,27.920000,28.000000,26.440001,26.980000,12.361532,3511200
2008-12-30,27.040001,28.389999,27.040001,28.139999,12.893011,3746500
2008-12-31,27.850000,30.059999,27.639999,29.820000,13.662751,4479500
2009-01-02,29.870001,29.870001,28.049999,28.230000,12.934250,3956500
2009-01-05,27.940001,28.389999,26.950001,27.290001,12.503570,4817700
2009-01-06,27.570000,28.219999,26.690001,27.940001,12.801384,6549700
2009-01-07,27.389999,28.170000,27.000000,27.219999,12.471496,4039000
2009-01-08,27.010000,27.290001,26.400000,26.920000,12.334036,4434200
2009-01-09,27.129999,27.200001,25.610001,25.820000,11.830053,5056600
2009-01-12,25.879999,25.900000,24.010000,24.350000,11.156536,5852500
2009-01-13,24.250000,26.170000,24.059999,25.690001,11.770489,6397700
2009-01-14,24.840000,25.480000,24.469999,24.969999,11.440603,7298800
2009-01-15,24.910000,27.240000,24.309999,26.219999,12.013321,7516500
2009-01-16,27.010000,27.450001,25.260000,27.270000,12.494403,8853600
2009-01-20,26.990000,27.270000,24.000000,24.180000,11.078647,9891500
2009-01-21,24.650000,26.340000,23.400000,26.190001,11.999578,9158200
2009-01-22,24.770000,25.590000,23.750000,24.379999,11.170278,8357000
2009-01-23,23.510000,25.320000,23.420000,25.129999,11.513915,5988300
2009-01-26,25.540001,25.540001,24.309999,24.709999,11.321476,4876400
2009-01-27,24.990000,25.469999,24.510000,25.020000,11.463512,4719400
2009-01-28,26.219999,27.520000,25.320000,27.360001,12.535645,8995500
2009-01-29,26.530001,26.680000,24.780001,24.980000,11.445188,8511800
2009-01-30,25.600000,25.809999,23.389999,23.930000,10.964103,8420700
2009-02-02,23.360001,24.260000,22.930000,24.190001,11.083226,5949700
2009-02-03,24.549999,24.549999,23.540001,23.750000,10.881633,6045100
2009-02-04,24.000000,24.790001,23.320000,23.420000,10.730437,6421300
2009-02-05,23.170000,23.170000,20.790001,21.389999,9.800341,10376200
2009-02-06,21.780001,23.270000,21.230000,23.070000,10.570076,7683300
2009-02-09,23.150000,23.530001,22.490000,23.459999,10.748762,4736100
2009-02-10,22.690001,23.459999,20.850000,21.049999,9.644566,9892600
2009-02-11,21.200001,22.450001,20.660000,22.290001,10.212695,7852600
2009-02-12,21.639999,22.309999,20.400000,21.940001,10.052337,8805300
2009-02-13,21.770000,22.290001,20.990000,21.049999,9.644566,7990200
2009-02-17,19.900000,20.440001,18.969999,19.209999,8.801522,10100700
2009-02-18,19.230000,19.990000,18.650000,19.920000,9.126826,7209300
2009-02-19,20.650000,20.740000,18.549999,18.830000,8.627415,7230300
2009-02-20,18.600000,20.620001,18.260000,20.469999,9.378821,10064300
2009-02-23,20.719999,20.719999,18.459999,18.490000,8.471636,9466000
2009-02-24,18.700001,20.309999,18.490000,20.200001,9.255117,10582100
2009-02-25,19.540001,20.299999,18.650000,19.459999,8.916069,10468500
2009-02-26,19.790001,19.870001,17.980000,18.100000,8.292952,8960100
2009-02-27,17.580000,18.570000,17.510000,17.600000,8.063863,11621900
2009-03-02,17.120001,17.840000,16.430000,16.719999,7.660671,11334500
2009-03-03,17.070000,17.860001,16.260000,16.959999,7.770630,9435100
2009-03-04,17.139999,18.340000,16.969999,17.910000,8.205895,9349100
2009-03-05,17.440001,17.590000,16.530001,16.709999,7.656091,9143900
2009-03-06,17.000000,17.309999,15.680000,17.090000,7.830194,10491100
2009-03-09,16.830000,17.690001,16.580000,17.590000,8.059278,7775400
2009-03-10,18.000000,20.070000,17.559999,20.030001,9.177225,14788000
2009-03-11,20.190001,20.530001,19.110001,19.680000,9.016863,11420000
2009-03-12,19.190001,21.260000,18.719999,21.110001,9.915403,11459700
2009-03-13,21.110001,21.110001,19.490000,20.330000,9.549038,7726400
2009-03-16,19.889999,20.299999,18.360001,18.530001,8.703574,9891000
2009-03-17,18.629999,20.410000,18.040001,20.379999,9.572521,8508600
2009-03-18,20.110001,21.420000,19.219999,21.389999,10.046919,10081900
2009-03-19,21.690001,21.760000,19.049999,19.200001,9.018272,9279000
2009-03-20,19.250000,19.260000,16.990000,16.990000,7.980234,11125000
2009-03-23,17.540001,20.780001,17.540001,20.559999,9.657067,14607500
2009-03-24,19.850000,20.299999,18.350000,18.629999,8.750544,9926400
2009-03-25,19.040001,19.580000,17.260000,19.170000,9.004182,10457400
2009-03-26,19.420000,19.770000,17.730000,19.629999,9.220244,9347000
2009-03-27,19.209999,19.299999,18.360001,18.500000,8.689484,6824100
2009-03-30,17.299999,17.840000,16.920000,17.030001,7.999021,7928400
2009-03-31,17.670000,18.690001,17.240000,18.350000,8.619029,11658600
2009-04-01,17.879999,18.750000,17.730000,18.389999,8.637812,7804000
2009-04-02,19.049999,19.959999,18.440001,19.709999,9.257820,12955800
2009-04-03,19.660000,21.700001,19.010000,21.670000,10.178435,10800100
2009-04-06,21.320000,21.950001,20.500000,21.469999,10.084495,7365300
2009-04-07,20.780001,20.980000,19.020000,19.040001,8.943122,8660700
2009-04-08,19.350000,19.840000,18.780001,19.400000,9.112215,8162700
2009-04-09,20.040001,22.889999,19.790001,22.740000,10.681016,12290000
2009-04-13,22.389999,23.500000,21.900000,22.920000,10.765563,7356400
2009-04-14,22.389999,22.770000,20.250000,20.430000,9.596008,11695100
2009-04-15,20.190001,22.500000,20.020000,22.400000,10.521319,9822000
2009-04-16,22.410000,23.850000,20.700001,22.719999,10.671625,9306700
2009-04-17,22.690001,23.650000,21.840000,22.670000,10.648138,8670100
2009-04-20,22.150000,22.190001,19.590000,19.700001,9.253126,10711100
2009-04-21,19.350000,22.900000,19.100000,22.900000,10.756167,10946300
2009-04-22,22.070000,22.620001,20.750000,20.750000,9.746309,9925500
2009-04-23,21.000000,22.320000,20.629999,22.059999,10.361622,6888600
2009-04-24,22.000000,23.770000,21.530001,23.209999,10.901775,8689500
2009-04-27,22.490000,22.660000,20.459999,20.990000,9.859041,8252800
2009-04-28,20.549999,22.209999,20.500000,21.530001,10.112681,5106600
2009-04-29,21.740000,22.950001,21.450001,22.580000,10.605865,7602400
2009-04-30,22.799999,23.680000,22.100000,22.889999,10.751471,6456900
2009-05-01,22.700001,22.850000,21.250000,21.469999,10.084495,6420300
2009-05-04,21.830000,23.799999,21.580000,23.760000,11.160114,8188800
2009-05-05,23.520000,23.629999,22.410000,22.990000,10.798445,7513400
2009-05-06,23.500000,23.790001,22.389999,23.629999,11.099051,7938200
2009-05-07,23.709999,23.879999,21.160000,21.600000,10.145560,11395500
2009-05-08,22.219999,24.299999,21.760000,24.260000,11.394961,9450400
2009-05-11,23.500000,23.820000,22.709999,22.790001,10.704503,7301600
2009-05-12,23.059999,23.340000,21.760000,22.650000,10.638743,5882000
2009-05-13,22.150000,22.180000,21.020000,21.280001,9.995256,8079200
2009-05-14,21.559999,22.950001,21.270000,22.740000,10.681016,7558900
2009-05-15,22.559999,22.889999,21.700001,22.040001,10.352227,7331400
2009-05-18,22.610001,24.500000,22.410000,24.379999,11.451325,9228300
2009-05-19,23.980000,24.150000,23.160000,23.379999,10.981624,6412400
2009-05-20,23.780001,24.340000,22.900000,22.969999,10.789047,5822400
2009-05-21,22.840000,23.379999,22.400000,23.049999,10.826621,5183500
2009-05-22,23.320000,23.420000,22.340000,22.379999,10.511924,4157700
2009-05-26,22.219999,23.790001,22.000000,23.650000,11.108446,8400000
2009-05-27,23.530001,23.730000,22.400000,22.510000,10.572988,7691900
2009-05-28,22.959999,23.530001,22.370001,23.440001,11.009807,6029400
2009-05-29,23.490000,24.340000,23.040001,24.340000,11.432539,5962800
2009-06-01,24.570000,26.240000,24.400000,25.250000,11.859968,8458000
2009-06-02,25.219999,25.430000,24.170000,24.250000,11.390265,6518500
2009-06-03,24.170000,24.690001,23.950001,24.610001,11.559360,4626000
2009-06-04,24.110001,25.379999,24.110001,24.990000,11.737847,5896300
2009-06-05,25.309999,25.480000,24.440001,24.639999,11.573449,6119200
2009-06-08,24.559999,25.030001,24.330000,24.740000,11.620419,4867800
2009-06-09,24.820000,25.150000,24.420000,24.980000,11.733148,4659900
2009-06-10,25.340000,25.340000,23.440001,24.120001,11.329206,7419900
2009-06-11,23.860001,24.080000,22.959999,23.059999,11.052650,5304900
2009-06-12,23.049999,23.920000,22.889999,23.910000,11.460057,4855300
2009-06-15,23.480000,23.500000,22.480000,22.719999,10.889688,6314100
2009-06-16,22.950001,23.170000,22.049999,22.330000,10.702761,4066300
2009-06-17,22.250000,22.670000,21.840000,21.910000,10.501455,5222200
2009-06-18,22.070000,22.709999,21.719999,22.510000,10.789035,4512100
2009-06-19,23.030001,23.030001,22.059999,22.389999,10.731520,4897400
2009-06-22,22.110001,22.309999,21.350000,21.480000,10.295360,6454000
2009-06-23,21.719999,22.059999,21.330000,21.650000,10.376839,4283100
2009-06-24,21.690001,22.180000,21.670000,21.940001,10.515833,3585300
2009-06-25,21.820000,22.290001,21.420000,22.170000,10.626075,3871600
2009-06-26,22.059999,22.430000,21.690001,22.270000,10.674005,3109100
2009-06-29,22.299999,22.410000,21.879999,22.139999,10.611696,3752800
2009-06-30,22.150000,22.490000,21.959999,22.230000,10.654833,3616700
2009-07-01,22.340000,22.520000,22.200001,22.330000,10.702761,3471200
2009-07-02,22.049999,22.080000,20.910000,21.000000,10.065292,5958200
2009-07-06,21.100000,21.620001,20.879999,21.570000,10.338490,6792300
2009-07-07,21.420000,21.440001,20.330000,20.430000,9.792091,6585000
2009-07-08,20.650000,20.650000,19.520000,20.040001,9.605166,7221900
2009-07-09,20.250000,20.410000,19.490000,19.549999,9.370305,4602100
2009-07-10,19.389999,19.660000,18.799999,19.260000,9.231314,3490300
2009-07-13,19.450001,20.320000,19.420000,20.270000,9.715405,6429000
2009-07-14,20.170000,20.469999,19.620001,20.240000,9.701027,3884800
2009-07-15,20.450001,21.020000,20.139999,20.760000,9.950257,5603800
2009-07-16,20.580000,21.100000,20.150000,20.920000,10.026949,3721100
2009-07-17,20.889999,20.889999,19.900000,20.030001,9.600371,4728600
2009-07-20,20.299999,20.950001,20.190001,20.889999,10.012571,4257500
2009-07-21,21.150000,21.150000,20.200001,20.629999,9.887951,4112200
2009-07-22,20.290001,21.139999,20.290001,20.709999,9.926294,3083300
2009-07-23,20.889999,21.760000,20.600000,21.520000,10.314531,5476800
2009-07-24,21.190001,21.430000,20.860001,21.230000,10.175530,4206200
2009-07-27,21.309999,21.760000,20.980000,21.750000,10.424769,4314100
2009-07-28,21.530001,22.360001,21.400000,22.200001,10.640452,4327100
2009-07-29,22.000000,22.100000,21.610001,21.870001,10.482283,4147100
2009-07-30,22.799999,23.940001,22.549999,23.620001,11.321054,9257700
2009-07-31,23.549999,24.209999,23.389999,24.000000,11.503188,7228900
2009-08-03,24.309999,24.540001,24.170000,24.440001,11.714087,5736000
2009-08-04,24.370001,26.180000,24.219999,26.090000,12.504925,9249600
2009-08-05,26.120001,27.719999,25.820000,27.610001,13.233463,6384600
2009-08-06,27.889999,28.969999,27.700001,28.010000,13.425184,7426100
2009-08-07,28.280001,30.750000,28.090000,30.049999,14.402956,7473000
2009-08-10,29.990000,30.040001,28.700001,28.990000,13.894892,5154600
2009-08-11,28.700001,28.980000,27.520000,27.760000,13.305355,6398200
2009-08-12,28.040001,28.510000,27.670000,27.799999,13.324530,5658000
2009-08-13,28.280001,28.350000,27.660000,27.850000,13.348498,3439600
2009-08-14,27.480000,27.520000,26.530001,27.280001,13.075294,4543800
2009-08-17,26.420000,26.719999,26.020000,26.139999,12.528894,5544100
2009-08-18,26.299999,26.900000,26.170000,26.670000,12.782923,3385300
2009-08-19,26.250000,26.480000,25.950001,26.400000,12.653510,3261300
2009-08-20,26.270000,27.480000,26.270000,27.430000,13.147194,3752600
2009-08-21,27.610001,28.660000,27.299999,27.650000,13.252638,4455100
2009-08-24,27.780001,28.070000,27.299999,27.450001,13.156774,3407600
2009-08-25,27.799999,28.180000,27.160000,27.360001,13.113640,4886000
2009-08-26,27.430000,27.830000,27.280001,27.820000,13.334115,3534600
2009-08-27,27.950001,27.950001,27.120001,27.900000,13.372461,3446500
2009-08-28,28.110001,28.260000,27.250000,27.799999,13.324530,4384600
2009-08-31,27.360001,27.629999,27.080000,27.309999,13.089674,3744700
2009-09-01,27.110001,27.510000,26.049999,26.120001,12.519308,6034800
2009-09-02,26.490000,26.490000,25.910000,25.910000,12.418655,4332500
2009-09-03,26.190001,26.480000,25.719999,26.469999,12.687060,4455100
2009-09-04,26.309999,26.670000,25.879999,26.660000,12.778130,2870200
2009-09-08,26.879999,27.580000,26.709999,27.570000,13.214296,3984700
2009-09-09,27.469999,28.770000,27.200001,28.770000,13.789454,5792000
2009-09-10,28.770000,29.360001,28.139999,29.240000,14.014727,3974100
2009-09-11,29.270000,29.370001,28.700001,29.150000,13.971585,4175000
2009-09-14,28.950001,30.020000,28.680000,30.010000,14.383789,2956800
2009-09-15,30.129999,30.870001,29.700001,30.559999,14.647401,5167800
2009-09-16,30.400000,32.009998,30.400000,31.990000,15.332797,4974100
2009-09-17,31.690001,32.910000,31.139999,31.610001,15.312456,4615500
2009-09-18,32.049999,32.150002,31.309999,31.750000,15.380272,6120500
2009-09-21,31.549999,32.410000,31.389999,31.700001,15.356050,4229000
2009-09-22,32.000000,33.060001,32.000000,32.860001,15.917975,4248800
2009-09-23,32.880001,33.020000,31.250000,31.250000,15.138062,4758600
2009-09-24,31.490000,31.840000,29.969999,30.389999,14.721465,5863700
2009-09-25,30.240000,30.820000,29.920000,30.240000,14.648801,4239700
2009-09-28,30.370001,31.469999,30.370001,31.459999,15.239791,4052900
2009-09-29,30.740000,31.719999,30.590000,30.719999,14.881317,4609200
2009-09-30,30.780001,31.120001,30.250000,30.700001,14.871632,5780700
2009-10-01,30.570000,30.760000,28.799999,28.900000,13.999678,6215600
2009-10-02,28.340000,29.650000,28.180000,28.620001,13.864040,4708400
2009-10-05,28.850000,29.650000,28.850000,29.379999,14.232199,3976600
2009-10-06,29.670000,29.879999,28.530001,29.000000,14.048120,3952400
2009-10-07,28.830000,29.320000,28.520000,29.030001,14.062656,2796300
2009-10-08,29.309999,30.000000,29.200001,29.809999,14.440499,4628000
2009-10-09,29.620001,30.290001,29.260000,30.209999,14.634267,5047100
2009-10-12,30.299999,30.639999,29.959999,30.200001,14.629424,1913000
2009-10-13,29.980000,30.200001,29.500000,29.650000,14.362986,3282700
2009-10-14,29.990000,30.570000,29.959999,30.430000,14.740840,4591400
2009-10-15,30.100000,30.350000,29.790001,29.969999,14.518003,2621200
2009-10-16,29.670000,29.719999,28.990000,29.059999,14.077186,3786400
2009-10-19,29.230000,29.709999,28.910000,29.610001,14.343618,3937700
2009-10-20,29.480000,29.580000,28.840000,29.040001,14.067497,3095800
2009-10-21,29.090000,29.590000,28.270000,28.330000,13.723559,3791200
2009-10-22,28.350000,29.190001,28.100000,29.160000,14.125629,4553000
2009-10-23,29.160000,29.209999,28.650000,28.969999,14.033586,4156900
2009-10-26,28.940001,29.809999,28.940001,29.110001,14.101410,4039300
2009-10-27,29.080000,29.250000,28.600000,28.740000,13.922170,3042900
2009-10-28,28.520000,29.090000,27.540001,27.559999,13.350564,4830900
2009-10-29,28.070000,29.190001,27.980000,29.059999,14.077186,5203600
2009-10-30,28.920000,29.440001,28.049999,28.879999,13.989988,7614800
2009-11-02,29.110001,29.629999,28.049999,28.879999,13.989988,4316700
2009-11-03,28.490000,29.309999,28.270000,29.200001,14.145000,4484200
2009-11-04,29.469999,29.600000,28.480000,28.549999,13.830129,4492700
2009-11-05,28.750000,29.400000,28.629999,29.270000,14.178918,3373400
2009-11-06,28.840000,29.110001,28.469999,28.850000,13.975454,3174100
2009-11-09,29.049999,30.090000,29.049999,30.070000,14.566452,6172300
2009-11-10,30.100000,30.920000,29.690001,30.590000,14.818348,4411200
2009-11-11,30.809999,31.620001,30.809999,31.420000,15.220411,3174100
2009-11-12,31.250000,31.660000,31.100000,31.110001,15.070248,3026000
2009-11-13,31.100000,31.820000,31.100000,31.590000,15.302765,2472700
2009-11-16,31.730000,32.689999,31.730000,32.299999,15.646693,3192200
2009-11-17,32.160000,32.540001,31.799999,31.809999,15.409330,3631500
2009-11-18,31.799999,32.910000,31.740000,32.810001,15.893754,3002300
2009-11-19,32.520000,32.580002,31.719999,32.119999,15.559506,3991000
2009-11-20,31.969999,32.099998,31.660000,31.950001,15.477157,2467300
2009-11-23,32.430000,32.740002,31.830000,32.139999,15.569196,3090700
2009-11-24,31.900000,32.200001,31.420000,31.490000,15.254317,3601500
2009-11-25,31.750000,32.110001,31.559999,31.690001,15.351207,2876500
2009-11-27,31.219999,31.570000,30.670000,30.910000,14.973363,1771500
2009-11-30,30.850000,32.270000,30.700001,32.209999,15.603105,4302200
2009-12-01,32.450001,32.759998,32.020000,32.480000,15.733895,2594300
2009-12-02,32.709999,33.150002,32.470001,32.869999,15.922816,3030500
2009-12-03,33.090000,33.320000,32.080002,32.220001,15.607949,3658900
2009-12-04,32.900002,33.520000,32.470001,33.040001,16.005167,4873400
2009-12-07,32.880001,33.110001,31.959999,32.139999,15.569196,3434800
2009-12-08,31.770000,32.270000,31.410000,31.820000,15.414181,2832700
2009-12-09,31.920000,32.250000,31.590000,31.719999,15.365729,3061900
2009-12-10,31.920000,31.980000,31.350000,31.510000,15.264011,2178600
2009-12-11,31.670000,32.160000,31.389999,32.119999,15.559506,2607600
2009-12-14,32.279999,32.810001,31.750000,32.709999,15.845313,2936900
2009-12-15,32.450001,32.630001,32.240002,32.320000,15.656387,2898800
2009-12-16,32.500000,32.619999,32.320000,32.430000,15.709673,3344900
2009-12-17,32.060001,32.130001,31.650000,31.850000,15.591208,4100800
2009-12-18,32.000000,32.709999,31.700001,32.610001,15.963242,6336500
2009-12-21,32.650002,33.580002,32.650002,33.570000,16.433182,2547000
2009-12-22,33.630001,34.189999,33.380001,34.189999,16.736683,2504300
2009-12-23,34.130001,35.180000,34.130001,34.919998,17.094030,3742200
2009-12-24,35.160000,35.500000,34.939999,35.290001,17.275156,1755500
2009-12-28,35.360001,36.380001,35.230000,36.000000,17.622721,4298900
2009-12-29,36.060001,36.200001,34.939999,34.990002,17.128304,2955100
2009-12-30,35.000000,35.060001,34.470001,34.970001,17.118517,2256700
2009-12-31,35.150002,35.290001,33.639999,33.779999,16.535986,3561600
2010-01-04,34.060001,34.529999,33.230000,33.400002,16.349968,3299500
2010-01-05,33.320000,33.490002,32.910000,33.270000,16.286325,4545400
2010-01-06,33.270000,33.650002,33.270000,33.459999,16.379341,3409700
2010-01-07,33.290001,34.180000,33.180000,33.779999,16.535986,3637300
2010-01-08,33.650002,33.869999,33.090000,33.349998,16.325485,2325900
2010-01-11,33.570000,33.849998,33.139999,33.250000,16.276541,2320600
2010-01-12,32.980000,33.290001,32.520000,32.770000,16.041567,2684400
2010-01-13,32.930000,33.889999,32.880001,33.810001,16.550669,3128000
2010-01-14,33.520000,33.860001,33.349998,33.750000,16.521299,1810800
2010-01-15,33.570000,33.669998,33.259998,33.369999,16.335281,2485600
2010-01-19,33.799999,34.459999,33.459999,34.419998,16.849274,2517000
2010-01-20,34.119999,34.119999,33.639999,33.770000,16.531088,2941000
2010-01-21,33.790001,34.230000,32.880001,32.930000,16.119892,4540500
2010-01-22,32.959999,33.389999,31.809999,31.930000,15.630371,4798300
2010-01-25,32.270000,32.389999,31.480000,31.920000,15.625475,3559400
2010-01-26,31.790001,32.369999,31.490000,31.860001,15.596107,2341200
2010-01-27,31.780001,32.490002,31.400000,32.439999,15.880027,3021100
2010-01-28,32.639999,32.669998,31.889999,32.279999,15.801708,2204700
2010-01-29,32.389999,32.709999,31.780001,32.049999,15.689115,3315200
2010-02-01,32.320000,32.849998,32.250000,32.770000,16.041567,2502800
2010-02-02,32.759998,33.349998,32.430000,33.349998,16.325485,3170800
2010-02-03,33.139999,33.139999,32.279999,32.369999,15.845762,2429000
2010-02-04,33.990002,34.720001,32.689999,32.720001,16.017096,7454100
2010-02-05,32.900002,33.320000,32.049999,32.970001,16.139479,4661000
2010-02-08,32.939999,33.230000,32.369999,32.439999,15.880027,3303800
2010-02-09,32.840000,32.959999,32.119999,32.400002,15.860443,3456700
2010-02-10,32.360001,32.840000,31.820000,32.259998,15.791916,3014900
2010-02-11,32.099998,32.779999,31.879999,32.759998,16.036667,2615300
2010-02-12,32.450001,33.259998,32.189999,33.200001,16.252068,3192800
2010-02-16,33.799999,34.450001,33.560001,34.389999,16.834593,3112600
2010-02-17,34.439999,34.669998,34.299999,34.599998,16.937389,2615100
2010-02-18,34.389999,35.259998,34.369999,35.070000,17.167461,3128900
2010-02-19,34.880001,35.590000,34.700001,35.459999,17.358372,3696200
2010-02-22,35.500000,36.230000,35.209999,35.919998,17.583555,4216900
2010-02-23,35.970001,35.970001,35.480000,35.700001,17.475863,4729700
2010-02-24,35.840000,36.110001,35.480000,36.110001,17.676571,3003000
2010-02-25,35.669998,36.250000,35.340000,36.240002,17.740208,2843400
2010-02-26,36.209999,36.500000,36.009998,36.080002,17.661880,3645800
2010-03-01,36.450001,36.450001,35.980000,36.099998,17.671665,2461500
2010-03-02,36.220001,36.360001,35.930000,36.119999,17.681456,2009000
2010-03-03,36.200001,36.200001,35.740002,35.840000,17.544394,2456600
2010-03-04,35.939999,36.189999,35.790001,36.080002,17.661880,2356300
2010-03-05,36.270000,37.310001,36.029999,37.270000,18.244410,3557400
2010-03-08,37.250000,37.709999,37.150002,37.619999,18.415739,2450200
2010-03-09,37.349998,38.630001,37.310001,38.299999,18.748613,5593900
2010-03-10,38.410000,38.490002,37.900002,38.410000,18.802462,3577600
2010-03-11,38.009998,38.150002,37.610001,38.139999,18.836050,2073600
2010-03-12,38.299999,38.500000,37.799999,38.070000,18.801476,2517800
2010-03-15,37.970001,38.270000,37.490002,38.110001,18.821234,2118100
2010-03-16,38.380001,39.480000,38.200001,39.369999,19.443491,3139400
2010-03-17,39.570000,39.980000,39.290001,39.910000,19.710186,2725600
2010-03-18,39.910000,40.430000,39.610001,39.639999,19.576843,3333700
2010-03-19,39.310001,39.830002,39.090000,39.310001,19.413860,4076800
2010-03-22,39.090000,39.759998,38.950001,39.650002,19.581787,2609300
2010-03-23,39.500000,39.619999,39.020000,39.540001,19.527462,2193000
2010-03-24,39.110001,39.700001,39.049999,39.369999,19.443491,4154300
2010-03-25,39.570000,40.189999,39.450001,39.500000,19.507698,4088900
2010-03-26,39.680000,39.840000,39.080002,39.349998,19.433620,2853700
2010-03-29,39.540001,39.560001,39.110001,39.360001,19.438555,2162900
2010-03-30,39.380001,39.759998,39.110001,39.490002,19.502760,2619600
2010-03-31,39.139999,39.590000,39.000000,39.150002,19.334854,2559400
2010-04-01,39.470001,39.470001,38.840000,39.130001,19.324974,2455000
2010-04-05,39.259998,40.259998,39.209999,40.230000,19.868223,3486200
2010-04-06,40.070000,41.599998,39.959999,41.560001,20.525064,3894800
2010-04-07,41.410000,41.610001,40.459999,40.630001,20.065765,3551700
2010-04-08,40.330002,40.619999,40.180000,40.560001,20.031204,3425600
2010-04-09,40.709999,41.959999,40.689999,41.950001,20.717680,3562500
2010-04-12,41.910000,42.160000,41.709999,41.970001,20.727551,2788600
2010-04-13,41.959999,43.169998,41.900002,43.029999,21.251047,3347100
2010-04-14,43.380001,43.380001,42.799999,43.090000,21.280676,2726700
2010-04-15,42.980000,43.169998,41.930000,42.040001,20.762119,3183500
2010-04-16,41.750000,42.169998,40.959999,41.110001,20.302830,4141400
2010-04-19,40.770000,41.520000,40.540001,41.150002,20.322578,2764300
2010-04-20,41.360001,42.009998,41.000000,42.009998,20.747305,1986600
2010-04-21,41.970001,43.529999,41.849998,42.939999,21.206598,3602600
2010-04-22,42.500000,43.849998,42.250000,43.750000,21.606630,3168900
2010-04-23,43.849998,44.650002,43.459999,44.599998,22.026417,3670100
2010-04-26,45.130001,45.669998,44.860001,45.259998,22.352375,3190400
2010-04-27,44.939999,45.380001,43.680000,43.700001,21.581932,3517000
2010-04-28,44.169998,44.419998,43.759998,43.919998,21.690592,3128700
2010-04-29,44.509998,47.380001,44.259998,47.160000,23.290718,5231700
2010-04-30,45.630001,47.080002,45.130001,45.270000,22.357309,4705600
2010-05-03,45.639999,48.000000,45.639999,47.520000,23.468508,4182200
2010-05-04,46.980000,47.560001,46.500000,47.009998,23.216644,3873100
2010-05-05,46.700001,47.349998,45.919998,46.270000,22.851175,3228800
2010-05-06,45.990002,47.450001,41.500000,44.330002,21.893074,6124000
2010-05-07,44.330002,45.520000,42.799999,43.430000,21.448586,4620900
2010-05-10,45.880001,47.119999,45.360001,47.000000,23.211699,4667400
2010-05-11,46.279999,47.930000,45.950001,47.330002,23.374664,3829600
2010-05-12,47.459999,48.459999,47.270000,48.099998,23.754955,3339900
2010-05-13,48.009998,48.320000,46.919998,47.009998,23.216644,2891200
2010-05-14,46.430000,46.740002,45.000000,45.619999,22.530157,3804700
2010-05-17,45.709999,46.529999,44.480000,45.910000,22.673386,3228200
2010-05-18,46.820000,46.869999,44.430000,44.590000,22.021473,3734800
2010-05-19,44.290001,45.430000,43.189999,44.500000,21.977039,3753800
2010-05-20,43.200001,43.900002,42.200001,42.279999,20.880648,5757100
2010-05-21,41.389999,44.009998,41.270000,43.959999,21.710344,5660700
2010-05-24,44.040001,44.070000,42.540001,42.610001,21.043625,3220200
2010-05-25,41.439999,43.439999,40.900002,43.400002,21.433781,4319600
2010-05-26,44.080002,44.639999,43.119999,43.369999,21.418957,4133800
2010-05-27,44.290001,45.830002,43.849998,45.750000,22.594358,3851800
2010-05-28,45.610001,46.040001,44.990002,45.130001,22.288168,3608300
2010-06-01,44.630001,45.389999,44.200001,44.330002,21.893074,3497500
2010-06-02,44.750000,44.779999,43.700001,44.509998,21.981970,5248800
2010-06-03,44.540001,45.040001,43.939999,44.310001,21.883188,3332300
2010-06-04,42.970001,43.830002,41.000000,41.230000,20.362085,5332000
2010-06-07,41.549999,42.040001,40.770000,40.860001,20.179356,4264800
2010-06-08,41.049999,41.970001,39.790001,41.820000,20.653473,4228500
2010-06-09,42.250000,43.380001,41.590000,41.810001,20.648537,4334500
2010-06-10,42.470001,44.259998,42.290001,44.200001,21.828878,3536300
2010-06-11,43.599998,44.610001,43.380001,44.549999,22.001726,2146600
2010-06-14,44.970001,45.470001,44.720001,45.220001,22.332615,3884900
2010-06-15,45.520000,46.480000,45.110001,46.430000,22.930197,2938400
2010-06-16,45.660000,46.220001,45.570000,45.849998,22.809795,2532600
2010-06-17,45.980000,46.730000,45.939999,46.330002,23.048595,3299500
2010-06-18,46.529999,46.669998,45.669998,45.759998,22.765022,3650500
2010-06-21,46.490002,46.919998,45.360001,45.560001,22.665527,2183200
2010-06-22,45.740002,45.790001,43.799999,43.849998,21.814827,3535100
2010-06-23,43.840000,44.869999,43.080002,44.340000,22.058590,2969800
2010-06-24,43.970001,44.119999,42.849998,42.950001,21.367079,3188300
2010-06-25,43.430000,44.849998,43.080002,44.560001,22.168032,3500400
2010-06-28,44.810001,44.830002,43.639999,43.889999,21.834732,1673200
2010-06-29,43.240002,43.410000,41.889999,42.139999,20.964117,4887400
2010-06-30,42.169998,42.950001,41.590000,41.639999,20.715374,4034400
2010-07-01,41.849998,42.099998,40.529999,41.650002,20.720356,4304700
2010-07-02,41.080002,41.580002,39.980000,40.669998,20.232817,5050700
2010-07-06,41.889999,41.919998,39.689999,40.220001,20.008942,5215800
2010-07-07,40.430000,42.580002,40.270000,42.529999,21.158144,4950300
2010-07-08,43.080002,43.820000,42.369999,43.310001,21.546185,4442700
2010-07-09,43.250000,44.119999,43.200001,44.049999,21.914326,2367100
2010-07-12,44.139999,44.509998,43.630001,44.310001,22.043663,2235600
2010-07-13,44.939999,45.459999,44.770000,45.230000,22.501360,3037200
2010-07-14,44.630001,45.099998,43.900002,44.689999,22.232712,2382400
2010-07-15,44.770000,44.930000,43.529999,44.799999,22.287441,2241000
2010-07-16,44.259998,44.680000,42.389999,42.689999,21.237736,3822700
2010-07-19,42.709999,43.860001,42.290001,43.639999,21.710354,2747500
2010-07-20,42.849998,44.209999,42.480000,44.119999,21.949144,3978200
2010-07-21,44.669998,44.669998,42.709999,42.849998,21.317329,3680600
2010-07-22,43.509998,45.250000,43.509998,44.919998,22.347134,4437400
2010-07-23,44.689999,45.250000,43.790001,45.150002,22.461552,3281800
2010-07-26,45.150002,46.759998,45.020000,46.720001,23.242617,2520800
2010-07-27,47.150002,47.150002,45.660000,46.439999,23.103323,2295600
2010-07-28,46.330002,47.029999,45.939999,46.560001,23.163012,2404700
2010-07-29,46.950001,47.500000,44.590000,45.209999,22.491415,4020200
2010-07-30,44.560001,46.070000,44.520000,45.849998,22.809795,2621700
2010-08-02,46.730000,47.570000,46.310001,47.330002,23.546080,3711900
2010-08-03,47.119999,47.279999,46.459999,46.939999,23.352066,2514900
2010-08-04,46.980000,47.200001,46.549999,46.820000,23.292362,2270800
2010-08-05,46.450001,46.770000,45.880001,45.910000,22.839653,2940600
2010-08-06,45.209999,46.049999,44.930000,45.849998,22.809795,1940900
2010-08-09,46.290001,47.049999,45.959999,46.990002,23.376940,2614000
2010-08-10,46.580002,47.520000,46.380001,47.080002,23.421715,2864800
2010-08-11,45.320000,46.220001,45.150002,45.430000,22.600857,3202000
2010-08-12,44.459999,45.080002,44.230000,44.669998,22.222767,2459100
2010-08-13,44.619999,45.200001,44.619999,44.880001,22.327236,1660900
2010-08-16,44.580002,45.340000,44.389999,44.880001,22.327236,1493100
2010-08-17,45.349998,46.169998,44.950001,45.900002,22.834661,2771500
2010-08-18,45.900002,46.119999,45.509998,45.950001,22.859543,1947400
2010-08-19,45.820000,45.869999,44.310001,44.660000,22.217791,2887000
2010-08-20,44.259998,45.009998,44.139999,44.849998,22.312323,1690700
2010-08-23,45.049999,45.419998,44.889999,44.919998,22.347134,1503500
2010-08-24,44.230000,45.060001,43.869999,44.610001,22.192913,2406600
2010-08-25,44.400002,45.590000,44.169998,45.380001,22.575977,2432000
2010-08-26,45.560001,46.000000,44.930000,44.980000,22.376982,2369100
2010-08-27,45.209999,45.919998,44.189999,45.889999,22.829695,2299200
2010-08-30,45.759998,46.070000,45.169998,45.200001,22.486427,1832700
2010-08-31,45.169998,46.060001,44.900002,45.830002,22.799849,2266300
2010-09-01,46.490002,48.139999,46.290001,47.840000,23.799803,4911200
2010-09-02,47.830002,48.410000,47.740002,48.099998,23.929155,2722800
2010-09-03,48.610001,49.020000,48.070000,48.860001,24.307238,2411800
2010-09-07,48.419998,48.990002,48.130001,48.209999,23.983866,2536000
2010-09-08,48.330002,48.790001,47.959999,48.259998,24.008741,2052200
2010-09-09,49.080002,49.080002,47.349998,47.439999,23.600803,2760700
2010-09-10,47.430000,48.009998,47.240002,47.630001,23.695333,2373300
2010-09-13,48.439999,48.439999,47.360001,47.900002,23.829647,3360500
2010-09-14,47.759998,48.240002,47.330002,47.980000,23.869452,2776300
2010-09-15,48.209999,49.150002,47.820000,48.959999,24.356993,2773700
2010-09-16,48.700001,49.040001,48.369999,48.750000,24.421106,1993400
2010-09-17,48.830002,49.150002,48.490002,48.869999,24.481211,3088700
2010-09-20,49.169998,50.799999,48.980000,50.480000,25.287741,3573800
2010-09-21,49.509998,50.349998,49.049999,49.150002,24.621483,4086500
2010-09-22,48.910000,49.490002,48.790001,49.040001,24.566389,2899800
2010-09-23,48.480000,49.070000,47.720001,47.799999,23.945204,3172400
2010-09-24,48.540001,49.310001,48.470001,49.259998,24.676590,2899200
2010-09-27,49.240002,49.259998,48.090000,48.119999,24.105503,2905600
2010-09-28,48.209999,48.209999,47.160000,48.060001,24.075455,3046000
2010-09-29,47.709999,47.770000,47.180000,47.389999,23.739813,2003400
2010-09-30,47.740002,48.259998,47.240002,47.570000,23.829985,3515900
2010-10-01,47.779999,47.980000,47.230000,47.820000,23.955225,2905400
2010-10-04,47.720001,48.380001,47.700001,48.230000,24.160610,2653600
2010-10-05,48.790001,49.049999,48.209999,48.889999,24.491236,2612800
2010-10-06,48.849998,49.020000,48.119999,48.580002,24.335951,1785100
2010-10-07,48.810001,49.160000,48.279999,48.509998,24.300880,1362900
2010-10-08,48.639999,48.849998,48.200001,48.630001,24.360996,1504800
2010-10-11,48.590000,48.939999,48.360001,48.549999,24.320921,973000
2010-10-12,48.459999,49.669998,48.299999,49.480000,24.786797,2485000
2010-10-13,49.759998,50.360001,49.389999,49.950001,25.022234,1946900
2010-10-14,49.779999,50.180000,49.340000,49.759998,24.927059,2005000
2010-10-15,50.310001,50.490002,49.830002,49.950001,25.022234,2142400
2010-10-18,49.950001,50.689999,49.849998,50.669998,25.382927,2231600
2010-10-19,50.169998,50.950001,49.910000,50.240002,25.167515,2741800
2010-10-20,50.470001,52.020000,50.470001,51.509998,25.803726,3179400
2010-10-21,51.689999,52.200001,51.209999,51.509998,25.803726,1792800
2010-10-22,51.689999,51.880001,50.759998,50.830002,25.463064,2598300
2010-10-25,51.189999,51.290001,50.419998,50.490002,25.292747,4056500
2010-10-26,50.220001,50.570000,49.959999,50.150002,25.122425,2507100
2010-10-27,49.759998,50.139999,49.340000,49.790001,24.942095,2911900
2010-10-28,50.000000,50.250000,48.250000,48.750000,24.421106,3036500
2010-10-29,48.480000,48.880001,48.299999,48.630001,24.360996,1568000
2010-11-01,48.939999,49.480000,48.570000,48.930000,24.511276,1542200
2010-11-02,49.200001,49.610001,48.619999,48.900002,24.496248,1915600
2010-11-03,48.950001,49.349998,48.619999,48.840000,24.466194,2052900
2010-11-04,49.459999,50.599998,48.990002,50.410000,25.252686,3222100
2010-11-05,50.490002,51.099998,49.939999,50.840000,25.468082,3049100
2010-11-08,50.619999,50.790001,49.639999,50.169998,25.132444,1520600
2010-11-09,50.439999,50.439999,48.110001,48.419998,24.255800,3671200
2010-11-10,48.810001,50.080002,48.700001,49.959999,25.027254,2863700
2010-11-11,49.490002,50.090000,49.340000,49.509998,24.801832,1668300
2010-11-12,49.139999,49.610001,48.990002,49.310001,24.701632,2242100
2010-11-15,49.490002,49.910000,49.119999,49.200001,24.646528,1701000
2010-11-16,48.540001,48.830002,47.009998,47.360001,23.724789,3032700
2010-11-17,47.520000,48.389999,47.049999,48.310001,24.200682,2669300
2010-11-18,48.970001,49.330002,48.560001,49.220001,24.656555,4965800
2010-11-19,49.119999,49.990002,48.820000,49.910000,25.002195,2380900
2010-11-22,49.650002,50.070000,49.599998,50.000000,25.047285,1809600
2010-11-23,49.250000,49.759998,49.250000,49.630001,24.861937,2296000
2010-11-24,50.029999,50.400002,49.820000,50.310001,25.202585,2784500
2010-11-26,49.959999,50.410000,49.830002,50.009998,25.052301,949400
2010-11-29,49.689999,50.119999,49.139999,50.000000,25.047285,2589400
2010-11-30,49.270000,50.410000,49.270000,49.980000,25.037270,3801700
2010-12-01,50.520000,50.849998,50.150002,50.669998,25.382927,2570400
2010-12-02,50.810001,51.720001,50.720001,51.660000,25.878851,3005600
2010-12-03,51.470001,52.090000,51.209999,52.000000,26.049181,2440200
2010-12-06,51.709999,52.099998,51.240002,51.849998,25.974043,1854300
2010-12-07,52.430000,52.639999,51.919998,52.060001,26.079231,2330700
2010-12-08,52.110001,52.180000,50.889999,51.279999,25.688498,2169200
2010-12-09,51.439999,52.240002,51.009998,51.200001,25.648426,2531000
2010-12-10,51.270000,51.910000,51.110001,51.560001,25.828762,1713400
2010-12-13,51.689999,51.720001,51.070000,51.220001,25.658457,1933500
2010-12-14,51.240002,51.660000,50.189999,50.490002,25.292747,1664700
2010-12-15,50.380001,50.830002,49.930000,49.959999,25.027254,2039100
2010-12-16,49.880001,50.020000,49.150002,49.500000,25.026232,1970200
2010-12-17,49.549999,50.020000,49.419998,49.830002,25.193085,2966200
2010-12-20,50.119999,50.880001,50.119999,50.689999,25.627888,1417900
2010-12-21,50.900002,51.110001,50.639999,51.080002,25.825058,1420700
2010-12-22,51.220001,51.779999,51.080002,51.480000,26.027277,1795300
2010-12-23,51.360001,51.779999,51.290001,51.340000,25.956522,1277300
2010-12-27,51.209999,52.150002,51.130001,52.130001,26.355921,1226500
2010-12-28,52.180000,52.290001,51.459999,51.970001,26.275019,1124600
2010-12-29,52.090000,52.380001,51.669998,52.250000,26.416580,1159900
2010-12-30,52.320000,52.580002,52.060001,52.290001,26.436804,1029900
2010-12-31,52.290001,52.480000,51.860001,51.950001,26.264923,1298100
2011-01-03,52.270000,52.790001,52.000000,52.520000,26.553091,2901800
2011-01-04,52.540001,52.590000,50.840000,51.200001,25.885727,3108100
2011-01-05,51.009998,51.439999,50.910000,51.169998,25.870552,2101200
2011-01-06,51.290001,51.290001,50.349998,50.549999,25.557093,1854000
2011-01-07,50.730000,50.980000,49.990002,50.380001,25.471155,2196100
2011-01-10,50.000000,50.689999,49.650002,50.259998,25.410490,2132500
2011-01-11,50.529999,50.599998,49.599998,49.939999,25.248690,1263900
2011-01-12,50.139999,50.410000,49.790001,50.060001,25.309368,2445800
2011-01-13,50.049999,50.400002,49.830002,50.230000,25.395315,1810300
2011-01-14,50.509998,51.009998,50.250000,50.910000,25.739111,1738500
2011-01-18,50.910000,51.630001,50.849998,51.610001,26.093016,1713200
2011-01-19,51.480000,51.610001,50.680000,50.900002,25.734047,1714700
2011-01-20,51.080002,51.439999,50.900002,51.180000,25.875614,1729500
2011-01-21,51.540001,51.560001,51.020000,51.480000,26.027277,1411700
2011-01-24,51.520000,51.880001,51.139999,51.740002,26.158741,1278100
2011-01-25,51.520000,52.689999,51.320000,52.599998,26.593540,2218300
2011-01-26,52.660000,53.279999,52.410000,52.950001,26.770498,1694100
2011-01-27,53.139999,53.840000,52.799999,53.810001,27.205301,2145800
2011-01-28,53.860001,53.980000,52.630001,52.889999,26.740156,2122800
2011-01-31,53.189999,54.340000,53.150002,54.189999,27.397415,2283100
2011-02-01,54.520000,54.730000,53.720001,54.599998,27.604702,2258100
2011-02-02,54.209999,54.980000,54.209999,54.799999,27.705814,1766800
2011-02-03,54.650002,55.290001,53.590000,54.410000,27.508642,2404900
2011-02-04,54.419998,54.430000,52.990002,53.080002,26.836226,2507700
2011-02-07,53.340000,53.939999,53.150002,53.709999,27.154741,1154700
2011-02-08,53.619999,53.939999,53.490002,53.509998,27.053614,1236200
2011-02-09,53.290001,53.880001,53.290001,53.799999,27.200230,1275300
2011-02-10,53.490002,54.299999,53.439999,54.160000,27.382254,1854800
2011-02-11,53.820000,54.619999,53.639999,54.549999,27.579426,1538200
2011-02-14,54.590000,54.689999,54.040001,54.590000,27.599644,1032400
2011-02-15,54.270000,54.740002,54.060001,54.189999,27.397415,1506600
2011-02-16,54.509998,54.660000,53.279999,53.599998,27.099123,1950800
2011-02-17,53.529999,53.900002,53.389999,53.660000,27.129456,1114300
2011-02-18,53.580002,54.299999,53.490002,54.029999,27.316517,1402200
2011-02-22,53.480000,54.570000,53.310001,53.950001,27.276073,1621800
2011-02-23,53.990002,54.389999,52.930000,53.320000,26.957563,2179200
2011-02-24,53.240002,53.529999,52.180000,52.549999,26.568254,3093100
2011-02-25,52.959999,53.400002,52.849998,53.360001,26.977787,4568900
2011-02-28,53.650002,55.439999,53.410000,55.110001,27.862555,3259000
2011-03-01,55.070000,55.070000,53.490002,53.570000,27.083954,2191400
2011-03-02,53.529999,53.669998,52.869999,53.139999,26.866550,1853600
2011-03-03,53.669998,54.259998,53.669998,54.209999,27.407526,1833800
2011-03-04,54.040001,54.439999,52.990002,53.320000,26.957563,2558400
2011-03-07,53.470001,53.619999,52.439999,52.619999,26.603651,1736100
2011-03-08,52.820000,54.000000,52.709999,53.880001,27.240686,2051900
2011-03-09,53.740002,54.509998,53.410000,54.060001,27.331696,1508000
2011-03-10,53.669998,53.770000,53.220001,53.430000,27.013161,1675900
2011-03-11,53.430000,54.630001,53.270000,54.549999,27.579426,1723500
2011-03-14,54.240002,54.509998,53.980000,54.180000,27.392357,1619600
2011-03-15,52.700001,54.990002,52.700001,54.549999,27.579426,2715100
2011-03-16,54.349998,54.919998,53.520000,53.970001,27.286184,2837800
2011-03-17,54.680000,54.680000,53.549999,54.299999,27.626040,1971500
2011-03-18,55.070000,55.119999,54.389999,54.689999,27.824455,3335500
2011-03-21,55.459999,55.459999,54.759998,54.910000,27.936390,1726700
2011-03-22,54.900002,55.080002,54.270000,54.540001,27.748144,1427200
2011-03-23,54.110001,54.360001,53.349998,54.009998,27.478500,1857400
2011-03-24,54.270000,54.369999,53.540001,54.180000,27.564978,1832800
2011-03-25,54.290001,54.849998,54.099998,54.450001,27.702347,1162100
2011-03-28,54.619999,54.849998,54.250000,54.630001,27.793922,1227500
2011-03-29,54.490002,54.840000,53.939999,54.709999,27.834631,1266200
2011-03-30,54.990002,55.759998,54.580002,55.590000,28.282354,1545000
2011-03-31,55.400002,56.430000,55.400002,56.410000,28.699532,1659600
2011-04-01,56.779999,56.930000,56.340000,56.669998,28.831820,1731000
2011-04-04,56.709999,56.869999,56.070000,56.310001,28.648657,1190200
2011-04-05,56.169998,56.490002,56.119999,56.330002,28.658829,1129200
2011-04-06,56.529999,56.529999,56.150002,56.299999,28.643578,1490700
2011-04-07,56.250000,56.259998,55.500000,55.810001,28.394279,1721800
2011-04-08,56.189999,56.189999,55.360001,55.570000,28.272175,1355600
2011-04-11,55.599998,55.900002,55.389999,55.549999,28.261993,1359700
2011-04-12,55.360001,55.910000,55.310001,55.680000,28.328142,1667100
2011-04-13,55.849998,56.009998,55.740002,55.840000,28.409544,1643100
2011-04-14,55.610001,56.480000,55.590000,56.220001,28.602871,2132700
2011-04-15,56.439999,56.869999,56.180000,56.799999,28.897951,1833600
2011-04-18,56.029999,56.380001,55.840000,55.990002,28.485849,1930800
2011-04-19,56.020000,56.340000,55.849998,56.299999,28.643578,1765200
2011-04-20,56.970001,57.540001,56.439999,57.400002,29.203228,1652200
2011-04-21,57.549999,57.849998,57.000000,57.660000,29.335503,1708300
2011-04-25,57.660000,58.430000,57.389999,58.310001,29.666193,1156600
2011-04-26,58.490002,59.139999,58.230000,59.130001,30.083385,1703000
2011-04-27,59.209999,59.430000,58.669998,59.259998,30.149534,1263800
2011-04-28,58.610001,59.590000,58.480000,59.430000,30.236019,2187600
2011-04-29,59.599998,59.820000,58.509998,59.740002,30.393742,2030000
2011-05-02,59.910000,60.060001,59.520000,59.889999,30.470036,1743300
2011-05-03,59.889999,60.049999,58.900002,59.529999,30.286886,2165800
2011-05-04,59.450001,59.799999,58.990002,59.259998,30.149534,1302800
2011-05-05,58.930000,59.790001,58.799999,59.240002,30.139347,1605200
2011-05-06,59.930000,59.930000,58.540001,58.619999,29.823917,1889400
2011-05-09,58.709999,59.139999,58.340000,59.070000,30.052860,1193300
2011-05-10,59.119999,60.020000,59.119999,60.000000,30.526007,1362500
2011-05-11,59.820000,60.020000,59.169998,59.320000,30.180061,1426400
2011-05-12,59.230000,59.540001,58.720001,59.430000,30.236019,1128200
2011-05-13,59.529999,59.570000,58.880001,59.160000,30.098650,1322500
2011-05-16,59.049999,59.889999,59.009998,59.389999,30.215664,1177200
2011-05-17,59.189999,59.549999,59.020000,59.450001,30.246185,1472600
2011-05-18,59.730000,59.939999,59.150002,59.770000,30.408997,1444100
2011-05-19,59.830002,60.349998,59.680000,60.349998,30.704075,1278700
2011-05-20,60.299999,60.389999,59.549999,59.919998,30.485317,1968600
2011-05-23,59.090000,59.730000,59.000000,59.060001,30.047773,1644000
2011-05-24,59.160000,59.480000,59.009998,59.230000,30.134256,1166400
2011-05-25,59.169998,60.020000,59.009998,59.709999,30.378475,1511200
2011-05-26,59.570000,60.580002,59.330002,60.490002,30.775301,1822700
2011-05-27,60.810001,60.810001,60.150002,60.599998,30.831272,1265300
2011-05-31,61.080002,61.860001,60.709999,61.830002,31.457052,3284300
2011-06-01,61.619999,61.680000,59.680000,59.759998,30.403913,2617600
2011-06-02,59.900002,60.230000,59.180000,59.279999,30.159698,1937300
2011-06-03,58.570000,60.689999,58.570000,60.200001,30.627769,2379700
2011-06-06,60.070000,60.549999,59.689999,59.810001,30.429342,1771600
2011-06-07,60.160000,61.310001,59.959999,60.770000,30.917763,2070300
2011-06-08,60.570000,61.470001,60.470001,60.980000,31.024605,1850400
2011-06-09,61.020000,61.139999,60.080002,60.540001,30.800747,2193000
2011-06-10,60.270000,60.430000,59.020000,59.209999,30.124086,2807700
2011-06-13,59.310001,59.869999,58.990002,59.270000,30.154612,2086000
2011-06-14,59.889999,60.000000,59.330002,59.570000,30.307234,1964600
2011-06-15,59.200001,59.540001,58.459999,59.080002,30.057940,2581900
2011-06-16,59.020000,59.250000,57.709999,58.889999,30.133678,3018800
2011-06-17,59.380001,59.610001,58.730000,59.080002,30.230890,2619800
2011-06-20,58.830002,60.020000,58.830002,59.639999,30.517447,1651000
2011-06-21,59.869999,59.980000,59.580002,59.910000,30.655598,1747100
2011-06-22,59.810001,60.480000,59.549999,59.590000,30.491865,1652700
2011-06-23,58.759998,58.910000,57.919998,58.459999,29.913652,3071700
2011-06-24,58.470001,58.860001,58.070000,58.360001,29.862478,2123000
2011-06-27,58.340000,58.939999,58.340000,58.709999,30.041565,1229800
2011-06-28,58.889999,59.459999,58.480000,59.459999,30.425337,1612000
2011-06-29,59.709999,60.279999,59.270000,60.000000,30.701658,1886500
2011-06-30,60.230000,60.389999,59.959999,60.000000,30.701658,1651700
2011-07-01,60.130001,61.529999,60.029999,61.349998,31.392443,2265900
2011-07-05,61.570000,61.980000,60.919998,61.619999,31.530598,2184600
2011-07-06,61.500000,62.189999,61.180000,62.180000,31.817156,1763300
2011-07-07,62.619999,62.910000,62.389999,62.820000,32.144638,1935400
2011-07-08,62.049999,62.880001,61.820000,62.830002,32.149750,1990000
2011-07-11,62.009998,62.400002,61.450001,62.029999,31.740396,2409100
2011-07-12,61.709999,63.380001,61.709999,62.320000,31.888798,2135000
2011-07-13,62.630001,62.639999,61.410000,61.520000,31.479433,2307500
2011-07-14,61.619999,61.750000,60.639999,61.009998,31.218452,2072900
2011-07-15,61.279999,61.849998,61.009998,61.750000,31.597124,2248300
2011-07-18,61.580002,61.730000,61.049999,61.500000,31.469194,1830400
2011-07-19,61.900002,62.240002,61.320000,62.160000,31.806921,2344900
2011-07-20,62.189999,62.770000,61.889999,62.639999,32.052525,2150800
2011-07-21,63.410000,63.520000,62.790001,63.070000,32.272552,2428900
2011-07-22,63.220001,63.860001,62.910000,63.680000,32.584690,1648600
2011-07-25,63.060001,63.740002,62.810001,63.060001,32.267441,1869400
2011-07-26,63.099998,63.709999,62.750000,63.509998,32.497700,1975700
2011-07-27,63.119999,63.419998,62.459999,62.490002,31.975782,3180200
2011-07-28,62.330002,62.380001,61.090000,61.720001,31.581768,3320400
2011-07-29,61.169998,62.049999,60.910000,61.820000,31.632938,2611000
2011-08-01,62.450001,62.529999,61.020000,61.410000,31.423151,2429800
2011-08-02,60.980000,61.290001,60.009998,60.009998,30.706779,3766900
2011-08-03,59.939999,60.080002,58.610001,59.730000,30.563499,4879000
2011-08-04,58.959999,59.500000,57.130001,57.200001,29.268913,5079300
2011-08-05,57.959999,58.020000,55.150002,55.660000,28.480913,6278700
2011-08-08,54.380001,54.880001,51.930000,51.950001,26.582525,4841600
2011-08-09,52.750000,57.299999,52.000000,57.270000,29.304731,6122200
2011-08-10,56.040001,58.680000,55.290001,56.009998,28.659996,6145700
2011-08-11,56.119999,59.900002,55.790001,58.790001,30.082510,4551300
2011-08-12,59.250000,60.389999,58.520000,59.049999,30.215544,3341200
2011-08-15,59.490002,61.000000,59.250000,60.779999,31.100782,4113000
2011-08-16,60.310001,61.310001,60.020000,61.080002,31.254293,4345900
2011-08-17,61.360001,61.660000,60.139999,60.560001,30.988207,2274200
2011-08-18,59.189999,59.189999,56.889999,57.540001,29.442883,5385100
2011-08-19,56.580002,58.240002,56.330002,56.490002,28.905603,3297500
2011-08-22,57.650002,57.669998,55.810001,56.540001,28.931194,2796700
2011-08-23,56.560001,57.930000,56.150002,57.910000,29.632212,2293200
2011-08-24,57.750000,59.040001,57.450001,59.029999,30.205305,2063300
2011-08-25,59.400002,60.000000,57.250000,57.930000,29.642450,2709800
2011-08-26,57.400002,58.799999,56.119999,58.650002,30.010870,2204500
2011-08-29,59.470001,60.230000,59.130001,60.160000,30.783520,1640100
2011-08-30,60.459999,60.830002,59.099998,60.490002,30.952381,2228000
2011-08-31,60.880001,61.439999,60.310001,61.180000,31.305468,2538100
2011-09-01,61.029999,61.500000,60.290001,60.529999,30.972853,2221100
2011-09-02,59.509998,60.619999,59.130001,59.709999,30.553270,2186100
2011-09-06,58.439999,59.910000,57.860001,59.430000,30.409990,2106500
2011-09-07,60.410000,61.430000,59.240002,61.389999,31.412916,1849000
2011-09-08,61.139999,62.080002,60.700001,61.669998,31.556185,2101600
2011-09-09,60.919998,61.430000,59.500000,59.810001,30.604431,2522900
2011-09-12,58.810001,60.080002,58.639999,60.060001,30.732370,2174000
2011-09-13,60.240002,60.389999,59.419998,59.810001,30.604431,2504300
2011-09-14,60.000000,60.080002,58.240002,58.790001,30.082510,3195800
2011-09-15,59.459999,59.590000,58.160000,58.650002,30.010870,3109800
2011-09-16,58.139999,58.799999,57.369999,57.799999,29.747358,4319800
2011-09-19,56.810001,57.340000,56.299999,56.720001,29.191545,2508900
2011-09-20,56.970001,57.080002,55.650002,55.669998,28.651140,2939500
2011-09-21,55.680000,55.990002,52.090000,52.330002,26.932188,4771700
2011-09-22,50.790001,51.880001,50.380001,51.330002,26.417511,4637000
2011-09-23,51.220001,53.279999,51.070000,53.130001,27.343899,4408500
2011-09-26,53.750000,53.820000,52.139999,53.340000,27.451971,2845200
2011-09-27,54.380001,54.450001,53.110001,53.419998,27.493147,2745300
2011-09-28,53.419998,54.080002,52.560001,52.720001,27.132883,3581900
2011-09-29,53.880001,53.959999,52.689999,53.590000,27.580643,2750300
2011-09-30,52.869999,53.509998,51.860001,51.869999,26.695427,2715700
2011-10-03,51.529999,52.290001,49.619999,49.660000,25.558022,3107000
2011-10-04,49.389999,52.360001,48.459999,52.220001,26.875555,3300000
2011-10-05,52.160000,52.220001,48.790001,51.700001,26.607924,3088900
2011-10-06,51.240002,53.529999,51.130001,53.470001,27.518883,3081400
2011-10-07,53.529999,53.779999,51.919998,51.990002,26.757189,2918200
2011-10-10,52.930000,54.669998,52.799999,54.619999,28.110744,2334100
2011-10-11,54.700001,54.930000,52.689999,52.910000,27.230677,1762900
2011-10-12,53.270000,54.580002,52.939999,53.950001,27.765917,2339800
2011-10-13,53.320000,54.070000,52.490002,53.610001,27.590940,1860000
2011-10-14,54.419998,55.389999,54.029999,55.320000,28.471003,2092100
2011-10-17,53.450001,54.650002,53.099998,53.349998,27.457134,3697800
2011-10-18,53.500000,55.430000,53.150002,55.200001,28.409250,2239100
2011-10-19,55.189999,55.840000,54.369999,54.549999,28.074715,2002100
2011-10-20,54.480000,54.889999,53.490002,54.599998,28.100451,2041700
2011-10-21,55.290001,56.849998,55.240002,56.700001,29.181238,2279800
2011-10-24,56.700001,57.770000,56.459999,57.150002,29.412834,3145200
2011-10-25,56.639999,56.900002,55.779999,56.380001,29.016544,2892600
2011-10-26,57.090000,57.250000,55.849998,57.009998,29.340771,2361800
2011-10-27,59.299999,60.320000,57.770000,59.959999,30.859024,2855300
2011-10-28,59.959999,59.959999,58.209999,58.750000,30.236288,2788000
2011-10-31,57.910000,59.240002,57.450001,58.680000,30.200260,2533400
2011-11-01,56.540001,57.500000,55.990002,56.119999,28.882732,3608900
2011-11-02,57.119999,58.270000,56.939999,58.189999,29.948092,2788600
2011-11-03,58.509998,59.110001,57.020000,58.939999,30.334066,2615800
2011-11-04,58.450001,58.619999,57.639999,58.470001,30.092180,2308500
2011-11-07,58.669998,59.419998,57.959999,58.880001,30.303200,1467300
2011-11-08,59.169998,59.450001,57.639999,59.360001,30.550234,1465500
2011-11-09,58.490002,58.630001,56.630001,56.779999,29.222422,2173800
2011-11-10,57.340000,57.759998,56.799999,57.290001,29.484888,2362000
2011-11-11,58.070000,59.119999,57.639999,59.029999,30.380394,1881100
2011-11-14,58.549999,58.919998,57.529999,57.759998,29.726782,1904200
2011-11-15,57.490002,58.990002,57.349998,58.750000,30.236288,1697900
2011-11-16,58.139999,58.139999,56.580002,56.650002,29.155510,2914700
2011-11-17,56.389999,56.540001,54.020000,54.360001,27.976921,3311800
2011-11-18,54.720001,54.939999,53.910000,54.700001,28.151928,2837600
2011-11-21,53.880001,54.290001,53.470001,54.009998,27.796791,2765500
2011-11-22,53.820000,54.380001,53.680000,53.810001,27.693865,1352300
2011-11-23,53.340000,53.340000,52.299999,52.560001,27.050549,1888900
2011-11-25,52.330002,53.820000,52.099998,52.630001,27.086571,867700
2011-11-28,54.389999,54.509998,52.599998,53.090000,27.323311,2360800
2011-11-29,53.240002,53.430000,52.389999,52.900002,27.225529,2327000
2011-11-30,54.540001,55.419998,53.900002,55.189999,28.404102,4215900
2011-12-01,54.910000,54.919998,53.700001,54.130001,27.858553,2779100
2011-12-02,54.650002,55.400002,54.169998,54.250000,27.920324,1550300
2011-12-05,55.119999,55.169998,53.230000,53.709999,27.642397,2625700
2011-12-06,53.740002,53.930000,53.209999,53.560001,27.565205,1742100
2011-12-07,53.360001,54.599998,53.009998,54.410000,28.002670,2566000
2011-12-08,54.250000,54.279999,53.349998,53.540001,27.554907,3003700
2011-12-09,53.520000,54.709999,53.480000,54.400002,27.997520,2183000
2011-12-12,53.799999,53.880001,52.939999,53.689999,27.632105,2312400
2011-12-13,53.950001,54.799999,53.400002,53.709999,27.642397,2527600
2011-12-14,53.549999,55.270000,53.340000,54.720001,28.162205,3041300
2011-12-15,54.770000,55.540001,54.549999,55.360001,28.790440,2263900
2011-12-16,55.799999,56.919998,55.650002,55.849998,29.045277,3022500
2011-12-19,56.130001,56.270000,55.360001,55.439999,28.832048,2057400
2011-12-20,56.349998,57.270000,56.090000,57.090000,29.690130,1984600
2011-12-21,57.240002,57.270000,56.189999,56.540001,29.404118,1817300
2011-12-22,56.770000,57.990002,56.630001,57.549999,29.929363,2369000
2011-12-23,57.860001,57.880001,57.139999,57.470001,29.887762,1126600
2011-12-27,57.259998,57.930000,56.910000,57.650002,29.981369,928500
2011-12-28,57.400002,57.540001,56.590000,56.709999,29.492514,1380900
2011-12-29,56.779999,57.270000,56.639999,57.130001,29.710949,1282200
2011-12-30,57.240002,57.709999,57.000000,57.029999,29.658937,1272900
2012-01-03,57.770000,58.369999,56.410000,56.599998,29.435320,2780000
2012-01-04,56.320000,56.430000,55.919998,56.150002,29.201284,2405500
2012-01-05,56.049999,56.619999,55.840000,56.349998,29.305286,1884600
2012-01-06,56.419998,56.560001,55.639999,55.689999,28.962069,2283400
2012-01-09,55.599998,55.820000,54.889999,55.000000,28.603218,1767900
2012-01-10,55.669998,55.689999,55.099998,55.189999,28.702034,2377400
2012-01-11,55.110001,55.290001,54.840000,55.049999,28.629211,2570900
2012-01-12,54.939999,55.049999,54.009998,54.070000,28.119576,2217500
2012-01-13,53.560001,55.130001,53.560001,55.000000,28.603218,3742300
2012-01-17,55.799999,56.049999,55.380001,55.580002,28.904861,3225300
2012-01-18,55.669998,56.169998,55.540001,55.889999,29.066065,2929500
2012-01-19,55.980000,56.080002,55.470001,55.509998,28.868448,3114900
2012-01-20,55.470001,55.939999,55.040001,55.770000,29.003660,2559400
2012-01-23,55.520000,56.580002,55.389999,56.459999,29.362497,2154400
2012-01-24,56.090000,56.669998,55.930000,56.599998,29.435320,2627400
2012-01-25,56.459999,58.189999,56.299999,58.130001,30.230997,2195900
2012-01-26,58.700001,59.689999,58.509998,59.250000,30.813471,3578700
2012-01-27,59.130001,59.720001,58.810001,59.630001,31.011091,2139000
2012-01-30,58.970001,59.320000,58.669998,59.299999,30.839464,2159000
2012-01-31,59.669998,59.849998,59.169998,59.549999,30.969486,3124400
2012-02-01,60.000000,60.480000,59.450001,60.020000,31.213915,2062300
2012-02-02,58.369999,59.779999,57.529999,59.700001,31.047495,2702900
2012-02-03,60.070000,60.570000,59.889999,60.250000,31.333529,2379400
2012-02-06,59.919998,60.240002,59.580002,59.770000,31.083897,1569600
2012-02-07,59.410000,59.869999,59.330002,59.619999,31.005892,2110200
2012-02-08,59.490002,59.759998,58.970001,59.500000,30.943487,3077400
2012-02-09,59.480000,59.500000,58.529999,58.660000,30.506636,1150600
2012-02-10,58.180000,58.810001,58.040001,58.590000,30.470228,1412100
2012-02-13,59.020000,59.160000,58.650002,58.910000,30.636646,897900
2012-02-14,58.750000,58.759998,57.540001,57.770000,30.043776,1736500
2012-02-15,57.959999,58.009998,57.299999,57.720001,30.017775,2171900
2012-02-16,57.639999,58.220001,57.619999,58.220001,30.277805,1600900
2012-02-17,58.730000,58.730000,57.830002,58.509998,30.428631,1602900
2012-02-21,58.509998,58.639999,57.340000,57.540001,29.924164,1653100
2012-02-22,57.480000,57.840000,56.910000,56.910000,29.596531,1595500
2012-02-23,57.000000,57.630001,56.990002,57.599998,29.955372,1558700
2012-02-24,57.770000,58.180000,57.400002,58.060001,30.194593,1397700
2012-02-27,57.570000,58.020000,57.060001,57.709999,30.012575,1262200
2012-02-28,57.869999,58.080002,56.880001,57.029999,29.658937,1368400
2012-02-29,57.240002,57.590000,56.720001,56.889999,29.586124,1688600
2012-03-01,56.840000,57.500000,56.790001,57.410000,29.856554,1356200
2012-03-02,57.410000,57.869999,57.320000,57.660000,29.986578,953000
2012-03-05,57.680000,58.650002,57.410000,58.630001,30.491026,1266400
2012-03-06,58.240002,58.740002,58.110001,58.279999,30.309010,1872400
2012-03-07,58.430000,58.500000,57.750000,58.340000,30.340219,1895300
2012-03-08,58.770000,58.849998,57.840000,58.220001,30.277805,1721400
2012-03-09,58.400002,59.410000,58.209999,59.310001,30.844681,2357900
2012-03-12,59.410000,59.919998,59.270000,59.520000,30.953880,1813500
2012-03-13,59.650002,60.869999,59.650002,60.820000,31.629959,2376800
2012-03-14,60.869999,60.930000,60.020000,60.439999,31.432329,1733700
2012-03-15,60.419998,60.419998,59.299999,59.549999,30.969486,2645000
2012-03-16,59.500000,60.150002,59.389999,59.970001,31.187910,2721100
2012-03-19,60.009998,61.410000,59.720001,61.029999,31.739170,2394800
2012-03-20,60.500000,61.020000,60.450001,60.790001,31.614361,1446800
2012-03-21,60.689999,60.689999,60.200001,60.360001,31.566235,1553000
2012-03-22,60.099998,60.099998,59.049999,59.500000,31.116489,1713400
2012-03-23,59.599998,60.560001,59.540001,60.150002,31.456425,1671600
2012-03-26,60.759998,60.950001,60.490002,60.950001,31.874792,1694900
2012-03-27,61.090000,61.270000,60.759998,60.799999,31.796350,1709700
2012-03-28,60.680000,60.939999,60.259998,60.790001,31.791119,2109700
2012-03-29,60.450001,61.430000,60.090000,61.320000,32.068295,1994600
2012-03-30,61.799999,62.790001,61.630001,62.619999,32.748150,3133900
2012-04-02,62.470001,62.740002,62.220001,62.570000,32.722012,1957300
2012-04-03,62.610001,62.799999,62.080002,62.330002,32.596489,1501600
2012-04-04,62.049999,62.160000,61.509998,61.709999,32.272243,1558600
2012-04-05,61.720001,61.770000,61.330002,61.389999,32.104897,1458000
2012-04-09,60.709999,61.000000,60.130001,60.599998,31.691750,1581800
2012-04-10,60.770000,60.849998,58.990002,59.279999,31.001434,2402500
2012-04-11,59.799999,60.009998,59.490002,59.820000,31.283850,1778200
2012-04-12,60.020000,60.529999,59.830002,60.520000,31.649912,1942400
2012-04-13,60.439999,61.380001,60.200001,60.849998,31.822508,1553800
2012-04-16,61.230000,62.410000,61.180000,62.009998,32.429146,1821200
2012-04-17,62.320000,62.320000,61.570000,61.959999,32.402988,1489600
2012-04-18,61.580002,61.930000,61.410000,61.570000,32.199028,1121800
2012-04-19,61.570000,61.869999,61.330002,61.590000,32.209503,2369900
2012-04-20,61.740002,62.340000,61.660000,62.110001,32.481441,1998400
2012-04-23,61.740002,62.040001,61.330002,61.389999,32.104897,2428000
2012-04-24,61.580002,62.500000,61.490002,62.450001,32.659237,1900300
2012-04-25,62.750000,62.770000,62.279999,62.689999,32.784760,1924300
2012-04-26,62.320000,62.340000,60.680000,61.650002,32.240864,2940500
2012-04-27,61.380001,61.759998,61.139999,61.570000,32.199028,2064800
2012-04-30,61.480000,61.599998,60.919998,61.439999,32.131050,1848600
2012-05-01,61.509998,62.889999,61.360001,62.580002,32.727230,1501800
2012-05-02,62.220001,62.730000,61.880001,62.580002,32.727230,1125900
2012-05-03,62.599998,62.889999,62.430000,62.490002,32.680161,1923700
2012-05-04,62.360001,62.820000,62.139999,62.689999,32.784760,2486000
2012-05-07,62.560001,63.840000,62.320000,63.669998,33.297260,1912600
2012-05-08,63.139999,63.480000,62.970001,63.419998,33.166515,1915900
2012-05-09,62.790001,63.650002,62.790001,63.130001,33.014874,1871500
2012-05-10,63.560001,63.669998,62.759998,63.090000,32.993942,1510300
2012-05-11,62.730000,63.509998,62.590000,63.360001,33.135143,1615300
2012-05-14,62.750000,63.419998,62.570000,62.730000,32.805664,2159800
2012-05-15,62.730000,62.939999,62.099998,62.340000,32.601727,1700100
2012-05-16,62.450001,62.619999,61.470001,61.730000,32.282711,1672600
2012-05-17,61.610001,61.779999,60.430000,60.430000,31.602861,2479300
2012-05-18,60.709999,61.259998,60.139999,60.349998,31.561020,2330800
2012-05-21,60.459999,61.830002,60.430000,61.730000,32.282711,1931700
2012-05-22,61.869999,62.340000,61.639999,61.959999,32.402988,1482000
2012-05-23,61.680000,62.060001,61.099998,61.970001,32.408218,1600000
2012-05-24,62.020000,62.590000,61.389999,62.080002,32.465744,983300
2012-05-25,62.380001,62.590000,61.590000,61.639999,32.235638,2872300
2012-05-29,61.959999,62.709999,61.959999,62.529999,32.701084,1994100
2012-05-30,61.740002,61.889999,60.549999,60.570000,31.676062,2980100
2012-05-31,60.709999,61.540001,60.180000,61.099998,31.953234,4318000
2012-06-01,59.919998,60.470001,59.540001,59.599998,31.168798,2867500
2012-06-04,59.779999,59.790001,58.680000,59.049999,30.881163,2185200
2012-06-05,58.740002,60.779999,58.669998,60.419998,31.597622,2127900
2012-06-06,61.049999,61.810001,60.450001,61.730000,32.282711,2393200
2012-06-07,62.070000,62.500000,60.910000,61.090000,31.948009,1823200
2012-06-08,60.810001,61.910000,60.810001,61.900002,32.371609,1333800
2012-06-11,62.340000,62.380001,60.599998,60.700001,31.744057,1944600
2012-06-12,60.919998,61.029999,60.130001,60.970001,31.885260,1763100
2012-06-13,60.369999,61.330002,60.369999,60.759998,31.775427,1951500
2012-06-14,60.810001,62.099998,60.709999,61.919998,32.382072,1593000
2012-06-15,62.209999,62.270000,61.439999,61.930000,32.387295,1921200
2012-06-18,61.660000,62.509998,61.490002,61.930000,32.387295,1591200
2012-06-19,62.150002,62.299999,61.509998,61.820000,32.329773,1883200
2012-06-20,61.660000,61.770000,60.459999,60.880001,32.013222,2108100
2012-06-21,61.320000,61.389999,59.360001,59.470001,31.271782,2432900
2012-06-22,59.810001,59.900002,58.950001,59.340000,31.203417,4891400
2012-06-25,58.889999,59.580002,58.669998,59.500000,31.287554,2150300
2012-06-26,59.430000,59.790001,59.150002,59.520000,31.298075,2414400
2012-06-27,59.689999,59.689999,59.099998,59.500000,31.287554,1689100
2012-06-28,59.209999,60.560001,58.959999,60.529999,31.829168,1572200
2012-06-29,61.549999,62.400002,61.189999,62.360001,32.791470,2398000
2012-07-02,62.840000,62.959999,61.980000,62.939999,33.096447,1870100
2012-07-03,62.689999,63.509998,62.610001,63.459999,33.369881,1080400
2012-07-05,63.240002,63.500000,62.730000,62.970001,33.112225,970200
2012-07-06,62.349998,63.360001,62.230000,63.209999,33.238426,1053000
2012-07-09,63.180000,63.450001,62.900002,63.450001,33.364632,1162900
2012-07-10,63.450001,64.379997,62.220001,62.549999,32.891376,1372100
2012-07-11,62.500000,63.180000,62.279999,63.029999,33.143780,1881400
2012-07-12,62.689999,63.990002,62.439999,63.639999,33.464542,1647600
2012-07-13,63.759998,64.879997,63.720001,64.760002,34.053493,1534500
2012-07-16,64.790001,64.980003,64.370003,64.820000,34.085033,1048500
2012-07-17,65.080002,65.720001,64.510002,65.470001,34.426842,1722600
2012-07-18,65.160004,65.440002,64.639999,64.949997,34.153393,1660500
2012-07-19,64.970001,65.430000,63.820000,64.540001,33.937801,1944200
2012-07-20,64.019997,64.650002,63.779999,64.089996,33.701160,2115300
2012-07-23,63.490002,64.169998,63.250000,63.950001,33.627548,1504900
2012-07-24,63.910000,64.099998,62.849998,63.459999,33.369881,1434500
2012-07-25,63.779999,63.980000,62.950001,63.490002,33.385670,1207600
2012-07-26,64.250000,64.440002,62.119999,62.919998,33.085930,2475500
2012-07-27,63.259998,63.400002,62.599998,62.980000,33.117489,1858300
2012-07-30,63.020000,63.520000,62.869999,63.330002,33.301525,1569700
2012-07-31,63.290001,63.560001,63.209999,63.310001,33.291000,1954300
2012-08-01,63.369999,63.830002,62.500000,62.500000,32.865082,1484200
2012-08-02,62.110001,62.849998,61.919998,62.790001,33.017586,1423100
2012-08-03,63.270000,63.430000,62.580002,62.709999,32.975502,995600
2012-08-06,62.959999,63.009998,62.290001,62.349998,32.786217,806600
2012-08-07,62.480000,62.529999,61.380001,61.410000,32.291916,1157000
2012-08-08,61.020000,61.230000,60.549999,60.830002,31.986919,1394900
2012-08-09,60.689999,61.009998,60.180000,60.250000,31.681940,1685100
2012-08-10,60.220001,60.349998,59.919998,60.200001,31.655645,2034200
2012-08-13,60.130001,60.410000,59.689999,59.759998,31.424282,1665500
2012-08-14,59.849998,60.040001,59.169998,59.320000,31.192902,1530700
2012-08-15,59.230000,59.700001,59.160000,59.560001,31.319105,1193000
2012-08-16,59.480000,59.750000,59.009998,59.750000,31.419014,2120000
2012-08-17,60.049999,60.230000,59.830002,60.169998,31.639870,1844700
2012-08-20,60.009998,60.320000,59.669998,60.110001,31.608326,1422100
2012-08-21,60.160000,60.419998,59.830002,60.320000,31.718752,1139400
2012-08-22,60.130001,60.980000,59.549999,60.930000,32.039501,1977100
2012-08-23,60.759998,61.610001,60.520000,61.270000,32.218300,2026100
2012-08-24,60.970001,61.040001,60.040001,60.820000,31.981668,1825000
2012-08-27,60.889999,61.330002,60.560001,61.029999,32.092083,1797400
2012-08-28,60.900002,61.369999,60.590000,61.119999,32.139420,1106500
2012-08-29,61.049999,61.240002,60.889999,60.919998,32.034252,761100
2012-08-30,60.650002,60.910000,60.459999,60.619999,31.876505,1054400
2012-08-31,60.820000,60.820000,60.040001,60.400002,31.760813,2111400
2012-09-04,60.490002,60.680000,60.040001,60.599998,31.865976,1217100
2012-09-05,60.720001,60.779999,59.950001,60.330002,31.724005,1119900
2012-09-06,60.689999,60.900002,60.400002,60.720001,31.929079,1465900
2012-09-07,61.150002,61.470001,60.560001,60.560001,31.844957,1850700
2012-09-10,60.619999,60.619999,59.459999,59.459999,31.266521,2216000
2012-09-11,59.680000,59.990002,59.070000,59.360001,31.213942,1792800
2012-09-12,59.500000,59.529999,59.000000,59.250000,31.156101,1765000
2012-09-13,59.290001,60.360001,59.090000,60.180000,31.645128,2149400
2012-09-14,60.490002,61.020000,60.049999,60.230000,31.671421,2231500
2012-09-17,60.119999,60.599998,60.119999,60.240002,31.676668,1093400
2012-09-18,60.029999,60.549999,59.439999,59.770000,31.429539,1349900
2012-09-19,59.279999,59.779999,58.869999,59.110001,31.259253,1478200
2012-09-20,58.860001,58.880001,57.459999,57.549999,30.434273,2490100
2012-09-21,57.689999,57.689999,57.250000,57.430000,30.370819,2945800
2012-09-24,56.939999,58.119999,56.759998,57.740002,30.534750,1793700
2012-09-25,57.810001,57.930000,56.959999,56.990002,30.138132,1763300
2012-09-26,56.869999,57.830002,56.869999,57.380001,30.344370,1661800
2012-09-27,57.480000,58.610001,57.270000,57.740002,30.534750,2558900
2012-09-28,57.450001,57.790001,57.270000,57.529999,30.423685,1648600
2012-10-01,57.630001,57.799999,56.500000,57.209999,30.254467,1593000
2012-10-02,57.419998,57.549999,56.689999,57.529999,30.423685,1604000
2012-10-03,57.509998,57.970001,56.980000,57.130001,30.212156,1173300
2012-10-04,57.369999,57.500000,56.380001,56.480000,29.868422,2029000
2012-10-05,56.730000,57.270000,56.509998,56.880001,30.079954,1584600
2012-10-08,56.840000,56.889999,56.220001,56.400002,29.826128,1169000
2012-10-09,56.450001,56.660000,55.830002,55.840000,29.529972,1699300
2012-10-10,55.930000,56.389999,55.660000,56.340000,29.794374,1463600
2012-10-11,56.619999,56.799999,56.119999,56.189999,29.715063,1999200
2012-10-12,56.259998,56.930000,55.880001,56.020000,29.625164,1559500
2012-10-15,56.130001,56.299999,55.759998,56.209999,29.725639,1358300
2012-10-16,56.369999,56.639999,56.209999,56.369999,29.810253,1239200
2012-10-17,57.080002,57.080002,56.130001,56.389999,29.820826,1987700
2012-10-18,56.380001,57.520000,56.299999,57.480000,30.397245,957400
2012-10-19,57.500000,58.119999,56.950001,57.130001,30.212156,1717900
2012-10-22,56.290001,56.790001,55.939999,56.310001,29.778524,1543300
2012-10-23,55.849998,56.520000,55.639999,56.290001,29.767939,1189800
2012-10-24,56.480000,56.639999,55.799999,56.119999,29.678036,1243400
2012-10-25,56.930000,57.049999,55.810001,56.419998,29.836685,1492200
2012-10-26,56.419998,56.490002,55.570000,56.060001,29.646305,1299500
2012-10-31,56.799999,57.529999,56.160000,57.410000,30.360229,1837100
2012-11-01,57.240002,58.150002,57.070000,58.150002,30.751568,2537000
2012-11-02,58.480000,59.610001,58.220001,59.099998,31.253954,2600000
2012-11-05,58.820000,58.849998,58.139999,58.560001,30.968391,1676600
2012-11-06,58.560001,58.849998,57.950001,58.590000,30.984261,1811700
2012-11-07,58.459999,58.599998,57.939999,58.000000,30.672237,1821500
2012-11-08,57.820000,58.150002,57.130001,57.130001,30.212156,1151800
2012-11-09,56.939999,57.330002,56.619999,56.660000,29.963612,1672800
2012-11-12,56.810001,56.830002,56.049999,56.299999,29.773224,1312300
2012-11-13,56.009998,56.349998,55.880001,55.959999,29.593422,1143600
2012-11-14,56.139999,56.139999,54.310001,54.509998,28.826624,1872100
2012-11-15,54.349998,54.700001,53.990002,54.279999,28.705004,1913200
2012-11-16,54.450001,54.700001,53.700001,54.310001,28.720863,2094200
2012-11-19,54.779999,55.240002,54.520000,54.700001,28.927103,1253900
2012-11-20,54.680000,54.680000,54.070000,54.599998,28.874216,1707300
2012-11-21,54.349998,54.720001,53.930000,54.060001,28.588652,1064100
2012-11-23,54.439999,54.520000,54.009998,54.459999,28.800188,449800
2012-11-26,54.099998,54.990002,53.840000,54.430000,28.784321,1496100
2012-11-27,53.500000,56.680000,53.250000,55.250000,29.217958,5447800
2012-11-28,54.759998,55.310001,54.200001,55.180000,29.180943,3209500
2012-11-29,55.790001,56.099998,55.119999,55.750000,29.482365,18146200
2012-11-30,55.939999,55.980000,55.070000,55.509998,29.355452,4000900
2012-12-03,55.759998,55.869999,55.049999,55.209999,29.196802,2507200
2012-12-04,55.340000,55.500000,54.970001,54.980000,29.075176,2519400
2012-12-05,55.310001,55.310001,54.340000,54.430000,28.784321,2750600
2012-12-06,54.669998,55.560001,54.430000,55.560001,29.381889,3445200
2012-12-07,55.480000,55.730000,54.910000,55.110001,29.143919,2157000
2012-12-10,54.910000,55.480000,54.900002,55.090000,29.133343,1708800
2012-12-11,55.250000,55.340000,54.770000,55.000000,29.085749,1764700
2012-12-12,55.119999,55.630001,54.790001,55.369999,29.281422,2015100
2012-12-13,55.259998,55.700001,54.900002,55.130001,29.154507,1580100
2012-12-14,55.160000,55.580002,55.130001,55.490002,29.344870,1410600
2012-12-17,55.709999,55.910000,55.160000,55.730000,29.471794,1811200
2012-12-18,55.770000,56.240002,55.689999,56.230000,29.736212,1923500
2012-12-19,55.549999,55.740002,55.360001,55.389999,29.697071,1806300
2012-12-20,55.360001,56.500000,55.189999,56.500000,30.292194,1978800
2012-12-21,55.639999,56.970001,55.639999,56.610001,30.351177,4466600
2012-12-24,56.590000,56.900002,56.259998,56.680000,30.388697,725700
2012-12-26,56.779999,56.810001,55.840000,56.049999,30.050930,1868300
2012-12-27,56.110001,56.529999,55.849998,56.430000,30.254671,1217500
2012-12-28,56.189999,56.709999,55.880001,55.900002,29.970507,984500
2012-12-31,55.860001,56.669998,55.750000,56.669998,30.383333,1297200
2013-01-02,57.540001,57.630001,56.669998,57.009998,30.565628,1322300
2013-01-03,57.080002,57.480000,56.779999,57.250000,30.694305,1358600
2013-01-04,57.279999,58.169998,56.959999,57.230000,30.683586,1585300
2013-01-07,57.270000,57.750000,56.869999,57.660000,30.914124,1170200
2013-01-08,57.910000,58.200001,57.630001,57.869999,31.026707,1303700
2013-01-09,58.020000,58.200001,57.730000,58.000000,31.096407,1179000
2013-01-10,58.209999,58.369999,57.900002,58.369999,31.294779,1040300
2013-01-11,58.450001,58.450001,57.709999,58.150002,31.176834,945200
2013-01-14,58.150002,58.610001,58.080002,58.419998,31.321611,849400
2013-01-15,58.320000,58.799999,58.119999,58.740002,31.493158,1122200
2013-01-16,58.630001,58.779999,58.250000,58.580002,31.407387,1133100
2013-01-17,58.720001,58.810001,58.430000,58.470001,31.348398,1122900
2013-01-18,58.459999,58.709999,58.209999,58.410000,31.316242,2114900
2013-01-22,58.340000,58.509998,58.279999,58.509998,31.369846,1457300
2013-01-23,58.360001,58.650002,58.220001,58.389999,31.305511,1028400
2013-01-24,58.490002,58.599998,57.730000,57.970001,31.080311,1730100
2013-01-25,58.139999,58.480000,57.880001,58.090000,31.144672,1285200
2013-01-28,58.500000,58.500000,57.919998,58.150002,31.176834,1554900
2013-01-29,58.049999,58.450001,57.680000,57.750000,30.962376,2161400
2013-01-30,57.759998,57.939999,57.040001,57.070000,30.597805,1833900
2013-01-31,57.009998,57.060001,55.340000,55.389999,29.697071,3774600
2013-02-01,55.700001,56.009998,54.360001,54.730000,29.343225,4389700
2013-02-04,54.790001,55.049999,54.189999,54.459999,29.198465,2516500
2013-02-05,54.459999,54.650002,53.639999,54.160000,29.037615,3834900
2013-02-06,54.169998,55.950001,54.169998,55.230000,29.611288,3649400
2013-02-07,55.160000,55.230000,54.299999,54.820000,29.391474,2570200
2013-02-08,55.060001,55.980000,55.060001,55.439999,29.723871,3280200
2013-02-11,55.439999,56.680000,55.419998,56.459999,30.270750,3843700
2013-02-12,56.529999,57.520000,56.349998,57.490002,30.822975,2872500
2013-02-13,57.439999,57.740002,57.220001,57.650002,30.908747,2078500
2013-02-14,57.410000,57.919998,57.410000,57.560001,30.860500,1985200
2013-02-15,57.599998,57.680000,57.220001,57.509998,30.833704,3554800
2013-02-19,57.599998,58.000000,57.290001,57.580002,30.871231,1534600
2013-02-20,57.590000,58.099998,57.380001,57.439999,30.796177,1627100
2013-02-21,57.299999,57.470001,56.740002,57.110001,30.619240,1680700
2013-02-22,57.270000,57.480000,57.099998,57.209999,30.672857,1456700
2013-02-25,57.389999,57.410000,55.970001,56.000000,30.024115,2088200
2013-02-26,56.220001,56.560001,55.630001,56.000000,30.024115,1550100
2013-02-27,55.869999,56.259998,55.770000,55.990002,30.018755,1255600
2013-02-28,56.000000,56.180000,55.020000,55.040001,29.509424,4089700
2013-03-01,55.029999,55.529999,54.790001,55.340000,29.670269,2273400
2013-03-04,55.169998,55.840000,55.139999,55.650002,29.836472,1665000
2013-03-05,55.680000,56.330002,55.509998,56.139999,30.099188,1641300
2013-03-06,56.360001,56.480000,55.799999,56.360001,30.217148,1452300
2013-03-07,56.240002,56.529999,55.099998,55.240002,29.616644,2669400
2013-03-08,55.299999,55.299999,54.509998,54.930000,29.450459,2239300
2013-03-11,54.919998,54.970001,54.509998,54.820000,29.391474,1464600
2013-03-12,54.779999,55.110001,54.450001,54.990002,29.482616,2489400
2013-03-13,55.110001,55.590000,54.770000,55.459999,29.734600,2428500
2013-03-14,55.599998,56.540001,55.340000,56.389999,30.233219,2479600
2013-03-15,56.099998,56.369999,55.919998,56.090000,30.072378,2493800
2013-03-18,55.799999,56.349998,55.299999,55.590000,29.804312,2076000
2013-03-19,55.619999,55.709999,54.610001,55.049999,29.514784,1733000
2013-03-20,54.630001,55.040001,54.480000,54.910000,29.655207,1400600
2013-03-21,54.610001,55.189999,54.369999,54.389999,29.374371,1453100
2013-03-22,54.410000,54.770000,54.209999,54.660000,29.520184,1768200
2013-03-25,54.820000,55.160000,54.490002,54.959999,29.682203,1961000
2013-03-26,55.080002,55.590000,55.070000,55.389999,29.914429,2124600
2013-03-27,55.360001,55.360001,54.970001,55.060001,29.736214,1281900
2013-03-28,55.090000,55.320000,54.740002,55.060001,29.736214,2042300
2013-04-01,54.970001,55.549999,54.700001,55.549999,30.000849,1319000
2013-04-02,55.820000,56.110001,55.470001,55.529999,29.990044,2049700
2013-04-03,55.820000,56.029999,55.540001,55.930000,30.206064,1180500
2013-04-04,56.139999,57.599998,56.049999,57.520000,31.064777,1870300
2013-04-05,57.169998,58.189999,57.009998,57.880001,31.259207,2109900
2013-04-08,57.799999,58.290001,57.599998,58.009998,31.329409,1807800
2013-04-09,58.070000,58.580002,57.650002,58.310001,31.491440,1456100
2013-04-10,58.299999,58.490002,58.040001,58.349998,31.513048,1203300
2013-04-11,58.430000,59.419998,58.299999,59.020000,31.874882,2348200
2013-04-12,59.130001,59.139999,58.580002,59.090000,31.912691,1500400
2013-04-15,58.680000,59.090000,57.869999,57.900002,31.270004,1579700
2013-04-16,58.110001,58.660000,57.770000,58.529999,31.610254,1597500
2013-04-17,58.029999,58.139999,57.259998,57.669998,31.145794,1762000
2013-04-18,57.619999,58.320000,57.459999,57.840000,31.237598,1804300
2013-04-19,58.080002,58.270000,57.439999,57.970001,31.307796,1665400
2013-04-22,58.029999,58.160000,57.520000,57.599998,31.107988,1191100
2013-04-23,57.860001,58.060001,57.310001,57.730000,31.178200,1481400
2013-04-24,57.799999,58.189999,57.490002,57.689999,31.156584,1411200
2013-04-25,57.630001,57.770000,57.070000,57.200001,30.891956,1802700
2013-04-26,57.279999,57.369999,56.419998,56.610001,30.573318,2142100
2013-04-29,56.830002,57.290001,56.380001,57.209999,30.897356,1172500
2013-04-30,57.169998,58.060001,56.990002,58.060001,31.356430,2161900
2013-05-01,57.680000,58.509998,56.560001,56.900002,30.729946,2343400
2013-05-02,57.060001,57.389999,56.430000,56.630001,30.584127,1557200
2013-05-03,56.799999,56.860001,55.900002,56.020000,30.254683,2222000
2013-05-06,55.930000,56.380001,55.910000,56.290001,30.400497,1630400
2013-05-07,56.439999,57.349998,56.150002,57.220001,30.902763,1631000
2013-05-08,57.099998,57.779999,57.060001,57.529999,31.070175,1574400
2013-05-09,57.630001,57.639999,57.029999,57.240002,30.913561,1926100
2013-05-10,57.369999,57.709999,57.009998,57.709999,31.167398,1241100
2013-05-13,57.580002,58.770000,57.400002,58.730000,31.718264,2736700
2013-05-14,58.610001,59.529999,58.610001,59.220001,31.982901,4237400
2013-05-15,59.270000,59.439999,59.000000,59.160000,31.950499,3136600
2013-05-16,58.980000,60.000000,58.950001,59.610001,32.193523,1739600
2013-05-17,59.590000,59.830002,59.150002,59.590000,32.182732,2497600
2013-05-20,59.570000,60.259998,59.410000,60.180000,32.501366,2198300
2013-05-21,60.209999,60.970001,60.099998,60.750000,32.809200,2838400
2013-05-22,60.700001,60.950001,58.740002,59.130001,31.934292,2960800
2013-05-23,58.410000,60.320000,58.049999,60.180000,32.501366,10784300
2013-05-24,59.970001,60.380001,59.389999,60.299999,32.566166,2630000
2013-05-28,60.810001,60.900002,59.150002,59.410000,32.085518,3572300
2013-05-29,59.029999,59.099998,57.470001,58.540001,31.615662,4289300
2013-05-30,58.529999,58.580002,57.259998,57.419998,31.010780,2825400
2013-05-31,57.220001,57.930000,56.419998,56.549999,30.540915,4255000
2013-06-03,56.580002,57.570000,56.099998,57.240002,30.913561,3625200
2013-06-04,57.340000,57.580002,56.759998,57.139999,30.859554,3006900
2013-06-05,57.150002,57.490002,56.639999,56.730000,30.638130,2159800
2013-06-06,56.599998,57.040001,56.000000,56.669998,30.605721,1871100
2013-06-07,56.880001,56.959999,55.720001,56.689999,30.616535,2320400
2013-06-10,56.689999,56.889999,55.900002,56.040001,30.265469,2159600
2013-06-11,55.630001,55.820000,55.020000,55.119999,29.768620,1830100
2013-06-12,55.419998,55.419998,54.599998,54.750000,29.568800,2008900
2013-06-13,54.630001,56.570000,54.599998,56.439999,30.481514,1692900
2013-06-14,56.500000,57.049999,55.970001,56.340000,30.427500,1400600
2013-06-17,56.700001,56.910000,55.970001,56.410000,30.465309,1804300
2013-06-18,56.459999,57.040001,56.099998,56.610001,30.573318,1612200
2013-06-19,56.560001,56.820000,54.720001,55.000000,29.703806,1871700
2013-06-20,54.340000,54.340000,52.709999,52.910000,28.784412,2242900
2013-06-21,53.419998,55.340000,53.360001,54.730000,29.774525,3829400
2013-06-24,54.020000,56.619999,53.470001,55.590000,30.242386,3679900
2013-06-25,55.820000,56.619999,55.389999,56.400002,30.683052,2971900
2013-06-26,56.619999,57.380001,56.580002,57.250000,31.145477,2661400
2013-06-27,57.639999,58.799999,57.500000,58.419998,31.781986,3055200
2013-06-28,58.279999,58.730000,57.950001,58.060001,31.586136,3592400
2013-07-01,58.340000,58.700001,57.389999,57.480000,31.270594,2431300
2013-07-02,57.430000,58.180000,57.410000,57.840000,31.466459,2738000
2013-07-03,57.560001,57.869999,56.759998,57.439999,31.248842,1273400
2013-07-05,57.520000,57.770000,56.130001,57.360001,31.205320,1536800
2013-07-08,57.520000,57.980000,57.209999,57.349998,31.199879,1447700
2013-07-09,57.560001,58.439999,57.320000,57.970001,31.537172,1550400
2013-07-10,57.849998,57.970001,57.200001,57.910000,31.504538,1890400
2013-07-11,58.549999,59.279999,58.459999,59.080002,32.141052,1946200
2013-07-12,59.099998,59.270000,58.410000,58.630001,31.896235,1287700
2013-07-15,58.169998,58.790001,57.980000,58.610001,31.885359,847500
2013-07-16,58.610001,59.279999,58.450001,58.740002,31.956079,1917200
2013-07-17,58.750000,58.980000,58.360001,58.750000,31.961521,1131500
2013-07-18,58.660000,59.400002,58.570000,59.090000,32.146492,1014100
2013-07-19,59.080002,59.220001,58.490002,58.740002,31.956079,1471100
2013-07-22,58.730000,59.060001,58.480000,58.849998,32.015926,807900
2013-07-23,58.990002,59.189999,58.500000,58.750000,31.961521,904400
2013-07-24,58.770000,58.849998,57.119999,57.439999,31.248842,1886100
2013-07-25,57.340000,58.070000,57.150002,57.730000,31.406607,1583000
2013-07-26,57.630001,58.110001,57.279999,58.090000,31.602463,733300
2013-07-29,58.099998,58.279999,57.639999,57.779999,31.433809,1427800
2013-07-30,58.119999,58.590000,57.509998,57.660000,31.368528,1487200
2013-07-31,57.290001,57.599998,55.080002,56.000000,30.465456,3363400
2013-08-01,56.259998,56.540001,55.470001,55.660000,30.280478,2309900
2013-08-02,55.419998,56.000000,54.880001,54.950001,29.894220,1993300
2013-08-05,55.139999,55.139999,54.549999,54.889999,29.861580,1660800
2013-08-06,54.750000,55.189999,54.470001,54.740002,29.779976,1688500
2013-08-07,54.570000,54.799999,54.180000,54.250000,29.513397,1646400
2013-08-08,54.500000,54.500000,53.910000,54.259998,29.518845,1776200
2013-08-09,54.009998,54.580002,53.689999,54.209999,29.491636,1628200
2013-08-12,54.000000,54.099998,53.009998,53.470001,29.089058,1431300
2013-08-13,53.470001,53.529999,52.480000,52.660000,28.648399,1462000
2013-08-14,52.560001,52.900002,52.340000,52.570000,28.599438,1073900
2013-08-15,52.139999,52.209999,51.209999,51.790001,28.175095,1811800
2013-08-16,51.709999,51.830002,50.570000,50.669998,27.565792,3952000
2013-08-19,50.439999,50.919998,50.279999,50.450001,27.446100,1936100
2013-08-20,50.630001,51.619999,50.590000,51.320000,27.919411,1947200
2013-08-21,51.020000,51.980000,50.240002,51.279999,27.897633,2208600
2013-08-22,51.380001,51.990002,50.820000,51.849998,28.207739,1597100
2013-08-23,51.820000,52.570000,51.380001,52.509998,28.566797,1869200
2013-08-26,52.570000,53.330002,52.520000,52.910000,28.784412,1824400
2013-08-27,52.439999,53.099998,52.169998,52.919998,28.789839,1640300
2013-08-28,52.810001,52.810001,51.860001,52.099998,28.343744,1488000
2013-08-29,51.939999,52.160000,51.400002,52.099998,28.343744,1070800
2013-08-30,52.250000,52.549999,51.779999,51.889999,28.229500,1818400
2013-09-03,52.259998,52.349998,50.770000,51.259998,27.886766,1634900
2013-09-04,51.410000,52.310001,51.000000,52.000000,28.289343,1579100
2013-09-05,51.970001,52.009998,51.299999,51.740002,28.147907,1233900
2013-09-06,52.150002,53.250000,52.150002,53.040001,28.855124,2166900
2013-09-09,53.040001,54.200001,52.980000,54.189999,29.480753,2168100
2013-09-10,54.220001,54.480000,53.970001,54.400002,29.595005,1410800
2013-09-11,54.380001,54.910000,54.169998,54.910000,29.872459,1709200
2013-09-12,54.889999,55.230000,54.549999,54.720001,29.769091,1384500
2013-09-13,54.500000,54.860001,54.290001,54.590000,29.698374,1381400
2013-09-16,55.209999,55.650002,54.470001,54.810001,29.818043,1735600
2013-09-17,54.779999,55.380001,54.540001,54.549999,29.676607,1619000
2013-09-18,54.669998,56.970001,54.320000,56.490002,30.732019,3149900
2013-09-19,56.450001,56.950001,56.000000,56.310001,30.852558,2451900
2013-09-20,56.500000,56.630001,55.759998,56.099998,30.737492,5784600
2013-09-23,55.770000,56.400002,55.110001,55.180000,30.233425,1155600
2013-09-24,55.250000,55.400002,54.220001,54.290001,29.745796,1786200
2013-09-25,54.320000,54.959999,54.000000,54.560001,29.893730,1290700
2013-09-26,54.529999,54.889999,54.320000,54.669998,29.953995,1218000
2013-09-27,54.290001,54.830002,54.040001,54.549999,29.888241,1003100
2013-09-30,54.230000,54.959999,53.349998,53.570000,29.351295,1728400
2013-10-01,53.610001,54.619999,53.400002,54.310001,29.756754,2152600
2013-10-02,54.099998,54.599998,53.430000,54.080002,29.630728,1810200
2013-10-03,53.970001,54.180000,52.630001,52.860001,28.962286,2069200
2013-10-04,52.799999,53.119999,52.180000,52.630001,28.836260,1448800
2013-10-07,52.220001,53.180000,52.189999,53.000000,29.038994,1346200
2013-10-08,52.910000,52.970001,52.130001,52.180000,28.589710,1333200
2013-10-09,52.189999,52.779999,52.139999,52.220001,28.611628,1095700
2013-10-10,52.549999,53.560001,52.340000,53.540001,29.334862,1802400
2013-10-11,53.540001,53.740002,53.009998,53.720001,29.433477,1265500
2013-10-14,53.389999,53.779999,53.230000,53.630001,29.384174,1259000
2013-10-15,53.340000,53.990002,53.220001,53.619999,29.378693,1256700
2013-10-16,53.919998,54.820000,53.740002,54.770000,30.008781,1554500
2013-10-17,54.939999,55.709999,54.509998,55.599998,30.463539,1473600
2013-10-18,56.020000,56.060001,55.040001,55.209999,30.249849,1483900
2013-10-21,55.119999,55.279999,54.709999,55.049999,30.162191,1442300
2013-10-22,55.230000,55.930000,55.090000,55.470001,30.392326,2067800
2013-10-23,55.410000,55.669998,54.950001,55.549999,30.436146,1517900
2013-10-24,55.410000,55.410000,53.610001,53.820000,29.488268,3471400
2013-10-25,53.810001,55.060001,53.610001,54.910000,30.085489,2405700
2013-10-28,55.000000,55.070000,53.750000,54.369999,29.789612,1684000
2013-10-29,54.369999,54.450001,53.470001,53.849998,29.504704,1538400
2013-10-30,53.849998,54.110001,52.939999,53.150002,29.121174,2162000
2013-10-31,53.599998,53.869999,51.759998,52.360001,28.688335,2930200
2013-11-01,52.450001,52.959999,52.330002,52.900002,28.984201,2133700
2013-11-04,52.919998,53.389999,52.810001,53.369999,29.241714,1733800
2013-11-05,53.230000,53.389999,52.470001,52.560001,28.797913,1300700
2013-11-06,52.630001,53.009998,52.580002,52.660000,28.852703,1190100
2013-11-07,52.720001,52.810001,52.320000,52.450001,28.737654,1687500
2013-11-08,52.200001,52.369999,50.980000,51.700001,28.326715,1694400
2013-11-11,51.689999,52.009998,51.549999,51.650002,28.299330,1252800
2013-11-12,51.439999,51.610001,50.880001,51.290001,28.102077,1265200
2013-11-13,51.189999,51.560001,50.930000,51.549999,28.244528,1895700
2013-11-14,51.980000,52.439999,51.740002,52.070000,28.529446,1442100
2013-11-15,51.970001,52.169998,51.169998,51.380001,28.151373,1609600
2013-11-18,51.590000,51.730000,50.799999,51.220001,28.063730,1691300
2013-11-19,51.090000,51.209999,50.750000,51.049999,27.970573,1316000
2013-11-20,51.029999,51.549999,50.430000,50.639999,27.745932,1005700
2013-11-21,50.660000,50.990002,50.470001,50.830002,27.850037,1097000
2013-11-22,50.990002,51.009998,50.639999,50.830002,27.850037,2070100
2013-11-25,51.200001,51.200001,50.299999,50.599998,27.724012,1440600
2013-11-26,50.630001,50.939999,50.080002,50.889999,27.882917,2490300
2013-11-27,50.980000,52.099998,50.910000,52.009998,28.496561,3602800
2013-11-29,52.169998,52.169998,51.230000,51.540001,28.239058,1665800
2013-12-02,51.299999,51.840000,51.220001,51.660000,28.304800,3862500
2013-12-03,51.439999,52.200001,51.349998,52.009998,28.496561,2433500
2013-12-04,51.570000,53.830002,51.439999,52.930000,29.000641,6087300
2013-12-05,52.930000,53.090000,52.250000,52.619999,28.830788,1904900
2013-12-06,52.959999,53.320000,52.570000,53.160000,29.126646,1860800
2013-12-09,52.990002,53.509998,52.990002,53.480000,29.301977,1856200
2013-12-10,53.470001,54.049999,53.270000,54.000000,29.586891,3630700
2013-12-11,53.889999,53.980000,53.049999,53.139999,29.115692,3287200
2013-12-12,52.990002,53.500000,52.439999,52.450001,28.737654,2765200
2013-12-13,52.500000,52.720001,51.880001,52.209999,28.606150,2020800
2013-12-16,52.279999,52.389999,51.889999,51.910000,28.441782,1785000
2013-12-17,51.750000,51.889999,51.340000,51.619999,28.282877,1949100
2013-12-18,51.700001,52.509998,50.889999,52.500000,28.765034,2711500
2013-12-19,52.470001,52.639999,51.610001,52.040001,28.512999,1641600
2013-12-20,51.790001,52.119999,51.639999,51.959999,28.469175,2570600
2013-12-23,52.049999,52.310001,51.630001,51.849998,28.408901,1706100
2013-12-24,51.250000,51.660000,51.200001,51.509998,28.580902,869200
2013-12-26,51.790001,52.020000,51.570000,51.759998,28.719627,1750700
2013-12-27,51.779999,51.970001,51.470001,51.840000,28.764015,1290300
2013-12-30,51.820000,52.240002,51.759998,52.060001,28.886068,1265600
2013-12-31,52.020000,52.310001,51.720001,51.869999,28.780659,1676400
2014-01-02,51.740002,52.310001,51.549999,51.990002,28.847239,1520600
2014-01-03,52.070000,52.610001,51.910000,52.430000,29.091381,1300200
2014-01-06,52.540001,53.189999,52.430000,52.840000,29.318876,1562000
2014-01-07,52.959999,53.169998,52.770000,52.930000,29.368814,1180200
2014-01-08,52.799999,53.410000,52.709999,53.410000,29.635151,2038800
2014-01-09,53.610001,53.689999,53.020000,53.439999,29.651787,2154100
2014-01-10,53.709999,53.889999,53.310001,53.570000,29.723919,2115300
2014-01-13,53.320000,53.630001,53.110001,53.220001,29.529718,1917400
2014-01-14,53.330002,53.810001,53.250000,53.490002,29.679527,1816200
2014-01-15,53.759998,53.939999,53.599998,53.779999,29.840452,1926000
2014-01-16,53.880001,54.090000,53.689999,53.889999,29.901474,1680100
2014-01-17,53.939999,54.070000,53.619999,53.840000,29.873739,1794100
2014-01-21,54.130001,54.560001,53.939999,54.419998,30.195543,2155800
2014-01-22,54.439999,54.860001,53.950001,53.980000,29.951426,2342800
2014-01-23,53.709999,53.830002,53.480000,53.770000,29.834906,2306300
2014-01-24,54.740002,54.740002,53.490002,53.700001,29.796064,2667000
2014-01-27,53.570000,54.070000,53.200001,53.360001,29.607403,4027300
2014-01-28,53.320000,53.950001,53.299999,53.860001,29.884836,2243300
2014-01-29,53.610001,54.150002,53.459999,53.950001,29.934767,3138300
2014-01-30,54.200001,55.250000,54.000000,55.139999,30.595039,2690400
2014-01-31,54.680000,55.610001,54.520000,55.380001,30.728216,3483600
2014-02-03,55.230000,55.250000,54.610001,54.799999,30.406391,3092100
2014-02-04,55.020000,55.500000,54.750000,55.380001,30.728216,3303500
2014-02-05,54.990002,55.950001,54.560001,55.779999,30.950159,3253900
2014-02-06,55.669998,56.520000,55.650002,56.480000,31.338568,3199000
2014-02-07,56.799999,57.139999,56.560001,56.869999,31.554960,2175700
2014-02-10,56.900002,57.680000,56.770000,57.599998,31.960011,2247100
2014-02-11,57.459999,58.290001,57.380001,58.029999,32.198601,1986000
2014-02-12,58.040001,58.209999,57.820000,58.209999,32.298470,2510700
2014-02-13,57.959999,58.860001,57.860001,58.299999,32.348423,3557200
2014-02-14,58.320000,58.740002,58.200001,58.580002,32.503777,1835700
2014-02-18,58.500000,59.020000,58.470001,59.000000,32.736816,2255500
2014-02-19,58.849998,59.340000,58.360001,58.490002,32.453838,2621600
2014-02-20,58.520000,58.830002,58.000000,58.730000,32.587006,2025000
2014-02-21,58.689999,59.009998,58.340000,58.709999,32.575901,1424300
2014-02-24,58.810001,59.150002,58.549999,58.549999,32.487129,2066800
2014-02-25,58.689999,59.090000,58.419998,58.790001,32.620304,1594800
2014-02-26,59.060001,59.060001,58.430000,58.570000,32.498241,1551100
2014-02-27,58.549999,58.810001,58.000000,58.360001,32.381714,1184200
2014-02-28,58.369999,58.709999,58.139999,58.470001,32.442738,2544900
2014-03-03,58.360001,58.810001,58.200001,58.520000,32.470490,1969500
2014-03-04,59.110001,59.410000,58.889999,59.400002,32.958767,2001500
2014-03-05,59.349998,59.400002,58.480000,58.750000,32.598095,2074300
2014-03-06,58.720001,58.740002,58.150002,58.360001,32.381714,2023400
2014-03-07,58.169998,58.340000,57.520000,58.250000,32.320675,1842800
2014-03-10,58.220001,58.290001,57.500000,57.730000,32.032143,1643200
2014-03-11,57.740002,58.200001,57.689999,58.070000,32.220791,1227600
2014-03-12,57.919998,58.630001,57.889999,58.630001,32.531517,1625400
2014-03-13,58.619999,58.790001,57.820000,57.900002,32.126469,1938700
2014-03-14,57.900002,58.570000,57.900002,58.070000,32.220791,1233900
2014-03-17,58.320000,58.680000,58.099998,58.369999,32.387241,920800
2014-03-18,58.330002,58.480000,58.040001,58.410000,32.409451,890300
2014-03-19,58.320000,58.720001,57.110001,57.279999,31.782465,1848100
2014-03-20,56.770000,57.220001,56.509998,57.220001,32.028732,1519400
2014-03-21,57.400002,57.799999,57.099998,57.189999,32.011959,1971600
2014-03-24,57.349998,57.369999,56.560001,56.889999,31.844025,1772100
2014-03-25,57.110001,57.950001,57.110001,57.830002,32.370186,1382200
2014-03-26,57.880001,57.980000,57.130001,57.130001,31.978376,1562600
2014-03-27,57.049999,57.349998,56.680000,57.189999,32.011959,1135200
2014-03-28,57.330002,57.740002,57.130001,57.389999,32.123894,1039200
2014-03-31,57.660000,58.349998,57.230000,57.990002,32.459759,2426100
2014-04-01,58.150002,58.580002,57.680000,58.560001,32.778812,1922300
2014-04-02,58.419998,59.340000,58.200001,59.220001,33.148232,2168300
2014-04-03,59.220001,59.400002,58.320000,58.639999,32.823597,1964600
2014-04-04,58.990002,59.400002,58.580002,59.160000,33.114658,1343300
2014-04-07,59.279999,60.209999,59.130001,59.709999,33.422512,2048600
2014-04-08,59.419998,60.099998,59.349998,60.049999,33.612827,1823300
2014-04-09,60.150002,60.340000,59.660000,60.029999,33.601631,1828400
2014-04-10,60.029999,60.340000,58.990002,59.169998,33.120258,1781900
2014-04-11,58.549999,59.150002,57.610001,57.730000,32.314217,3851500
2014-04-14,58.180000,58.400002,57.590000,58.080002,32.510132,2024600
2014-04-15,57.990002,58.450001,57.810001,58.009998,32.470943,2609000
2014-04-16,58.430000,58.799999,57.730000,58.430000,32.706036,3333900
2014-04-17,58.180000,58.290001,57.189999,57.500000,32.185474,3247500
2014-04-21,57.540001,58.250000,57.340000,58.240002,32.599689,3147000
2014-04-22,58.200001,58.200001,57.549999,58.130001,32.538113,1574000
2014-04-23,58.139999,58.209999,57.619999,57.849998,32.381386,1811600
2014-04-24,57.830002,58.560001,57.660000,58.540001,32.767605,1243300
2014-04-25,58.540001,58.759998,58.380001,58.660000,32.834785,1354500
2014-04-28,58.860001,59.580002,58.730000,59.500000,33.304958,1764500
2014-04-29,59.720001,59.720001,59.220001,59.320000,33.204224,1325100
2014-04-30,59.270000,59.459999,58.779999,59.439999,33.271381,1318000
2014-05-01,58.000000,59.639999,58.000000,59.590000,33.355354,1755200
2014-05-02,59.410000,60.220001,59.299999,60.209999,33.702393,1721000
2014-05-05,59.990002,60.799999,59.930000,60.790001,34.027039,2001900
2014-05-06,60.570000,61.049999,60.299999,60.919998,34.099808,2445600
2014-05-07,61.099998,61.900002,60.750000,61.540001,34.446857,1575400
2014-05-08,61.430000,62.049999,61.430000,61.720001,34.547607,1208900
2014-05-09,61.889999,62.049999,61.470001,61.790001,34.586792,1049500
2014-05-12,61.939999,62.349998,61.669998,62.299999,34.872253,1278200
2014-05-13,61.919998,62.570000,61.480000,61.709999,34.542011,1652000
2014-05-14,61.740002,61.889999,61.220001,61.599998,34.480431,1436500
2014-05-15,61.610001,61.750000,61.040001,61.470001,34.407669,1409400
2014-05-16,61.380001,61.939999,61.369999,61.849998,34.620388,1531600
2014-05-19,61.810001,62.020000,61.439999,61.630001,34.497234,1126700
2014-05-20,61.759998,61.860001,61.090000,61.410000,34.374088,1188100
2014-05-21,61.470001,61.709999,60.930000,61.040001,34.166977,1013900
2014-05-22,61.080002,61.209999,60.560001,60.639999,33.943081,1300200
2014-05-23,60.830002,61.000000,60.540001,60.980000,34.133389,1209000
2014-05-27,61.130001,61.520000,61.040001,61.419998,34.379684,1419800
2014-05-28,61.320000,61.400002,60.689999,61.189999,34.250935,1491800
2014-05-29,61.169998,61.669998,61.070000,61.580002,34.469238,1263400
2014-05-30,61.630001,61.919998,61.480000,61.799999,34.592388,1823500
2014-06-02,61.810001,62.389999,61.639999,62.110001,34.765903,1144200
2014-06-03,62.040001,62.419998,61.869999,62.200001,34.816280,1029600
2014-06-04,62.060001,62.270000,61.880001,62.130001,34.777107,854800
2014-06-05,62.189999,63.230000,61.900002,63.180000,35.364841,1280000
2014-06-06,63.240002,63.250000,62.430000,62.650002,35.068172,1069700
2014-06-09,62.529999,62.740002,61.500000,61.720001,34.547607,1413900
2014-06-10,61.570000,61.820000,60.880001,61.080002,34.189381,1284300
2014-06-11,61.000000,61.580002,60.770000,61.270000,34.295719,1002000
2014-06-12,61.099998,61.290001,60.520000,61.250000,34.284527,1145000
2014-06-13,61.389999,61.919998,60.689999,61.759998,34.569996,1283600
2014-06-16,61.590000,61.799999,61.080002,61.310001,34.318111,1366100
2014-06-17,61.139999,61.490002,60.939999,61.320000,34.323711,1061300
2014-06-18,61.230000,61.980000,60.660000,61.810001,34.597984,1694600
2014-06-19,61.540001,61.959999,61.209999,61.939999,34.953499,1846900
2014-06-20,61.950001,62.189999,61.740002,62.080002,35.032505,2714500
2014-06-23,61.939999,62.290001,61.919998,61.959999,34.964787,1588700
2014-06-24,61.919998,62.470001,61.900002,62.290001,35.151012,1554400
2014-06-25,62.240002,63.049999,62.240002,63.009998,35.557320,1783700
2014-06-26,63.160000,63.160000,62.619999,62.959999,35.529091,1731200
2014-06-27,62.750000,63.540001,62.750000,63.529999,35.850750,1439800
2014-06-30,63.330002,63.520000,62.630001,63.000000,35.551678,2018200
2014-07-01,63.209999,63.540001,62.860001,63.310001,35.726620,1389900
2014-07-02,63.340000,63.470001,62.930000,63.450001,35.805622,823000
2014-07-03,63.380001,63.419998,62.750000,63.189999,35.658901,786400
2014-07-07,63.139999,63.389999,63.009998,63.189999,35.658901,1426400
2014-07-08,63.369999,63.880001,63.169998,63.509998,35.839466,2663100
2014-07-09,63.650002,63.770000,63.130001,63.590000,35.884617,2147100
2014-07-10,63.169998,64.099998,63.070000,63.799999,36.003124,3383600
2014-07-11,63.900002,64.209999,63.599998,64.190002,36.223213,1105400
2014-07-14,64.220001,64.440002,63.900002,64.269997,36.268353,1274700
2014-07-15,64.309998,64.690002,64.120003,64.629997,36.471512,1527600
2014-07-16,64.720001,64.930000,64.440002,64.879997,36.612587,924100
2014-07-17,64.540001,64.970001,64.430000,64.500000,36.398140,974700
2014-07-18,64.400002,64.989998,64.300003,64.800003,36.567440,1320400
2014-07-21,64.800003,64.919998,64.449997,64.699997,36.511002,857900
2014-07-22,64.949997,65.360001,64.790001,65.190002,36.787521,1055000
2014-07-23,65.070000,65.379997,65.019997,65.320000,36.860886,878000
2014-07-24,65.400002,65.870003,65.309998,65.839996,37.154327,1749300
2014-07-25,65.620003,65.650002,64.809998,64.839996,36.590008,1571700
2014-07-28,64.610001,65.870003,64.610001,65.650002,37.047085,1148300
2014-07-29,65.949997,65.949997,65.190002,65.400002,36.906025,1028500
2014-07-30,65.360001,66.769997,65.089996,66.389999,37.464687,2217100
2014-07-31,66.040001,66.239998,64.629997,64.650002,36.482788,3608000
2014-08-01,64.430000,65.010002,64.110001,64.129997,36.189346,2478100
2014-08-04,64.330002,65.339996,63.840000,65.110001,36.742367,1567200
2014-08-05,64.730003,65.000000,64.019997,64.360001,36.319145,1415200
2014-08-06,64.669998,64.680000,64.080002,64.510002,36.403786,1660000
2014-08-07,64.900002,64.900002,64.349998,64.540001,36.420708,1265100
2014-08-08,64.830002,65.129997,64.279999,65.019997,36.691578,1368900
2014-08-11,65.000000,65.540001,64.910004,65.160004,36.770592,1118600
2014-08-12,65.059998,65.389999,64.870003,64.900002,36.623875,1092700
2014-08-13,65.180000,66.099998,65.110001,65.919998,37.199455,1108500
2014-08-14,66.110001,66.110001,65.639999,65.769997,37.114815,937600
2014-08-15,65.870003,65.970001,65.220001,65.680000,37.064034,2729900
2014-08-18,66.120003,66.809998,65.930000,66.790001,37.690411,1318700
2014-08-19,66.820000,66.900002,66.239998,66.809998,37.701698,801300
2014-08-20,66.800003,67.309998,66.300003,67.089996,37.859711,1069300
2014-08-21,67.139999,67.430000,66.930000,67.099998,37.865345,1196400
2014-08-22,66.970001,67.169998,66.199997,66.430000,37.487270,1063200
2014-08-25,66.730003,66.730003,65.830002,66.269997,37.396965,1063300
2014-08-26,66.570000,66.639999,66.160004,66.220001,37.368763,850800
2014-08-27,66.220001,66.650002,66.010002,66.190002,37.351830,774000
2014-08-28,66.150002,66.400002,65.830002,66.190002,37.351830,1049300
2014-08-29,66.440002,66.620003,66.139999,66.470001,37.509842,2211200
2014-09-02,66.629997,66.680000,66.059998,66.300003,37.413895,1363100
2014-09-03,66.550003,66.660004,65.750000,66.529999,37.543694,1526900
2014-09-04,66.430000,66.790001,66.010002,66.400002,37.470337,1458500
2014-09-05,66.239998,67.279999,66.239998,67.260002,37.955643,1657300
2014-09-08,67.419998,67.910004,67.279999,67.650002,38.175724,2142300
2014-09-09,67.400002,67.519997,66.970001,67.150002,37.893562,1563500
2014-09-10,66.930000,66.930000,64.519997,64.599998,36.454567,3964100
2014-09-11,64.349998,64.879997,64.279999,64.690002,36.505375,2421300
2014-09-12,64.690002,64.690002,62.330002,62.639999,35.348515,3324100
2014-09-15,62.369999,62.939999,61.919998,62.090000,35.038151,2141300
2014-09-16,62.119999,62.799999,62.110001,62.509998,35.275162,2374900
2014-09-17,62.709999,62.970001,62.230000,62.290001,35.151012,2353400
2014-09-18,62.919998,62.919998,61.340000,61.400002,34.929146,2269100
2014-09-19,61.639999,61.959999,61.320000,61.939999,35.236340,6185000
2014-09-22,61.680000,62.349998,61.580002,62.070000,35.310299,3196400
2014-09-23,62.080002,62.770000,61.889999,62.090000,35.321682,3133300
2014-09-24,61.959999,62.430000,60.830002,60.860001,34.621948,3373500
2014-09-25,61.029999,61.259998,60.689999,60.799999,34.587822,1922000
2014-09-26,60.709999,61.459999,60.439999,61.400002,34.929146,1597900
2014-09-29,60.980000,61.549999,60.700001,61.540001,35.008801,1442300
2014-09-30,61.560001,61.830002,60.919998,61.580002,35.031540,2426200
2014-10-01,61.580002,62.169998,61.470001,62.029999,35.287544,3198000
2014-10-02,62.119999,62.520000,61.900002,62.220001,35.395630,2201500
2014-10-03,62.459999,62.820000,62.029999,62.610001,35.617496,1871600
2014-10-06,62.709999,63.480000,62.709999,63.040001,35.862103,2035400
2014-10-07,63.070000,63.290001,62.580002,62.610001,35.617496,1496800
2014-10-08,62.820000,63.799999,62.810001,63.570000,36.163612,3202600
2014-10-09,63.709999,64.620003,63.660000,64.099998,36.465126,2538400
2014-10-10,64.279999,65.610001,64.150002,65.110001,37.039684,3352100
2014-10-13,65.089996,65.970001,64.930000,65.559998,37.295677,2920300
2014-10-14,65.809998,67.410004,65.559998,66.720001,37.955585,4567500
2014-10-15,66.349998,67.400002,65.709999,67.029999,38.131935,4291500
2014-10-16,66.510002,66.910004,65.269997,66.279999,37.705269,3237200
2014-10-17,66.699997,66.699997,65.290001,65.900002,37.489101,2990500
2014-10-20,65.919998,67.199997,65.790001,67.190002,38.222950,1934300
2014-10-21,67.260002,67.529999,66.750000,67.510002,38.404999,1947500
2014-10-22,67.629997,67.949997,67.230003,67.510002,38.404999,1978300
2014-10-23,67.760002,68.300003,67.430000,68.070000,38.723568,2303500
2014-10-24,67.940002,68.290001,67.250000,67.739998,38.535835,1678700
2014-10-27,67.839996,68.150002,67.500000,67.839996,38.592735,1840300
2014-10-28,67.690002,67.830002,67.019997,67.459999,38.376564,2411000
2014-10-29,67.650002,68.360001,67.169998,67.750000,38.541523,2662900
2014-10-30,67.260002,67.989998,66.820000,67.970001,38.666683,2270100
2014-10-31,68.580002,69.570000,67.970001,69.559998,39.571194,3161700
2014-11-03,69.680000,70.360001,69.320000,70.309998,39.997852,2202900
2014-11-04,70.110001,70.300003,69.330002,69.910004,39.770298,1767700
2014-11-05,70.059998,70.300003,69.239998,70.059998,39.855637,2132400
2014-11-06,70.059998,70.419998,69.300003,69.489998,39.531376,1835100
2014-11-07,69.480003,69.760002,69.019997,69.290001,39.417606,2021400
2014-11-10,68.989998,70.459999,68.989998,70.459999,40.083176,2287500
2014-11-11,70.660004,70.660004,69.669998,69.959999,39.798752,1603600
2014-11-12,69.800003,70.010002,69.099998,69.309998,39.428967,1846400
2014-11-13,69.500000,70.250000,69.279999,69.980003,39.810120,1590800
2014-11-14,70.089996,70.180000,69.040001,69.260002,39.400547,1068200
2014-11-17,69.040001,69.949997,69.040001,69.699997,39.650833,1586300
2014-11-18,69.500000,70.370003,69.250000,70.180000,39.923904,1943000
2014-11-19,69.900002,70.150002,69.209999,69.230003,39.383469,1405100
2014-11-20,69.230003,69.589996,68.940002,69.559998,39.571194,1122000
2014-11-21,69.919998,70.360001,69.680000,70.309998,39.997852,1843900
2014-11-24,70.199997,70.800003,69.860001,70.059998,39.855637,1748500
2014-11-25,70.199997,70.349998,69.919998,70.040001,39.844257,1727600
2014-11-26,70.199997,71.160004,70.040001,71.040001,40.413147,1164200
2014-11-28,70.870003,71.919998,70.650002,70.839996,40.299358,1700100
2014-12-01,70.930000,71.470001,70.570000,70.639999,40.185581,1761600
2014-12-02,70.769997,71.250000,70.230003,71.089996,40.441582,2648000
2014-12-03,71.040001,71.209999,70.650002,70.970001,40.373314,1054200
2014-12-04,70.970001,71.440002,70.750000,71.290001,40.555367,1220800
2014-12-05,70.809998,70.940002,69.980003,70.290001,39.986481,2096000
2014-12-08,70.580002,71.739998,70.510002,71.570000,40.714630,1576600
2014-12-09,71.320000,72.510002,71.169998,72.230003,41.090099,1063400
2014-12-10,72.160004,72.970001,71.970001,72.470001,41.226635,1823400
2014-12-11,72.900002,72.949997,72.150002,72.279999,41.118538,1411800
2014-12-12,72.089996,72.260002,71.059998,71.080002,40.435883,1824000
2014-12-15,71.099998,71.389999,70.129997,70.349998,40.020611,1440000
2014-12-16,70.730003,70.949997,69.779999,70.379997,40.037682,1575200
2014-12-17,70.629997,72.610001,70.339996,72.269997,41.112850,2408500
2014-12-18,72.580002,72.980003,72.209999,72.970001,41.511070,1346100
2014-12-19,73.279999,73.980003,72.750000,73.360001,41.732929,3722300
2014-12-22,73.500000,74.599998,73.139999,74.550003,42.409912,1937200
2014-12-23,74.290001,74.720001,73.449997,73.720001,42.220905,1737300
2014-12-24,73.690002,74.160004,73.120003,73.220001,41.934547,661500
2014-12-26,73.220001,73.889999,73.220001,73.589996,42.146454,696100
2014-12-29,73.510002,74.230003,73.230003,73.739998,42.232353,1049400
2014-12-30,73.610001,73.949997,72.669998,72.889999,41.745548,1301500
2014-12-31,73.050003,73.449997,71.779999,71.839996,41.144192,1472400
2015-01-02,72.279999,73.690002,72.059998,73.410004,42.043373,1408400
2015-01-05,73.239998,74.320000,72.940002,74.059998,42.415638,1801800
2015-01-06,74.309998,74.980003,74.110001,74.480003,42.656174,2043200
2015-01-07,74.779999,75.820000,74.559998,75.580002,43.286152,1719400
2015-01-08,75.760002,76.480003,75.010002,76.430000,43.772976,2122400
2015-01-09,76.470001,77.360001,75.959999,77.000000,44.099419,1909700
2015-01-12,77.269997,78.050003,77.160004,77.889999,44.609135,1803300
2015-01-13,77.970001,78.029999,76.790001,77.089996,44.150978,2067900
2015-01-14,76.669998,78.190002,76.669998,78.080002,44.717968,1460900
2015-01-15,78.419998,78.680000,77.790001,78.529999,44.975693,1387300
2015-01-16,78.680000,79.620003,78.220001,79.389999,45.468235,2204300
2015-01-20,79.940002,80.080002,77.440002,77.980003,44.660694,3457200
2015-01-21,77.529999,77.919998,76.769997,77.730003,44.517517,2149700
2015-01-22,77.779999,79.320000,77.699997,79.309998,45.422424,1805100
2015-01-23,79.580002,80.099998,78.989998,79.800003,45.703041,2128000
2015-01-26,79.669998,80.279999,79.269997,80.099998,45.874874,1792800
2015-01-27,79.900002,80.629997,79.800003,80.239998,45.955036,1373400
2015-01-28,80.769997,81.029999,79.580002,79.629997,45.605675,1641700
2015-01-29,79.349998,79.800003,78.639999,79.339996,45.439583,1768400
2015-01-30,78.970001,79.269997,77.540001,77.610001,44.448784,2333100
2015-02-02,77.720001,77.779999,75.949997,77.099998,44.156681,2397700
2015-02-03,77.129997,77.989998,76.419998,77.989998,44.666420,2193600
2015-02-04,80.449997,80.459999,77.639999,78.940002,45.210476,2702200
2015-02-05,79.019997,80.519997,78.980003,80.269997,45.972210,2177700
2015-02-06,79.879997,80.000000,77.760002,78.120003,44.740868,2992400
2015-02-09,78.209999,78.489998,77.790001,77.870003,44.597698,1346700
2015-02-10,78.250000,78.559998,77.209999,77.699997,44.500317,3666900
2015-02-11,77.849998,78.410004,77.290001,77.970001,44.654964,2092600
2015-02-12,78.080002,80.080002,77.970001,79.860001,45.737415,1950700
2015-02-13,79.720001,79.760002,78.349998,78.750000,45.101692,1885000
2015-02-17,78.419998,79.389999,78.379997,79.010002,45.250587,2024500
2015-02-18,79.040001,80.089996,78.580002,79.989998,45.811848,1674700
2015-02-19,79.790001,79.809998,77.349998,77.580002,44.431602,1671200
2015-02-20,77.709999,78.739998,77.290001,78.650002,45.044411,1835800
2015-02-23,79.010002,79.970001,78.709999,79.949997,45.788948,2038800
2015-02-24,79.650002,79.650002,77.739998,77.980003,44.660694,2011300
2015-02-25,78.010002,79.199997,77.690002,77.699997,44.500317,2130900
2015-02-26,77.849998,77.959999,76.800003,76.839996,44.007786,1994800
2015-02-27,77.050003,77.339996,76.529999,77.029999,44.116615,2717800
2015-03-02,77.279999,78.239998,77.080002,77.580002,44.431602,1735800
2015-03-03,77.370003,77.610001,76.779999,77.260002,44.248333,1583500
2015-03-04,77.290001,77.449997,76.529999,76.839996,44.007786,1139700
2015-03-05,77.709999,78.360001,77.309998,77.330002,44.288437,1670400
2015-03-06,75.970001,76.290001,74.820000,75.029999,42.971165,1905000
2015-03-09,75.570000,76.230003,75.410004,75.809998,43.417877,1017300
2015-03-10,75.779999,76.589996,75.489998,75.949997,43.498062,1547700
2015-03-11,75.860001,76.199997,75.650002,75.760002,43.389263,1033200
2015-03-12,76.279999,77.320000,76.050003,77.129997,44.173870,2554500
2015-03-13,77.360001,77.709999,76.639999,77.019997,44.110886,1503400
2015-03-16,77.360001,78.970001,77.250000,78.900002,45.187599,1480300
2015-03-17,78.660004,78.910004,77.980003,78.620003,45.027245,1649200
2015-03-18,78.669998,80.739998,78.129997,80.410004,46.052402,1926100
2015-03-19,79.620003,80.610001,79.440002,79.730003,45.978588,1574800
2015-03-20,79.709999,81.970001,79.639999,81.730003,47.131950,3097600
2015-03-23,81.879997,82.529999,81.400002,81.459999,46.976250,1295900
2015-03-24,81.269997,81.790001,80.800003,80.830002,46.612934,2217600
2015-03-25,80.760002,81.190002,78.629997,78.809998,45.448032,2605800
2015-03-26,79.010002,79.330002,78.279999,78.500000,45.269268,2742800
2015-03-27,78.449997,79.199997,78.010002,78.449997,45.240437,1861400
2015-03-30,78.779999,79.209999,78.300003,78.900002,45.499931,4373000
2015-03-31,78.860001,79.019997,77.849998,77.860001,44.900200,3194300
2015-04-01,77.940002,78.190002,77.250000,77.559998,44.727192,1849600
2015-04-02,77.680000,78.650002,77.510002,78.309998,45.159691,1461700
2015-04-06,78.610001,79.230003,78.400002,79.080002,45.603733,1045800
2015-04-07,78.970001,79.160004,77.699997,77.699997,44.807922,1632400
2015-04-08,77.800003,78.430000,77.720001,78.040001,45.004009,2342000
2015-04-09,77.860001,77.879997,75.709999,75.870003,43.752605,1453800
2015-04-10,76.059998,76.650002,75.389999,75.620003,43.608429,1331300
2015-04-13,75.379997,75.959999,75.320000,75.320000,43.435436,1185800
2015-04-14,76.080002,76.180000,75.510002,76.099998,43.885250,1394500
2015-04-15,76.070000,76.180000,75.169998,75.309998,43.429672,1247900
2015-04-16,75.320000,76.080002,74.830002,75.769997,43.694939,1010000
2015-04-17,75.519997,75.820000,74.959999,75.320000,43.435436,1303300
2015-04-20,75.400002,75.709999,75.010002,75.269997,43.406593,1112300
2015-04-21,75.529999,76.230003,75.389999,75.769997,43.694939,1668300
2015-04-22,76.000000,76.820000,75.860001,76.250000,43.971756,2104100
2015-04-23,76.059998,76.709999,76.029999,76.489998,44.110146,946300
2015-04-24,76.489998,77.220001,76.320000,76.550003,44.144737,835500
2015-04-27,76.690002,77.279999,76.449997,76.690002,44.225491,1397000
2015-04-28,76.419998,76.800003,75.809998,76.529999,44.133217,1754000
2015-04-29,75.760002,76.550003,74.760002,75.419998,43.493095,1894700
2015-04-30,74.949997,75.519997,73.330002,73.860001,42.593475,2344800
2015-05-01,74.120003,75.470001,73.860001,74.769997,43.118244,1602100
2015-05-04,75.139999,75.949997,74.970001,75.199997,43.366241,1267000
2015-05-05,74.959999,74.959999,72.870003,73.029999,42.114838,1525300
2015-05-06,73.110001,73.239998,72.019997,72.459999,41.786129,2342200
2015-05-07,72.650002,74.500000,72.650002,74.180000,42.778015,1491800
2015-05-08,75.510002,75.790001,74.730003,74.839996,43.158634,1512800
2015-05-11,74.639999,75.050003,73.269997,73.370003,42.310917,1476800
2015-05-12,72.910004,74.389999,72.680000,73.809998,42.564659,1444700
2015-05-13,74.080002,74.959999,73.209999,73.400002,42.328213,1565800
2015-05-14,73.730003,74.980003,73.529999,74.940002,43.216286,986100
2015-05-15,75.190002,75.440002,75.019997,75.180000,43.354698,1973900
2015-05-18,74.889999,75.269997,74.680000,74.800003,43.135563,1125400
2015-05-19,74.570000,75.269997,74.120003,74.620003,43.031773,1066000
2015-05-20,74.500000,75.349998,74.360001,74.839996,43.158634,1392900
2015-05-21,74.919998,75.050003,74.239998,74.540001,42.985638,976700
2015-05-22,74.320000,75.110001,73.959999,74.620003,43.031773,921500
2015-05-26,74.410004,74.529999,73.660004,73.949997,42.645378,997900
2015-05-27,74.139999,75.269997,73.760002,75.080002,43.297028,1615300
2015-05-28,75.019997,75.370003,74.480003,74.889999,43.187454,1158700
2015-05-29,75.019997,75.169998,74.180000,74.320000,42.858746,2989400
2015-06-01,74.639999,75.279999,73.930000,75.019997,43.262432,1311200
2015-06-02,74.690002,74.790001,73.459999,73.790001,42.553120,1140000
2015-06-03,73.790001,74.169998,71.620003,71.910004,41.468964,2297400
2015-06-04,71.720001,72.250000,71.480003,71.889999,41.457417,1451800
2015-06-05,71.199997,72.419998,70.709999,71.489998,41.226753,2034000
2015-06-08,71.540001,71.690002,70.949997,71.139999,41.024918,2785300
2015-06-09,70.980003,71.290001,70.470001,70.739998,40.794243,1432900
2015-06-10,70.400002,71.330002,70.050003,70.889999,40.880753,1895500
2015-06-11,71.339996,72.059998,71.320000,71.589996,41.284420,1716200
2015-06-12,71.620003,71.959999,71.320000,71.550003,41.261349,1133000
2015-06-15,71.410004,71.639999,70.949997,71.519997,41.244061,1660900
2015-06-16,71.610001,72.790001,71.250000,72.650002,41.895699,2016100
2015-06-17,72.800003,73.760002,72.019997,73.669998,42.483910,1881400
2015-06-18,73.519997,75.510002,73.519997,74.769997,43.118244,2738300
2015-06-19,74.760002,75.019997,74.050003,74.070000,42.714596,2473600
2015-06-22,74.260002,74.400002,72.889999,72.959999,42.074471,1878800
2015-06-23,72.889999,73.000000,71.589996,71.809998,41.411289,2151100
2015-06-24,71.339996,71.739998,71.180000,71.349998,41.465340,1751900
2015-06-25,71.370003,71.660004,70.629997,70.650002,41.058537,1441600
2015-06-26,70.500000,71.580002,70.180000,71.199997,41.378166,1803600
2015-06-29,71.260002,71.800003,70.050003,70.120003,40.750523,1969800
2015-06-30,71.120003,71.120003,69.940002,70.169998,40.779575,1812400
2015-07-01,70.500000,71.650002,70.040001,71.639999,41.633858,1936900
2015-07-02,72.169998,73.029999,71.849998,72.589996,42.185959,2760000
2015-07-06,72.230003,72.949997,72.230003,72.940002,42.389378,1836700
2015-07-07,73.419998,74.430000,73.120003,74.080002,43.051880,2378400
2015-07-08,74.120003,74.419998,73.959999,74.080002,43.051880,1815500
2015-07-09,74.339996,74.860001,74.029999,74.190002,43.115814,1714200
2015-07-10,74.430000,75.269997,74.330002,74.680000,43.400581,1458900
2015-07-13,74.959999,75.720001,73.989998,74.430000,43.255295,1702900
2015-07-14,74.550003,75.260002,74.290001,74.809998,43.476128,1185000
2015-07-15,74.779999,75.160004,74.330002,74.760002,43.447083,1539400
2015-07-16,74.970001,75.510002,74.739998,75.070000,43.627228,1219700
2015-07-17,75.000000,75.360001,74.290001,74.730003,43.429649,1162500
2015-07-20,74.510002,75.370003,74.410004,75.279999,43.749264,1080200
2015-07-21,75.220001,75.919998,74.709999,74.769997,43.452881,1086000
2015-07-22,74.930000,75.709999,74.919998,75.349998,43.789955,850900
2015-07-23,75.250000,75.430000,74.230003,74.529999,43.313416,1451100
2015-07-24,74.449997,74.750000,74.190002,74.580002,43.342461,2369900
2015-07-27,74.739998,75.470001,74.739998,75.050003,43.615608,1499700
2015-07-28,75.330002,77.010002,74.589996,74.889999,43.522625,1231500
2015-07-29,74.800003,75.010002,73.080002,74.449997,43.266922,2176600
2015-07-30,74.169998,75.059998,74.050003,74.290001,43.173927,2296800
2015-07-31,74.940002,75.989998,74.699997,74.809998,43.476128,1642100
2015-08-03,75.000000,75.760002,74.889999,75.519997,43.888733,924400
2015-08-04,75.309998,75.949997,74.449997,74.570000,43.336658,1312700
2015-08-05,74.750000,75.110001,74.050003,74.500000,43.295982,1383200
2015-08-06,74.320000,74.800003,73.370003,74.769997,43.452881,1523000
2015-08-07,74.709999,75.199997,73.989998,75.199997,43.702785,911200
2015-08-10,75.400002,75.699997,74.919998,75.279999,43.749264,1139000
2015-08-11,75.220001,76.620003,75.019997,76.370003,44.382732,1527400
2015-08-12,76.879997,76.879997,75.699997,76.849998,44.661686,2119200
2015-08-13,76.550003,77.519997,76.019997,76.800003,44.632641,1109500
2015-08-14,76.680000,77.160004,76.019997,77.139999,44.830223,979700
2015-08-17,77.129997,77.580002,76.639999,77.529999,45.056870,1509600
2015-08-18,77.510002,78.000000,77.250000,77.709999,45.161488,1491700
2015-08-19,77.250000,77.470001,76.070000,76.470001,44.440853,2092700
2015-08-20,76.199997,76.669998,75.610001,75.959999,44.144459,1664100
2015-08-21,75.769997,75.849998,74.389999,74.389999,43.232040,2577700
2015-08-24,70.000000,81.980003,61.900002,70.519997,40.982979,2629200
2015-08-25,71.989998,72.400002,68.870003,68.949997,40.070576,2883000
2015-08-26,70.080002,71.480003,68.849998,71.290001,41.430473,2766400
2015-08-27,71.889999,73.580002,71.430000,73.120003,42.493969,1961600
2015-08-28,73.120003,73.470001,72.389999,72.940002,42.389378,1642900
2015-08-31,72.680000,72.750000,71.160004,71.250000,41.407227,3306400
2015-09-01,70.050003,70.699997,68.940002,69.480003,40.378582,1872600
2015-09-02,70.379997,70.709999,69.580002,70.160004,40.773773,1197900
2015-09-03,70.489998,70.919998,70.209999,70.440002,40.936481,1380800
2015-09-04,69.800003,69.930000,68.449997,69.160004,40.192631,1346200
2015-09-08,69.949997,70.470001,69.309998,70.230003,40.814457,1742900
2015-09-09,71.209999,71.599998,69.209999,69.339996,40.297203,1503100
2015-09-10,68.989998,70.260002,68.989998,69.519997,40.401817,1263300
2015-09-11,69.510002,70.910004,69.099998,70.900002,41.203823,2066600
2015-09-14,71.120003,71.120003,70.290001,70.580002,41.017849,887300
2015-09-15,70.949997,71.879997,70.190002,71.820000,41.738476,1258200
2015-09-16,71.830002,72.589996,71.559998,72.360001,42.052319,1449800
2015-09-17,71.900002,73.980003,71.379997,72.610001,42.522568,1439200
2015-09-18,71.480003,73.440002,71.410004,72.110001,42.229752,2933300
2015-09-21,72.220001,73.370003,72.099998,73.139999,42.832943,1366000
2015-09-22,72.650002,72.959999,72.209999,72.519997,42.469856,1536000
2015-09-23,72.540001,73.230003,72.110001,72.860001,42.668976,1430500
2015-09-24,72.589996,73.160004,71.720001,72.269997,42.323441,1864900
2015-09-25,72.489998,73.300003,71.879997,72.870003,42.674831,1644900
2015-09-28,72.540001,72.669998,70.879997,71.330002,41.772968,1800800
2015-09-29,71.459999,73.760002,71.349998,73.550003,43.073059,2044800
2015-09-30,74.010002,75.339996,73.769997,75.120003,43.992489,2850100
2015-10-01,75.519997,75.589996,74.379997,75.269997,44.080341,1378300
2015-10-02,75.059998,76.089996,74.620003,76.080002,44.554722,1156100
2015-10-05,76.269997,76.550003,75.419998,76.419998,44.753803,1522300
2015-10-06,76.379997,76.790001,75.510002,75.669998,44.314594,1620500
2015-10-07,75.879997,76.750000,75.510002,76.720001,44.929504,1652400
2015-10-08,76.910004,77.459999,76.059998,77.349998,45.298450,1228500
2015-10-09,77.150002,77.580002,76.809998,77.489998,45.380436,1071300
2015-10-12,77.699997,78.389999,77.459999,78.129997,45.755234,873400
2015-10-13,77.839996,78.169998,76.809998,77.199997,45.210602,1057600
2015-10-14,77.419998,77.500000,76.199997,76.389999,44.736244,1238700
2015-10-15,76.540001,78.260002,76.540001,78.230003,45.813793,1613400
2015-10-16,78.550003,79.209999,78.400002,78.739998,46.112473,1731200
2015-10-19,78.690002,80.180000,78.489998,80.129997,46.926510,1479700
2015-10-20,80.099998,80.970001,79.040001,79.500000,46.557545,1831000
2015-10-21,79.910004,80.250000,79.300003,79.449997,46.528271,1218500
2015-10-22,79.860001,80.129997,79.040001,79.720001,46.686409,1919000
2015-10-23,79.639999,80.000000,78.720001,79.470001,46.539993,1525300
2015-10-26,81.330002,81.820000,79.650002,80.940002,47.400867,2054800
2015-10-27,80.599998,81.250000,79.360001,79.639999,46.639549,2584400
2015-10-28,79.690002,80.059998,77.290001,78.910004,46.212036,2066100
2015-10-29,78.500000,78.870003,77.680000,78.139999,45.761093,3008100
2015-10-30,77.970001,78.389999,77.029999,77.320000,45.280880,2660800
2015-11-02,77.160004,80.110001,77.089996,80.110001,46.914780,2417300
2015-11-03,79.660004,79.870003,78.620003,79.459999,46.534130,2058300
2015-11-04,79.570000,79.800003,78.769997,79.139999,46.346722,1501900
2015-11-05,78.970001,79.209999,78.290001,79.160004,46.358437,1180600
2015-11-06,77.970001,78.279999,76.120003,76.900002,45.034924,1432900
2015-11-09,76.129997,76.669998,75.370003,76.199997,44.624966,1716100
2015-11-10,76.349998,78.089996,76.349998,77.570000,45.427288,1754100
2015-11-11,77.650002,78.879997,77.559998,78.389999,45.907490,1416500
2015-11-12,78.099998,78.650002,77.639999,77.699997,45.503418,1309000
2015-11-13,78.059998,78.190002,77.269997,77.290001,45.263306,1244200
2015-11-16,77.400002,78.290001,77.070000,78.290001,45.848946,1351700
2015-11-17,78.580002,79.300003,78.129997,78.650002,46.059761,949100
2015-11-18,78.870003,78.970001,77.540001,78.730003,46.106625,1458100
2015-11-19,78.970001,79.820000,78.760002,79.129997,46.340855,1153700
2015-11-20,79.570000,79.980003,79.360001,79.639999,46.639549,1633100
2015-11-23,79.930000,80.480003,79.300003,79.790001,46.727394,1448700
2015-11-24,79.150002,79.559998,78.150002,79.120003,46.335014,1448500
2015-11-25,79.260002,80.260002,79.040001,79.860001,46.768387,1151800
2015-11-27,79.680000,81.050003,79.500000,80.650002,47.231014,599700
2015-11-30,80.750000,81.599998,79.430000,79.820000,46.744961,3296900
2015-12-01,80.300003,81.160004,80.000000,81.129997,47.512127,1460100
2015-12-02,80.830002,81.489998,79.779999,79.930000,46.809387,1765100
2015-12-03,79.879997,79.959999,77.470001,77.629997,45.462421,1978300
2015-12-04,78.160004,79.949997,78.139999,79.660004,46.651245,1646100
2015-12-07,79.739998,80.000000,78.839996,79.110001,46.329151,1204700
2015-12-08,79.099998,79.680000,78.529999,78.650002,46.059761,1430000
2015-12-09,78.120003,78.680000,77.190002,77.570000,45.427288,1316400
2015-12-10,77.550003,78.000000,76.980003,77.209999,45.216457,2031400
2015-12-11,76.820000,78.300003,76.660004,77.550003,45.415585,2013500
2015-12-14,77.290001,78.279999,77.000000,78.190002,45.790382,1639400
2015-12-15,78.769997,79.940002,78.580002,79.320000,46.452137,1233000
2015-12-16,79.669998,81.089996,79.410004,80.830002,47.336430,1704100
2015-12-17,80.709999,80.889999,80.120003,80.580002,47.190022,2873900
2015-12-18,79.930000,80.750000,79.889999,79.900002,46.791805,3463600
2015-12-21,80.669998,80.930000,79.680000,80.080002,46.897221,1594900
2015-12-22,80.699997,81.260002,79.790001,80.029999,46.867931,1858400
2015-12-23,79.650002,80.900002,79.620003,80.760002,47.624516,1065600
2015-12-24,80.790001,81.190002,80.139999,80.870003,47.689400,505600
2015-12-28,80.660004,81.290001,80.339996,81.190002,47.878078,782000
2015-12-29,81.720001,82.000000,81.150002,81.970001,48.338074,1000000
2015-12-30,81.970001,82.250000,81.500000,81.889999,48.290897,1068400
2015-12-31,81.760002,82.389999,81.550003,81.589996,48.113976,1577200
2016-01-04,80.790001,80.870003,79.209999,79.900002,47.117374,1727900
2016-01-05,80.150002,81.760002,80.000000,81.500000,48.060925,1379100
2016-01-06,80.760002,81.500000,80.309998,80.730003,47.606831,1407100
2016-01-07,79.559998,80.949997,79.559998,80.480003,47.459412,1675600
2016-01-08,81.059998,81.129997,78.690002,78.820000,46.480503,1481200
2016-01-11,79.150002,80.150002,78.820000,79.779999,47.046612,1786200
2016-01-12,80.860001,80.959999,79.500000,79.940002,47.140961,2004100
2016-01-13,80.089996,81.070000,79.080002,79.169998,46.686909,1561000
2016-01-14,79.330002,79.930000,78.489998,78.570000,46.333057,2233600
2016-01-15,77.139999,78.809998,76.639999,78.580002,46.338982,2136000
2016-01-19,78.669998,79.720001,78.320000,79.180000,46.692799,1647400
2016-01-20,78.430000,78.669998,75.410004,76.400002,45.053421,2210600
2016-01-21,76.779999,77.419998,76.040001,76.440002,45.076996,1654200
2016-01-22,77.370003,78.050003,76.769997,77.720001,45.831818,1927000
2016-01-25,77.610001,79.199997,77.150002,78.199997,46.114883,1843100
2016-01-26,78.349998,79.900002,78.099998,79.739998,47.023026,1744300
2016-01-27,79.650002,79.650002,77.610001,78.269997,46.156158,1638300
2016-01-28,78.120003,78.379997,75.669998,75.790001,44.693691,2731900
2016-01-29,76.629997,77.230003,74.930000,77.089996,45.460316,3139600
2016-02-01,76.190002,77.800003,75.790001,76.730003,45.248009,2142600
2016-02-02,77.000000,77.220001,74.790001,75.599998,44.581646,2787600
2016-02-03,75.800003,75.919998,73.400002,75.680000,44.628822,3099900
2016-02-04,75.269997,76.930000,74.480003,76.269997,44.976749,2278200
2016-02-05,75.940002,76.150002,73.309998,73.589996,43.396339,2222800
2016-02-08,73.279999,73.589996,70.910004,72.230003,42.594349,2786900
2016-02-09,71.949997,72.440002,71.199997,71.339996,42.069508,2110500
2016-02-10,71.860001,72.949997,71.410004,71.769997,42.323078,1222400
2016-02-11,70.709999,71.129997,69.870003,70.720001,41.703899,2265600
2016-02-12,71.669998,71.669998,70.639999,71.290001,42.040031,1907700
2016-02-16,72.029999,72.309998,71.150002,72.180000,42.564865,1524600
2016-02-17,72.330002,72.879997,72.099998,72.440002,42.718189,2213000
2016-02-18,72.320000,73.190002,71.889999,72.970001,43.030720,1838800
2016-02-19,72.949997,73.739998,72.489998,73.120003,43.119164,1482500
2016-02-22,73.680000,74.620003,73.629997,74.199997,43.756065,1718700
2016-02-23,74.860001,75.230003,73.510002,73.809998,43.526089,1660500
2016-02-24,73.500000,74.059998,72.160004,73.230003,43.184048,1875900
2016-02-25,73.870003,74.550003,73.570000,74.500000,43.932983,2096400
2016-02-26,74.489998,74.900002,73.540001,74.550003,43.962475,3067300
2016-02-29,74.660004,75.410004,74.290001,74.489998,43.927063,3181500
2016-03-01,67.160004,68.669998,66.620003,68.620003,45.334270,3162900
2016-03-02,68.570000,70.349998,68.570000,70.019997,46.259197,2643300
2016-03-03,70.029999,71.000000,69.790001,70.970001,46.886810,2169400
2016-03-04,70.970001,71.519997,70.459999,71.470001,47.217148,2064500
2016-03-07,70.989998,71.830002,70.660004,71.660004,47.342693,1208800
2016-03-08,71.709999,71.930000,70.839996,70.970001,46.886810,2019900
2016-03-09,71.000000,72.110001,70.830002,71.680000,47.355881,1654100
2016-03-10,72.389999,72.720001,70.699997,71.059998,46.946255,2870200
2016-03-11,71.970001,72.980003,70.790001,72.900002,48.161880,2515200
2016-03-14,72.709999,73.199997,72.190002,72.589996,47.957085,1331800
2016-03-15,72.510002,72.900002,72.070000,72.690002,48.023159,1272700
2016-03-16,72.510002,73.599998,72.139999,73.360001,48.465786,1433100
2016-03-17,73.489998,74.559998,73.160004,74.449997,49.185917,1699900
2016-03-18,74.699997,75.389999,74.209999,74.260002,49.060398,3298400
2016-03-21,74.160004,74.330002,72.820000,73.019997,48.241173,2051200
2016-03-22,72.470001,73.410004,72.300003,72.739998,48.390175,1785100
2016-03-23,72.820000,72.930000,72.330002,72.540001,48.257122,1698200
2016-03-24,72.190002,72.550003,71.769997,72.489998,48.223869,1764900
2016-03-28,72.559998,73.870003,72.559998,73.699997,49.028812,1414400
2016-03-29,73.639999,75.220001,73.639999,75.209999,50.033356,1696000
2016-03-30,74.820000,75.300003,74.489998,74.849998,49.793850,1554000
2016-03-31,74.959999,75.269997,74.489998,75.029999,49.913609,2229400
2016-04-01,74.709999,75.430000,74.449997,75.169998,50.006733,1428800
2016-04-04,75.260002,75.489998,74.209999,74.669998,49.674118,1730000
2016-04-05,74.290001,74.820000,73.910004,74.019997,49.241699,1665300
2016-04-06,73.889999,74.639999,73.750000,74.589996,49.620907,1095700
2016-04-07,74.330002,74.559998,73.629997,73.900002,49.161865,1113200
2016-04-08,74.220001,74.709999,73.779999,73.910004,49.168533,1282300
2016-04-11,73.330002,73.330002,72.199997,72.279999,48.084171,2485200
2016-04-12,72.360001,72.510002,71.879997,72.360001,48.137402,2314300
2016-04-13,72.739998,72.750000,70.400002,70.559998,46.939930,3062800
2016-04-14,70.300003,70.430000,68.989998,69.370003,46.148300,2704200
2016-04-15,69.349998,71.279999,69.050003,70.889999,47.159481,2112000
2016-04-18,70.889999,71.269997,70.370003,71.250000,47.398960,2088900
2016-04-19,71.510002,71.949997,71.180000,71.750000,47.731571,1789900
2016-04-20,71.820000,72.000000,69.919998,70.139999,46.660534,1198200
2016-04-21,70.139999,71.070000,69.580002,69.820000,46.447659,1636000
2016-04-22,70.000000,70.879997,69.940002,70.660004,47.006466,1821800
2016-04-25,70.470001,71.360001,70.160004,71.260002,47.405609,1566100
2016-04-26,71.370003,71.940002,70.059998,70.529999,46.919971,2792500
2016-04-27,67.680000,69.099998,66.820000,68.750000,45.735836,3602800
2016-04-28,68.290001,69.519997,67.860001,68.940002,45.862244,2273900
2016-04-29,68.510002,68.889999,67.449997,68.070000,45.283489,2036700
2016-05-02,68.720001,69.349998,68.110001,69.150002,46.001961,1484500
2016-05-03,68.889999,69.300003,68.720001,69.230003,46.055168,1295500
2016-05-04,68.610001,70.660004,68.500000,70.440002,46.860107,2227600
2016-05-05,70.290001,71.230003,70.089996,70.730003,47.053040,1523300
2016-05-06,70.680000,71.430000,69.910004,71.180000,47.352394,1432800
2016-05-09,71.260002,72.070000,71.129997,71.879997,47.818062,1563700
2016-05-10,72.099998,73.050003,71.440002,72.349998,48.130730,2541900
2016-05-11,72.269997,72.339996,69.779999,69.860001,46.474255,3002300
2016-05-12,69.959999,70.230003,69.050003,69.879997,46.487576,1953600
2016-05-13,69.680000,69.910004,69.000000,69.199997,46.035194,1370400
2016-05-16,69.059998,70.180000,69.059998,69.750000,46.401093,1704300
2016-05-17,69.709999,69.709999,67.930000,68.160004,45.343342,1905100
2016-05-18,68.379997,68.389999,66.900002,67.699997,45.037331,3080900
2016-05-19,67.029999,67.309998,66.589996,66.820000,44.451920,1955100
2016-05-20,67.220001,67.610001,66.809998,67.470001,44.884315,1551100
2016-05-23,67.629997,67.949997,67.180000,67.540001,44.930893,1491300
2016-05-24,68.080002,68.349998,67.639999,67.980003,45.223598,2711000
2016-05-25,68.190002,68.930000,67.559998,68.839996,45.795723,2357000
2016-05-26,68.779999,69.089996,68.339996,68.739998,45.729202,1687300
2016-05-27,68.809998,69.269997,68.300003,68.720001,45.715885,1165000
2016-05-31,68.889999,69.419998,68.320000,69.209999,46.041851,1978800
2016-06-01,67.889999,68.430000,65.849998,66.370003,44.152554,4515900
2016-06-02,66.809998,66.870003,65.650002,66.500000,44.239033,4539900
2016-06-03,67.010002,67.010002,64.790001,64.970001,43.221203,2643400
2016-06-06,64.970001,65.129997,63.110001,63.619999,42.323116,3482000
2016-06-07,63.880001,64.290001,63.619999,64.160004,42.682354,2096500
2016-06-08,63.650002,64.279999,63.119999,64.279999,42.762188,1775100
2016-06-09,64.150002,64.580002,63.990002,64.459999,42.881916,1815500
2016-06-10,64.019997,64.559998,63.560001,64.419998,42.855320,2384200
2016-06-13,64.500000,65.290001,64.169998,64.239998,42.735565,2077500
2016-06-14,64.320000,64.900002,64.040001,64.550003,42.941807,2542100
2016-06-15,64.669998,65.599998,64.410004,65.540001,43.600391,2379000
2016-06-16,65.370003,66.430000,65.120003,66.250000,44.072727,2572400
2016-06-17,65.989998,66.110001,65.160004,65.809998,43.780014,3112300
2016-06-20,66.589996,67.269997,65.809998,65.839996,43.799973,2466200
2016-06-21,66.010002,66.230003,65.730003,66.000000,43.906406,2493800
2016-06-22,66.209999,66.779999,65.730003,66.370003,44.152554,2976000
2016-06-23,66.410004,66.419998,65.809998,66.089996,44.302704,2458600
2016-06-24,65.000000,65.849998,64.419998,65.500000,43.907207,3818200
2016-06-27,64.879997,66.040001,64.599998,65.970001,44.222263,2228400
2016-06-28,66.489998,67.800003,66.239998,67.790001,45.442284,2614000
2016-06-29,68.000000,68.879997,67.519997,68.010002,45.589760,1599600
2016-06-30,68.050003,68.889999,67.610001,68.879997,46.172947,1993900
2016-07-01,69.010002,69.250000,68.410004,69.000000,46.253387,2266800
2016-07-05,68.980003,70.379997,68.839996,69.779999,46.776268,2277200
2016-07-06,69.610001,69.820000,68.489998,69.220001,46.400879,2586700
2016-07-07,69.070000,69.320000,68.349998,69.300003,46.454498,2037100
2016-07-08,69.830002,70.519997,69.459999,70.500000,47.258900,2416300
2016-07-11,70.610001,70.919998,69.849998,70.769997,47.439877,2312400
2016-07-12,70.430000,71.129997,70.029999,71.019997,47.607460,1967100
2016-07-13,71.309998,71.529999,70.720001,70.910004,47.533745,2041700
2016-07-14,70.809998,71.089996,70.150002,70.449997,47.225376,1287400
2016-07-15,70.550003,70.550003,69.330002,69.570000,46.635498,1462000
2016-07-18,69.730003,69.989998,69.430000,69.820000,46.803070,1418300
2016-07-19,69.699997,70.750000,69.449997,70.709999,47.399666,1808500
2016-07-20,70.629997,70.720001,69.959999,70.089996,46.984066,1626300
2016-07-21,70.000000,70.099998,69.519997,69.949997,46.890217,1944800
2016-07-22,69.959999,70.580002,69.639999,70.320000,47.138241,2021300
2016-07-25,70.480003,70.750000,69.839996,70.160004,47.030998,1665100
2016-07-26,69.699997,69.900002,69.370003,69.820000,46.803070,1890100
2016-07-27,66.370003,67.320000,65.379997,65.959999,44.215553,11465800
2016-07-28,65.739998,67.260002,65.410004,66.849998,44.812168,4188900
2016-07-29,66.849998,68.419998,66.699997,67.989998,45.576347,3395000
2016-08-01,67.989998,68.669998,67.900002,68.360001,45.824379,2352800
2016-08-02,68.220001,68.220001,66.930000,67.269997,45.093708,2884400
2016-08-03,66.800003,66.930000,65.620003,66.010002,44.249088,3708200
2016-08-04,66.040001,66.650002,66.000000,66.360001,44.483688,2899500
2016-08-05,66.570000,67.230003,66.110001,67.230003,45.066895,2018100
2016-08-08,67.320000,68.550003,67.080002,68.300003,45.784153,2210000
2016-08-09,68.300003,68.730003,67.970001,68.639999,46.012070,2477700
2016-08-10,68.570000,68.800003,66.900002,67.260002,45.087009,2411900
2016-08-11,67.330002,67.379997,65.940002,66.339996,44.470295,1486000
2016-08-12,66.400002,67.199997,66.080002,66.360001,44.483688,1365400
2016-08-15,66.440002,67.000000,66.320000,66.540001,44.604366,1289000
2016-08-16,66.220001,66.550003,65.820000,65.989998,44.235668,1399000
2016-08-17,66.110001,66.330002,65.019997,66.260002,44.416672,1894000
2016-08-18,66.059998,66.610001,65.389999,65.639999,44.001064,1865900
2016-08-19,65.379997,65.599998,64.599998,65.379997,43.826763,1599200
2016-08-22,65.500000,65.669998,64.769997,65.339996,43.799953,1656200
2016-08-23,65.680000,65.730003,65.050003,65.050003,43.605556,1008000
2016-08-24,64.739998,65.220001,64.269997,64.809998,43.444668,1727200
2016-08-25,64.769997,66.169998,64.470001,65.610001,43.980946,1839700
2016-08-26,65.650002,66.360001,64.160004,64.550003,43.270397,2437700
2016-08-29,64.639999,65.559998,64.580002,65.010002,43.578743,1441100
2016-08-30,65.000000,65.050003,64.169998,64.680000,43.357529,1571200
2016-08-31,64.650002,65.070000,64.400002,64.870003,43.484894,3215300
2016-09-01,64.900002,64.959999,64.250000,64.410004,43.176544,1900500
2016-09-02,64.680000,65.360001,64.010002,64.589996,43.297192,1994600
2016-09-06,64.680000,65.019997,64.089996,65.000000,43.572044,2754900
2016-09-07,65.000000,65.769997,64.419998,65.720001,44.054691,2250700
2016-09-08,65.370003,65.370003,64.269997,64.410004,43.176544,4005300
2016-09-09,63.759998,64.089996,62.439999,62.799999,42.097294,3197700
2016-09-12,62.509998,64.019997,62.389999,63.810001,42.774330,2617700
2016-09-13,63.270000,63.349998,62.580002,62.730000,42.050369,2299200
2016-09-14,64.440002,64.440002,63.080002,63.610001,42.640270,2683700
2016-09-15,63.560001,64.480003,63.180000,64.360001,43.143013,2069900
2016-09-16,64.019997,64.459999,63.580002,64.419998,43.183239,4428500
2016-09-19,64.559998,65.180000,64.370003,65.129997,43.659180,1970200
2016-09-20,65.449997,65.559998,65.129997,65.209999,43.712814,2001500
2016-09-21,65.309998,66.190002,64.410004,66.010002,44.249088,4050000
2016-09-22,63.090000,64.400002,62.980000,64.360001,45.561558,3080900
2016-09-23,64.129997,65.070000,63.740002,64.440002,45.618202,3699600
2016-09-26,64.190002,64.860001,64.190002,64.489998,45.653591,3146800
2016-09-27,64.870003,65.860001,64.209999,64.580002,45.717308,3298000
2016-09-28,64.709999,65.589996,64.650002,65.510002,46.375660,2383500
2016-09-29,65.160004,65.650002,64.430000,64.430000,45.611115,2899000
2016-09-30,64.930000,65.330002,64.180000,64.330002,45.540325,3235300
2016-10-03,64.080002,64.080002,63.070000,63.090000,44.662510,2410600
2016-10-04,63.400002,63.400002,62.169998,62.509998,44.251915,3049200
2016-10-05,62.570000,62.860001,61.009998,61.410000,43.473198,4150300
2016-10-06,61.040001,61.970001,60.250000,61.360001,43.437813,3834400
2016-10-07,61.660000,62.480000,60.680000,60.799999,43.041374,2462000
2016-10-10,60.799999,61.110001,60.680000,60.840000,43.069687,1945700
2016-10-11,60.810001,61.029999,60.410000,60.500000,42.828995,2561000
2016-10-12,60.660000,62.009998,60.509998,61.150002,43.289146,3115200
2016-10-13,60.830002,61.340000,60.500000,61.150002,43.289146,2279200
2016-10-14,61.270000,62.020000,60.860001,61.400002,43.466137,2293200
2016-10-17,62.209999,62.209999,61.310001,61.340000,43.423664,1949900
2016-10-18,61.990002,62.180000,60.919998,61.080002,43.239597,2222000
2016-10-19,61.060001,61.380001,60.860001,61.240002,43.352863,2720100
2016-10-20,61.189999,61.619999,60.820000,61.029999,43.204197,1866100
2016-10-21,60.570000,61.240002,60.430000,61.029999,43.204197,1867500
2016-10-24,61.389999,61.770000,60.560001,60.709999,42.977661,1498900
2016-10-25,60.040001,60.730000,59.860001,60.369999,42.736969,2733400
2016-10-26,61.439999,61.560001,60.040001,61.150002,43.289146,2433200
2016-10-27,60.970001,60.970001,59.580002,59.849998,42.368851,2064400
2016-10-28,59.990002,60.939999,59.869999,60.180000,42.602467,1810700
2016-10-31,60.540001,61.939999,60.330002,61.750000,43.713890,2013800
2016-11-01,61.639999,61.820000,60.549999,60.820000,43.055519,2129200
2016-11-02,61.060001,61.980000,60.750000,60.869999,43.090916,2335500
2016-11-03,60.889999,61.730000,60.750000,61.299999,43.395332,2035400
2016-11-04,61.500000,61.950001,61.070000,61.590000,43.600624,1698300
2016-11-07,62.330002,62.549999,61.279999,61.610001,43.614784,1760500
2016-11-08,61.660000,62.820000,61.320000,62.570000,44.294388,1570300
2016-11-09,61.410000,62.430000,60.209999,61.279999,43.381168,2501800
2016-11-10,61.439999,61.439999,59.290001,59.980000,42.460888,2351300
2016-11-11,60.000000,61.099998,59.869999,60.049999,42.510422,2325900
2016-11-14,60.099998,61.570000,59.020000,61.000000,43.182961,3065800
2016-11-15,61.250000,61.500000,58.599998,59.299999,41.979500,3901700
2016-11-16,59.180000,60.090000,58.910000,59.930000,42.425491,2089100
2016-11-17,59.869999,60.549999,58.860001,58.990002,41.760052,1417000
2016-11-18,59.150002,59.389999,58.279999,58.980000,41.752972,1740900
2016-11-21,59.049999,59.669998,58.709999,58.810001,41.632622,1950700
2016-11-22,59.040001,60.240002,58.689999,60.060001,42.517502,2187600
2016-11-23,59.770000,59.880001,58.450001,59.209999,41.915794,1813000
2016-11-25,59.299999,59.740002,58.939999,59.430000,42.071518,773500
2016-11-28,59.340000,60.650002,59.330002,59.980000,42.460888,2226400
2016-11-29,60.119999,60.930000,60.049999,60.490002,42.821918,2596600
2016-11-30,60.040001,60.700001,59.639999,60.009998,42.482113,3672400
2016-12-01,59.599998,60.220001,59.110001,59.700001,42.262650,2996900
2016-12-02,60.150002,60.980000,60.000000,60.500000,42.828995,2080300
2016-12-05,60.520000,61.139999,60.279999,61.090000,43.246670,3081400
2016-12-06,61.230000,62.119999,61.110001,61.790001,43.742214,4399900
2016-12-07,61.799999,62.650002,61.740002,62.630001,44.336864,3291600
2016-12-08,62.290001,63.099998,61.910000,62.900002,44.528015,2003200
2016-12-09,62.849998,63.740002,62.730000,62.869999,44.506763,2807300
2016-12-12,62.759998,63.340000,62.549999,63.020000,44.612957,1620700
2016-12-13,63.610001,63.650002,62.580002,63.150002,44.704971,2083700
2016-12-14,63.330002,63.500000,62.389999,62.790001,44.450138,2452900
2016-12-15,62.740002,63.580002,62.250000,63.000000,44.598801,2287400
2016-12-16,63.459999,64.220001,63.080002,64.050003,45.342106,3408800
2016-12-19,64.290001,64.470001,63.790001,64.139999,45.405811,2121800
2016-12-20,64.080002,64.629997,63.910000,64.410004,45.596958,2303500
2016-12-21,64.500000,65.139999,63.169998,63.459999,44.924419,4001200
2016-12-22,62.950001,63.049999,62.099998,62.970001,44.934422,1577800
2016-12-23,63.200001,63.299999,62.700001,62.950001,44.920158,1238500
2016-12-27,63.020000,63.590000,62.779999,63.189999,45.091415,933500
2016-12-28,63.389999,63.400002,62.509998,62.919998,44.898746,1206600
2016-12-29,63.049999,63.799999,62.820000,63.680000,45.441067,1301600
2016-12-30,63.590000,64.440002,63.189999,64.360001,45.926304,1542200
2017-01-03,64.870003,64.870003,63.220001,63.630001,45.405396,3005100
2017-01-04,63.840000,64.419998,63.320000,64.279999,45.869225,1934000
2017-01-05,63.970001,65.199997,63.340000,65.150002,46.490044,1693800
2017-01-06,64.970001,65.709999,64.720001,65.379997,46.654167,1638000
2017-01-09,65.260002,65.290001,64.459999,64.470001,46.004807,1777900
2017-01-10,63.980000,64.419998,63.500000,63.880001,45.583782,1958800
2017-01-11,63.840000,64.099998,63.290001,63.310001,45.177048,2235600
2017-01-12,63.189999,64.400002,62.759998,64.110001,45.747910,2286700
2017-01-13,63.939999,63.980000,63.040001,63.389999,45.234131,1534900
2017-01-17,63.540001,63.950001,63.080002,63.480000,45.298359,2156600
2017-01-18,63.509998,64.129997,63.139999,63.599998,45.383987,2113700
2017-01-19,63.369999,63.520000,62.950001,63.000000,44.955830,1940900
2017-01-20,63.200001,63.770000,62.840000,63.360001,45.212734,2100700
2017-01-23,63.169998,63.369999,62.650002,63.020000,44.970116,2037100
2017-01-24,63.080002,63.150002,62.040001,62.290001,44.449184,2848900
2017-01-25,62.279999,62.529999,61.540001,61.700001,44.028172,2656300
2017-01-26,61.980000,62.099998,61.400002,61.520000,43.899723,2200700
2017-01-27,61.660000,61.889999,60.660000,61.020000,43.542938,2565100
2017-01-30,60.820000,61.020000,60.380001,60.700001,43.314598,3167700
2017-01-31,60.770000,61.610001,60.480000,60.770000,43.364548,2923000
2017-02-01,60.740002,61.029999,59.490002,59.900002,42.743713,4693200
2017-02-02,59.779999,61.000000,59.759998,60.759998,43.357403,3153600
2017-02-03,61.160000,61.500000,59.830002,60.380001,43.086246,3078200
2017-02-06,60.360001,60.810001,60.060001,60.560001,43.214684,1676800
2017-02-07,60.480000,60.840000,60.180000,60.660000,43.286041,2088500
2017-02-08,60.860001,61.799999,60.650002,61.419998,43.828365,2895000
2017-02-09,61.419998,61.610001,61.130001,61.410000,43.821224,1490300
2017-02-10,61.299999,61.939999,61.080002,61.930000,44.192284,1585000
2017-02-13,61.900002,62.310001,60.939999,62.139999,44.342140,2307000
2017-02-14,61.700001,62.119999,61.110001,62.000000,44.242245,1434200
2017-02-15,61.610001,61.810001,60.880001,61.660000,43.999630,1356700
2017-02-16,61.599998,62.250000,61.599998,61.880001,44.156609,1041400
2017-02-17,62.009998,62.150002,61.130001,61.580002,43.942535,1365600
2017-02-21,61.439999,62.549999,61.290001,62.419998,44.541962,1524800
2017-02-22,62.509998,62.860001,61.290001,61.930000,44.192284,1459100
2017-02-23,62.209999,62.759998,62.090000,62.759998,44.784569,1310500
2017-02-24,62.599998,62.790001,62.279999,62.779999,44.798840,1171500
2017-02-27,62.919998,63.599998,62.660000,63.259998,45.141369,1456200
2017-02-28,63.220001,63.500000,62.869999,63.070000,45.005783,1805800
2017-03-01,62.930000,63.779999,62.419998,63.020000,44.970116,2442000
2017-03-02,62.889999,63.540001,62.610001,63.259998,45.141369,1851000
2017-03-03,62.990002,62.990002,61.560001,62.320000,44.470596,2087100
2017-03-06,62.150002,62.779999,61.889999,62.419998,44.541962,1452200
2017-03-07,62.290001,62.570000,61.959999,62.549999,44.634727,1374300
2017-03-08,62.240002,62.820000,62.020000,62.669998,44.720352,2444600
2017-03-09,62.740002,62.939999,62.070000,62.130001,44.335018,2774400
2017-03-10,62.130001,63.189999,61.360001,61.959999,44.213711,2780200
2017-03-13,62.090000,62.919998,62.000000,62.570000,44.648994,3129200
2017-03-14,62.509998,62.900002,62.220001,62.330002,44.477730,2214600
2017-03-15,62.259998,63.669998,62.259998,63.419998,45.255531,1659000
2017-03-16,63.340000,63.959999,63.160000,63.389999,45.234131,1518300
2017-03-17,63.590000,63.980000,63.259998,63.430000,45.262672,2604200
2017-03-20,63.540001,63.740002,63.070000,63.189999,45.091415,1118900
2017-03-21,63.299999,63.549999,62.970001,62.990002,44.948689,2103400
2017-03-22,63.279999,63.459999,62.849998,63.369999,45.219856,1568600
2017-03-23,62.889999,63.480000,62.689999,63.150002,45.424133,1645000
2017-03-24,63.349998,63.560001,62.840000,62.939999,45.273090,1738700
2017-03-27,62.840000,63.060001,61.910000,62.200001,44.740803,1361400
2017-03-28,62.200001,62.509998,61.419998,62.410000,44.891861,1735700
2017-03-29,62.360001,62.549999,61.680000,62.290001,44.805538,1610200
2017-03-30,62.270000,62.389999,61.509998,62.189999,44.733604,1133100
2017-03-31,62.110001,62.529999,61.900002,62.220001,44.755192,1768100
2017-04-03,62.240002,62.400002,61.590000,62.139999,44.697636,1313500
2017-04-04,62.189999,63.200001,62.000000,62.330002,44.834305,1889100
2017-04-05,62.400002,63.209999,62.099998,63.009998,45.323441,1867500
2017-04-06,62.959999,63.209999,62.480000,62.900002,45.244328,1201600
2017-04-07,62.990002,63.360001,62.810001,63.040001,45.345020,1475000
2017-04-10,62.919998,63.590000,62.820000,63.490002,45.668713,1016600
2017-04-11,63.439999,63.919998,63.400002,63.919998,45.978008,1550500
2017-04-12,63.950001,64.199997,63.380001,63.439999,45.632736,1536100
2017-04-13,63.419998,63.590000,63.160000,63.240002,45.488876,1301600
2017-04-17,63.330002,64.110001,63.240002,64.110001,46.114677,1247000
2017-04-18,63.919998,64.610001,63.830002,64.389999,46.316082,1615200
2017-04-19,64.300003,64.680000,63.919998,64.339996,46.280121,1832100
2017-04-20,64.470001,64.470001,63.959999,64.400002,46.323269,1663600
2017-04-21,64.199997,64.580002,64.099998,64.279999,46.236958,1797700
2017-04-24,64.800003,64.900002,63.230000,64.199997,46.179401,2358700
2017-04-25,64.309998,64.980003,63.849998,64.930000,46.704510,2800700
2017-04-26,64.760002,65.900002,64.389999,65.279999,46.956272,3491100
2017-04-27,65.279999,65.349998,64.449997,64.529999,46.416779,1845700
2017-04-28,64.360001,64.720001,64.099998,64.580002,46.452747,1920300
2017-05-01,64.769997,65.260002,64.459999,64.830002,46.632572,1898800
2017-05-02,64.900002,65.139999,64.540001,64.730003,46.560638,1645700
2017-05-03,64.870003,65.019997,63.830002,63.919998,45.978008,1846500
2017-05-04,63.750000,64.500000,63.490002,64.410004,46.330460,2423400
2017-05-05,64.639999,65.540001,64.580002,65.489998,47.107319,1749900
2017-05-08,65.629997,65.750000,64.680000,65.019997,46.769245,1500100
2017-05-09,64.930000,65.099998,64.470001,64.839996,46.639767,1379300
2017-05-10,64.730003,65.459999,64.589996,65.150002,46.862755,1065400
2017-05-11,64.790001,64.949997,64.160004,64.809998,46.618183,1075000
2017-05-12,65.089996,65.290001,64.830002,64.900002,46.682930,1249600
2017-05-15,64.820000,65.449997,64.680000,64.839996,46.639767,1263000
2017-05-16,64.650002,64.980003,64.440002,64.519997,46.409588,1283500
2017-05-17,64.550003,64.919998,64.239998,64.339996,46.280121,2535200
2017-05-18,64.459999,65.599998,64.339996,65.410004,47.049786,2086600
2017-05-19,65.410004,65.599998,64.760002,65.550003,47.150478,1908800
2017-05-22,65.500000,65.980003,65.320000,65.360001,47.013798,1435800
2017-05-23,65.269997,65.519997,64.769997,64.930000,46.704510,1728300
2017-05-24,65.139999,65.250000,64.739998,65.199997,46.898712,1325100
2017-05-25,65.470001,65.529999,64.699997,65.070000,46.805214,1242700
2017-05-26,65.199997,65.269997,64.849998,65.169998,46.877140,799900
2017-05-30,65.160004,65.470001,64.959999,65.309998,46.977833,1004600
2017-05-31,65.330002,65.680000,65.050003,65.089996,46.819595,2252800
2017-06-01,65.059998,65.080002,64.400002,64.930000,46.704510,1762300
2017-06-02,65.290001,66.730003,65.269997,66.720001,47.992069,2351300
2017-06-05,66.410004,67.500000,66.129997,67.419998,48.495583,1597400
2017-06-06,67.389999,67.389999,66.730003,66.900002,48.121540,1546500
2017-06-07,66.900002,67.239998,66.760002,67.089996,48.258198,1867500
2017-06-08,67.089996,67.500000,66.379997,67.440002,48.509968,1427900
2017-06-09,67.309998,67.680000,66.930000,67.629997,48.646641,1703500
2017-06-12,67.419998,67.589996,66.709999,66.949997,48.157505,1761700
2017-06-13,67.059998,67.550003,66.720001,67.110001,48.272587,935700
2017-06-14,67.559998,67.680000,66.910004,67.190002,48.330139,999000
2017-06-15,67.040001,68.110001,67.000000,67.769997,48.747318,1127000
2017-06-16,68.290001,68.779999,68.110001,68.570000,49.322788,2652700
2017-06-19,68.750000,68.830002,67.930000,68.129997,49.006279,1507000
2017-06-20,68.180000,68.570000,67.400002,68.160004,49.027870,1595900
2017-06-21,68.029999,68.190002,67.260002,68.010002,48.919968,1285200
2017-06-22,67.370003,67.419998,66.570000,67.040001,48.582260,1908900
2017-06-23,67.010002,67.330002,66.680000,67.209999,48.705452,2129100
2017-06-26,67.389999,67.550003,67.019997,67.139999,48.654743,877700
2017-06-27,66.900002,67.400002,66.349998,66.410004,48.125717,1464400
2017-06-28,66.519997,66.690002,66.059998,66.370003,48.096729,1349600
2017-06-29,66.199997,66.500000,65.669998,66.300003,48.046009,1722100
2017-06-30,66.279999,66.790001,65.830002,65.830002,47.705410,2061900
2017-07-03,66.040001,66.709999,65.660004,66.570000,48.241669,1044600
2017-07-05,66.669998,67.129997,66.449997,66.779999,48.393837,2157200
2017-07-06,66.129997,66.220001,64.839996,64.889999,47.024200,2827500
2017-07-07,64.919998,65.349998,64.589996,64.980003,47.089439,1446600
2017-07-10,65.150002,65.199997,64.570000,64.730003,46.908264,1394200
2017-07-11,64.900002,65.029999,63.980000,64.410004,46.676369,1048600
2017-07-12,64.660004,65.349998,64.660004,65.050003,47.140148,1162600
2017-07-13,64.980003,65.379997,64.599998,65.010002,47.111176,1098700
2017-07-14,65.320000,65.669998,65.139999,65.459999,47.437283,1311200
2017-07-17,65.470001,66.419998,65.269997,66.250000,48.009769,1212200
2017-07-18,66.139999,66.339996,65.669998,66.050003,47.864838,1722200
2017-07-19,66.050003,67.180000,65.989998,67.160004,48.669228,1774300
2017-07-20,67.129997,67.720001,67.059998,67.160004,48.669228,1491300
2017-07-21,67.129997,67.379997,66.779999,67.160004,48.669228,1187500
2017-07-24,67.180000,67.339996,66.360001,66.650002,48.299633,1683500
2017-07-25,66.660004,66.660004,65.620003,66.070000,47.879314,1942900
2017-07-26,66.080002,67.680000,65.849998,67.360001,48.814167,1929100
2017-07-27,67.230003,67.529999,66.550003,67.500000,48.915619,1584000
2017-07-28,67.620003,67.879997,67.339996,67.709999,49.067791,1084200
2017-07-31,67.730003,68.099998,67.290001,68.059998,49.321434,1315000
2017-08-01,68.199997,68.199997,67.629997,67.839996,49.161999,1330700
2017-08-02,67.639999,68.059998,67.290001,67.760002,49.104038,1638800
2017-08-03,67.639999,67.830002,67.110001,67.300003,48.770683,1276100
2017-08-04,67.309998,67.750000,67.029999,67.320000,48.785183,1057300
2017-08-07,67.209999,67.599998,66.940002,67.239998,48.727192,1108200
2017-08-08,67.110001,67.330002,66.779999,67.150002,48.661983,2096600
2017-08-09,67.330002,67.440002,67.029999,67.349998,48.806923,1865400
2017-08-10,67.169998,67.379997,66.959999,67.080002,48.611252,1642100
2017-08-11,66.870003,67.389999,66.709999,66.980003,48.538788,1260500
2017-08-14,67.230003,68.029999,67.139999,67.980003,49.263466,1597900
2017-08-15,67.820000,68.339996,67.529999,68.309998,49.502590,1491600
2017-08-16,68.440002,68.709999,67.709999,67.910004,49.212734,1275400
2017-08-17,67.800003,68.080002,67.529999,67.650002,49.024307,1441900
2017-08-18,67.529999,67.529999,66.919998,67.169998,48.676479,2942300
2017-08-21,67.290001,68.050003,67.019997,67.769997,49.111267,975800
2017-08-22,67.769997,68.059998,67.449997,67.739998,49.089535,1021500
2017-08-23,67.750000,68.099998,67.709999,67.980003,49.263466,1251400
2017-08-24,68.129997,68.470001,67.879997,67.970001,49.256218,1484300
2017-08-25,68.070000,68.250000,67.889999,67.940002,49.234478,1191200
2017-08-28,67.989998,68.089996,66.930000,67.370003,48.821404,915500
2017-08-29,67.410004,67.730003,67.010002,67.150002,48.661983,1039400
2017-08-30,67.070000,67.309998,66.529999,67.309998,48.777916,1323700
2017-08-31,67.330002,67.430000,66.820000,67.150002,48.661983,2363000
2017-09-01,67.150002,67.559998,66.900002,66.989998,48.546028,1399500
2017-09-05,67.099998,67.209999,66.449997,67.139999,48.654743,1641600
2017-09-06,67.400002,67.529999,66.949997,67.220001,48.712708,1904600
2017-09-07,67.379997,67.849998,67.250000,67.720001,49.075050,3078200
2017-09-08,67.580002,68.589996,67.580002,68.089996,49.343166,1463800
2017-09-11,68.199997,68.769997,68.059998,68.610001,49.720009,1257700
2017-09-12,68.379997,68.529999,66.970001,67.610001,48.995327,1257200
2017-09-13,67.550003,67.589996,67.139999,67.309998,48.777916,1050000
2017-09-14,67.379997,67.599998,66.980003,67.389999,48.835896,1631100
2017-09-15,67.239998,67.879997,67.080002,67.879997,49.191002,3190200
2017-09-18,67.820000,68.160004,67.160004,67.339996,48.799679,1518600
2017-09-19,67.639999,67.639999,66.709999,66.830002,48.430080,1854000
2017-09-20,66.879997,67.190002,66.410004,66.720001,48.350376,1278400
2017-09-21,66.730003,66.910004,66.410004,66.470001,48.169197,1611900
2017-09-22,66.099998,66.269997,65.459999,65.879997,48.106403,1822600
2017-09-25,66.000000,66.419998,65.889999,66.080002,48.252449,1637700
2017-09-26,66.150002,66.309998,65.989998,66.029999,48.215931,1520700
2017-09-27,65.839996,65.849998,65.440002,65.620003,47.916546,1284100
2017-09-28,65.669998,65.919998,65.470001,65.839996,48.077190,1281400
2017-09-29,65.750000,66.099998,65.489998,65.930000,48.142902,1729200
2017-10-02,66.089996,66.250000,65.570000,65.599998,47.901943,1410200
2017-10-03,65.650002,65.839996,65.169998,65.550003,47.865440,1595900
2017-10-04,65.639999,66.550003,65.459999,66.519997,48.573734,1254100
2017-10-05,66.699997,67.199997,66.360001,66.570000,48.610245,1377100
2017-10-06,66.470001,66.470001,65.650002,66.419998,48.500713,1327100
2017-10-09,66.440002,66.570000,66.110001,66.440002,48.515316,1251100
2017-10-10,66.540001,66.940002,66.279999,66.400002,48.486115,1356200
2017-10-11,66.400002,66.830002,66.360001,66.470001,48.537224,1017200
2017-10-12,66.480003,67.269997,66.339996,67.230003,49.092190,1343600
2017-10-13,67.610001,67.720001,67.239998,67.489998,49.282043,1250600
2017-10-16,67.410004,67.540001,66.900002,67.269997,49.121395,1654000
2017-10-17,67.059998,67.239998,66.510002,66.879997,48.836605,1293600
2017-10-18,66.760002,66.930000,66.440002,66.720001,48.719780,1757200
2017-10-19,66.910004,66.910004,65.919998,66.059998,48.237827,1728600
2017-10-20,66.180000,66.180000,65.800003,66.139999,48.296268,1067700
2017-10-23,66.419998,66.709999,65.959999,66.669998,48.683270,1143200
2017-10-24,66.370003,66.559998,65.269997,65.790001,48.040672,2009700
2017-10-25,67.739998,67.739998,66.330002,66.879997,48.836605,2108200
2017-10-26,67.680000,67.680000,66.570000,67.150002,49.033768,1886800
2017-10-27,66.900002,67.660004,66.709999,67.650002,49.398869,1561700
2017-10-30,67.599998,67.779999,66.959999,67.019997,48.938839,1934300
2017-10-31,66.889999,67.290001,66.660004,67.260002,49.114082,1347300
2017-11-01,67.320000,68.040001,67.010002,67.809998,49.515705,880700
2017-11-02,68.000000,68.160004,66.510002,66.849998,48.814705,1241600
2017-11-03,66.400002,68.269997,66.360001,68.209999,49.807796,1754500
2017-11-06,68.680000,69.629997,68.360001,69.209999,50.537998,1544300
2017-11-07,69.389999,69.769997,69.209999,69.559998,50.793575,1213700
2017-11-08,69.639999,70.400002,69.639999,70.370003,51.385067,1684300
2017-11-09,70.099998,70.459999,69.879997,69.879997,51.027252,1431900
2017-11-10,69.570000,70.029999,69.230003,69.250000,50.567234,1411000
2017-11-13,69.150002,70.250000,68.800003,70.150002,51.224415,1377500
2017-11-14,70.089996,70.349998,69.570000,69.980003,51.100273,1520100
2017-11-15,69.970001,70.089996,68.900002,69.029999,50.406567,1072900
2017-11-16,69.070000,69.419998,68.529999,69.220001,50.545307,1025500
2017-11-17,68.980003,69.300003,68.169998,68.320000,49.888123,1630400
2017-11-20,68.269997,68.370003,67.720001,67.919998,49.596035,1771100
2017-11-21,68.220001,68.580002,68.029999,68.099998,49.727467,2298000
2017-11-22,67.989998,68.500000,67.860001,68.139999,49.756680,1318300
2017-11-24,68.309998,68.480003,68.150002,68.209999,49.807796,655800
2017-11-27,68.129997,68.389999,67.599998,67.629997,49.384266,1281000
2017-11-28,67.550003,67.800003,66.650002,66.900002,48.851219,2552700
2017-11-29,66.779999,66.930000,66.010002,66.739998,48.734383,2073300
2017-11-30,67.019997,67.129997,66.589996,66.820000,48.792793,2518300
2017-12-01,67.019997,67.389999,66.290001,66.529999,48.581032,1130200
2017-12-04,66.720001,66.830002,66.050003,66.300003,48.413101,1696000
2017-12-05,66.300003,66.379997,65.470001,65.510002,47.836235,1134000
2017-12-06,65.550003,65.809998,65.150002,65.400002,47.755901,1064600
2017-12-07,65.500000,65.500000,64.959999,65.150002,47.573349,2219200
2017-12-08,65.360001,65.820000,64.980003,65.809998,48.055279,1356200
2017-12-11,65.940002,66.089996,65.370003,65.919998,48.135612,1083200
2017-12-12,65.970001,66.410004,65.570000,66.300003,48.413101,1687400
2017-12-13,66.449997,66.620003,65.540001,65.629997,47.923847,1335600
2017-12-14,65.550003,65.660004,65.320000,65.400002,47.755901,2811000
2017-12-15,65.739998,66.099998,65.540001,65.660004,47.945759,3601100
2017-12-18,65.769997,65.930000,65.459999,65.599998,47.901943,1595700
2017-12-19,65.540001,65.629997,63.740002,64.300003,46.952667,2474500
2017-12-20,64.199997,64.669998,63.740002,63.810001,46.594868,2072000
2017-12-21,64.059998,64.059998,63.200001,63.389999,46.288185,1653000
2017-12-22,63.619999,63.910000,63.340000,63.799999,46.587559,1068600
2017-12-26,63.970001,64.290001,63.680000,64.099998,46.806625,879000
2017-12-27,64.269997,64.330002,63.799999,64.080002,46.792023,1623200
2017-12-28,64.099998,64.379997,63.740002,64.250000,46.916153,1765600
2017-12-29,63.860001,64.169998,63.660000,63.770000,46.933823,1752300
2018-01-02,63.970001,64.019997,63.459999,63.509998,46.742466,1238500
2018-01-03,63.509998,63.880001,63.389999,63.840000,46.985340,1408200
2018-01-04,63.759998,63.779999,62.630001,62.740002,46.175743,1917000
2018-01-05,62.689999,62.860001,62.520000,62.689999,46.138958,2226800
2018-01-08,62.660000,63.320000,62.520000,63.110001,46.448067,1814100
2018-01-09,63.000000,63.040001,62.090000,62.349998,45.888718,1614200
2018-01-10,62.000000,62.009998,61.049999,61.459999,45.233688,1781800
2018-01-11,61.779999,62.049999,60.889999,60.959999,44.865696,1677600
2018-01-12,60.860001,60.990002,60.130001,60.419998,44.468269,1459500
2018-01-16,60.650002,61.759998,60.450001,60.669998,44.652264,2277800
2018-01-17,61.020000,61.070000,60.520000,60.849998,44.784737,1745400
2018-01-18,60.590000,60.779999,59.880001,60.450001,44.490345,2043400
2018-01-19,60.439999,60.689999,60.180000,60.470001,44.505062,1929200
2018-01-22,60.529999,61.220001,60.400002,61.180000,45.027611,1692100
2018-01-23,61.320000,61.849998,61.279999,61.790001,45.476566,1845100
2018-01-24,61.730000,61.860001,61.290001,61.439999,45.218964,1136600
2018-01-25,61.389999,61.570000,60.630001,61.209999,45.049690,1574200
2018-01-26,61.389999,61.549999,60.919998,61.540001,45.292568,1568500
2018-01-29,61.619999,61.680000,60.759998,61.209999,45.049690,2031000
2018-01-30,61.060001,61.380001,60.570000,60.570000,44.578663,2620900
2018-01-31,59.950001,61.669998,59.509998,61.610001,45.344093,5601000
2018-02-01,61.459999,61.740002,60.040001,60.330002,44.402031,2124200
2018-02-02,59.669998,60.360001,58.959999,59.950001,44.122349,2488600
2018-02-05,59.740002,60.400002,57.919998,58.049999,42.723988,3428800
2018-02-06,56.919998,58.180000,56.070000,57.709999,42.473740,3580000
2018-02-07,57.660000,58.570000,56.849998,56.860001,41.848160,2799100
2018-02-08,56.900002,57.779999,55.250000,55.259998,40.670570,3417000
2018-02-09,55.560001,57.000000,55.209999,56.650002,41.693592,3152200
2018-02-12,56.830002,57.119999,54.970001,56.610001,41.664158,2982800
2018-02-13,56.549999,57.330002,56.209999,56.990002,41.943840,2242300
2018-02-14,56.400002,56.880001,55.840000,56.669998,41.708309,2759100
2018-02-15,56.950001,58.000000,56.919998,57.910000,42.620930,2179800
2018-02-16,57.900002,58.590000,57.619999,57.970001,42.665096,2186800
2018-02-20,57.759998,58.340000,57.549999,57.639999,42.422230,3020600
2018-02-21,57.700001,57.779999,55.849998,55.869999,41.119526,2923300
2018-02-22,56.060001,56.630001,55.880001,56.169998,41.340324,2015000
2018-02-23,56.369999,56.990002,56.099998,56.990002,41.943840,1894500
2018-02-26,57.130001,57.369999,56.709999,57.130001,42.046867,2000100
2018-02-27,57.119999,57.240002,55.610001,55.830002,41.090092,2340500
2018-02-28,56.090000,56.959999,56.020000,56.230000,41.384487,4556600
2018-03-01,56.080002,57.029999,55.810001,56.320000,41.450714,2380400
2018-03-02,56.189999,56.430000,55.500000,55.959999,41.185772,2085300
2018-03-05,55.810001,56.599998,55.599998,56.470001,41.561123,2832900
2018-03-06,56.430000,56.980000,56.000000,56.889999,41.870232,2268100
2018-03-07,56.650002,58.040001,56.650002,57.830002,42.562046,3176300
2018-03-08,57.900002,58.290001,57.610001,58.270000,42.885891,2162100
2018-03-09,58.310001,59.520000,58.040001,59.509998,43.798519,2828600
2018-03-12,59.330002,59.740002,58.849998,59.500000,43.791153,2951200
2018-03-13,59.770000,60.049999,59.180000,59.369999,43.695480,1577200
2018-03-14,59.580002,59.830002,59.209999,59.540001,43.820610,2082300
2018-03-15,59.660000,59.919998,59.330002,59.720001,43.953083,1924500
2018-03-16,59.759998,60.470001,59.689999,60.230000,44.328430,2819100
2018-03-19,60.709999,60.779999,59.799999,60.320000,44.394665,2762300
2018-03-20,60.299999,60.680000,59.919998,60.270000,44.357868,3513400
2018-03-21,60.209999,60.529999,59.639999,60.130001,44.254833,2940600
2018-03-22,59.880001,60.619999,59.480000,59.750000,43.975159,4788200
2018-03-23,59.189999,59.259998,57.959999,58.360001,43.343853,4554400
2018-03-26,58.740002,59.049999,58.060001,58.980000,43.804333,2320000
2018-03-27,59.009998,60.090000,58.490002,59.349998,44.079136,2560400
2018-03-28,59.610001,61.790001,59.380001,61.549999,45.713074,3856200
2018-03-29,61.790001,62.220001,61.230000,61.619999,45.765049,5297500
2018-04-02,61.480000,61.709999,60.500000,61.040001,45.334286,3466300
2018-04-03,61.130001,62.580002,60.820000,62.349998,46.307228,4343300
2018-04-04,62.009998,63.209999,61.889999,63.150002,46.901398,4093600
2018-04-05,63.209999,63.340000,62.700001,63.290001,47.005367,2901300
2018-04-06,63.369999,63.709999,62.820000,63.049999,46.827114,2491800
2018-04-09,63.070000,63.090000,62.209999,62.299999,46.270088,4295800
2018-04-10,62.509998,62.869999,62.349998,62.700001,46.567165,2922900
2018-04-11,62.660000,63.230000,62.400002,62.529999,46.440910,3249900
2018-04-12,62.630001,62.730000,61.299999,61.450001,45.638794,2712500
2018-04-13,61.619999,61.840000,61.380001,61.650002,45.787338,2171100
2018-04-16,61.889999,62.310001,61.500000,61.680000,45.809620,1736800
2018-04-17,61.830002,62.799999,61.680000,62.430000,46.366642,1824200
2018-04-18,62.540001,62.639999,61.970001,61.980000,46.032429,1282400
2018-04-19,61.820000,61.869999,60.439999,60.700001,45.081779,2685700
2018-04-20,60.720001,60.889999,60.009998,60.110001,44.643581,2443100
2018-04-23,60.220001,60.520000,59.889999,60.410000,44.866383,1307900
2018-04-24,60.549999,60.959999,60.169998,60.709999,45.089199,1998800
2018-04-25,60.290001,60.950001,59.869999,60.310001,44.792122,1821600
2018-04-26,60.500000,61.560001,60.290001,61.130001,45.401134,1528900
2018-04-27,61.110001,62.279999,60.830002,61.950001,46.010147,1712200
2018-04-30,62.029999,62.340000,61.689999,61.709999,45.831909,2946600
2018-05-01,61.779999,62.400002,61.500000,62.220001,46.210674,4162900
2018-05-02,62.000000,62.220001,61.320000,61.509998,45.683361,2034400
2018-05-03,61.480000,62.150002,61.240002,61.599998,45.750202,1654000
2018-05-04,61.520000,62.330002,61.340000,62.099998,46.121552,1531900
2018-05-07,62.310001,62.590000,61.959999,62.500000,46.418633,1781500
2018-05-08,61.880001,62.480000,61.779999,62.139999,46.151253,1707300
2018-05-09,62.150002,62.619999,62.110001,62.560001,46.463192,1890800
2018-05-10,63.470001,63.700001,62.520000,62.910000,46.723129,3002200
2018-05-11,63.070000,63.220001,62.439999,62.549999,46.455761,1440500
2018-05-14,62.570000,62.740002,61.799999,62.290001,46.262650,1274500
2018-05-15,61.820000,62.009998,60.840000,61.000000,45.304588,2389800
2018-05-16,61.049999,61.230000,60.209999,60.250000,44.747559,1585700
2018-05-17,60.259998,60.560001,59.529999,59.740002,44.368786,1645000
2018-05-18,59.720001,59.900002,59.290001,59.630001,44.287090,1892200
2018-05-21,59.900002,60.660000,59.299999,60.290001,44.777279,1239300
2018-05-22,60.250000,60.520000,60.009998,60.419998,44.873817,1948600
2018-05-23,60.580002,62.110001,60.580002,61.750000,45.861614,2209700
2018-05-24,61.720001,62.000000,60.830002,61.200001,45.453133,2883400
2018-05-25,61.349998,62.060001,61.290001,61.759998,45.869030,1131700
2018-05-29,61.590000,62.290001,61.169998,61.860001,45.943306,1454400
2018-05-30,61.630001,63.910000,61.630001,63.820000,47.398994,2321600
2018-05-31,63.520000,64.250000,63.200001,63.990002,47.525249,4653000
2018-06-01,64.110001,64.199997,63.650002,63.830002,47.406418,1981400
2018-06-04,64.129997,64.620003,63.730000,64.610001,47.985725,2124600
2018-06-05,64.930000,64.930000,63.990002,64.019997,47.547523,2019700
2018-06-06,63.849998,64.489998,63.810001,64.330002,47.777760,1705400
2018-06-07,64.459999,64.489998,63.880001,64.110001,47.614368,2031300
2018-06-08,64.379997,64.820000,64.250000,64.599998,47.978298,1670100
2018-06-11,64.599998,64.839996,64.040001,64.040001,47.562378,1216400
2018-06-12,64.040001,64.540001,63.900002,64.209999,47.688652,2533600
2018-06-13,64.440002,64.750000,62.939999,63.200001,46.938530,2127900
2018-06-14,63.430000,64.430000,63.279999,63.750000,47.347012,1725400
2018-06-15,63.840000,64.239998,63.290001,63.480000,47.146481,3552300
2018-06-18,63.360001,63.619999,62.230000,62.419998,46.359215,2124000
2018-06-19,62.130001,62.820000,61.939999,62.009998,46.054714,2462500
2018-06-20,62.320000,62.730000,61.669998,62.660000,46.537464,1518200
2018-06-21,62.770000,62.889999,62.070000,62.860001,46.686001,1555700
2018-06-22,62.509998,63.389999,62.169998,63.119999,47.285297,4756400
2018-06-25,63.250000,63.919998,63.029999,63.660000,47.689850,1804500
2018-06-26,63.639999,63.639999,63.000000,63.029999,47.217880,1884000
2018-06-27,63.189999,63.410000,62.660000,62.689999,46.963192,1699100
2018-06-28,62.689999,63.509998,62.599998,63.299999,47.420158,1834000
2018-06-29,62.970001,63.939999,62.610001,63.689999,47.712307,3031500
2018-07-02,63.680000,63.939999,62.639999,63.470001,47.547508,1859100
2018-07-03,63.480000,64.339996,63.189999,63.599998,47.644886,992300
2018-07-05,63.639999,64.360001,63.349998,64.349998,48.206745,1719300
2018-07-06,64.550003,64.900002,64.279999,64.790001,48.536358,1959100
2018-07-09,64.790001,64.989998,64.129997,64.550003,48.356571,2413300
2018-07-10,64.559998,64.959999,64.269997,64.870003,48.596298,2185600
2018-07-11,64.830002,65.209999,64.680000,64.870003,48.596298,1411700
2018-07-12,65.110001,65.309998,64.790001,65.129997,48.791077,1518100
2018-07-13,65.220001,65.480003,64.459999,64.500000,48.319118,1229800
2018-07-16,64.309998,64.610001,63.820000,64.430000,48.266666,1233300
2018-07-17,64.589996,64.589996,63.750000,63.860001,47.839661,1534400
2018-07-18,63.750000,64.339996,63.680000,64.050003,47.982006,2125300
2018-07-19,63.840000,64.889999,63.750000,64.290001,48.161793,1631300
2018-07-20,64.010002,64.169998,63.119999,63.220001,47.360222,1511600
2018-07-23,63.279999,63.279999,62.709999,63.230000,47.367718,1445800
2018-07-24,63.169998,63.639999,62.680000,63.500000,47.569977,2486100
2018-07-25,64.110001,65.610001,63.500000,64.610001,48.401520,1901600
2018-07-26,65.260002,65.260002,64.300003,64.500000,48.319118,1700700
2018-07-27,64.669998,64.769997,63.880001,64.029999,47.967022,1514000
2018-07-30,64.010002,64.089996,63.380001,63.770000,47.772251,1524100
2018-07-31,64.239998,65.940002,63.990002,65.430000,49.015808,3097400
2018-08-01,64.980003,66.010002,64.669998,65.910004,49.375397,2065600
2018-08-02,65.699997,66.419998,65.680000,65.970001,49.420338,1386700
2018-08-03,65.989998,66.940002,65.730003,66.910004,50.124535,1314500
2018-08-06,66.849998,67.410004,66.660004,67.000000,50.191948,1042100
2018-08-07,67.000000,67.000000,66.339996,66.910004,50.124535,942900
2018-08-08,67.040001,67.040001,66.489998,66.550003,49.854836,948700
2018-08-09,66.580002,66.949997,66.360001,66.889999,50.109550,699500
2018-08-10,66.769997,67.050003,65.940002,65.959999,49.412853,958200
2018-08-13,65.910004,66.470001,65.809998,66.349998,49.705006,1062300
2018-08-14,65.639999,67.070000,65.629997,66.599998,49.892292,1178400
2018-08-15,66.570000,67.360001,66.480003,67.160004,50.311813,1440900
2018-08-16,67.160004,67.489998,66.919998,67.389999,50.484119,802000
2018-08-17,67.449997,67.879997,67.260002,67.849998,50.828705,1341500
2018-08-20,68.000000,68.190002,67.570000,67.750000,50.753803,1112600
2018-08-21,67.629997,67.699997,66.900002,66.980003,50.176971,1133900
2018-08-22,66.980003,67.199997,66.599998,66.900002,50.117046,1095200
2018-08-23,67.019997,67.250000,66.800003,66.860001,50.087074,1023000
2018-08-24,66.769997,67.529999,66.769997,67.430000,50.514080,1905000
2018-08-27,67.529999,67.580002,66.779999,67.480003,50.551533,1802800
2018-08-28,67.440002,67.940002,67.070000,67.930000,50.888634,1379000
2018-08-29,67.910004,68.139999,67.760002,67.919998,50.881161,1218300
2018-08-30,68.180000,68.180000,67.550003,67.660004,50.686394,982300
2018-08-31,67.839996,68.050003,67.320000,67.750000,50.753803,1261200
2018-09-04,67.449997,67.870003,66.849998,67.019997,50.206921,1475100
2018-09-05,67.050003,67.879997,66.760002,67.430000,50.514080,1611700
2018-09-06,67.669998,68.269997,67.489998,67.989998,50.933590,1531600
2018-09-07,67.540001,67.660004,66.879997,67.239998,50.371742,1228500
2018-09-10,67.629997,68.089996,67.230003,67.800003,50.791264,1125400
2018-09-11,67.500000,68.309998,67.480003,68.000000,50.941067,2886000
2018-09-12,67.930000,68.089996,67.620003,67.760002,50.761307,1463600
2018-09-13,68.120003,68.349998,67.769997,68.139999,51.045959,1132600
2018-09-14,67.959999,67.959999,66.940002,67.830002,50.813732,1400200
2018-09-17,67.800003,68.580002,67.610001,68.400002,51.240734,1640900
2018-09-18,68.309998,68.419998,67.440002,67.769997,50.768772,1427700
2018-09-19,67.839996,67.839996,66.870003,67.010002,50.199436,1057000
2018-09-20,67.059998,67.940002,66.879997,67.919998,50.881161,1027100
2018-09-21,67.360001,68.300003,67.169998,67.690002,51.115246,3188900
2018-09-24,67.669998,67.820000,65.910004,66.099998,49.914581,1392500
2018-09-25,66.180000,66.449997,65.629997,66.239998,50.020298,1466000
2018-09-26,66.339996,66.529999,64.949997,64.989998,49.076374,2051800
2018-09-27,65.040001,65.419998,64.860001,64.949997,49.046165,2142800
2018-09-28,65.070000,66.279999,65.029999,66.260002,50.035397,2580900
2018-10-01,66.209999,66.580002,65.790001,66.040001,49.869259,1268200
2018-10-02,66.139999,66.570000,66.019997,66.239998,50.020298,964100
2018-10-03,66.279999,66.550003,65.089996,65.360001,49.355782,1245900
2018-10-04,64.980003,65.239998,64.269997,64.959999,49.053730,1098500
2018-10-05,65.059998,65.550003,64.820000,64.889999,49.000858,1559800
2018-10-08,64.989998,66.070000,64.989998,65.300003,49.310471,2430600
2018-10-09,65.410004,65.800003,65.059998,65.550003,49.499249,1661200
2018-10-10,65.500000,65.930000,64.650002,64.690002,48.849827,1567600
2018-10-11,64.949997,64.949997,62.820000,62.869999,47.475475,1988600
2018-10-12,63.119999,63.840000,62.400002,62.669998,47.324455,1736500
2018-10-15,62.500000,63.700001,62.419998,62.980000,47.558548,1440100
2018-10-16,63.240002,64.599998,62.790001,64.379997,48.615742,2653100
2018-10-17,64.290001,64.559998,63.770000,64.070000,48.381641,2265500
2018-10-18,64.120003,64.720001,63.889999,64.410004,48.638397,1453900
2018-10-19,64.410004,64.980003,64.389999,64.870003,48.985760,1743000
2018-10-22,64.989998,65.029999,63.509998,63.540001,47.981411,1558100
2018-10-23,63.400002,64.000000,62.779999,63.740002,48.132450,2075700
2018-10-24,64.040001,66.050003,64.040001,65.430000,49.408638,3064300
2018-10-25,65.510002,66.480003,64.870003,66.059998,49.884357,1626500
2018-10-26,65.919998,65.940002,64.599998,64.839996,48.963100,2238200
2018-10-29,65.430000,66.459999,65.430000,66.220001,50.005184,1494500
2018-10-30,66.449997,66.949997,65.629997,65.779999,49.672935,2052400
2018-10-31,65.699997,66.040001,64.900002,64.959999,49.053730,3099800
2018-11-01,65.269997,65.269997,64.220001,64.820000,48.948006,2233800
2018-11-02,64.510002,65.010002,63.619999,64.440002,48.661053,2228400
2018-11-05,64.589996,65.860001,64.559998,65.669998,49.589859,1512200
2018-11-06,65.879997,66.910004,65.639999,66.519997,50.231728,2327200
2018-11-07,66.910004,67.739998,66.300003,67.470001,50.949112,1681800
2018-11-08,67.239998,67.519997,66.660004,67.300003,50.820747,872500
2018-11-09,67.389999,67.709999,67.000000,67.480003,50.956673,1105900
2018-11-12,67.550003,68.220001,67.120003,68.029999,51.371983,1007300
2018-11-13,68.160004,68.430000,67.540001,68.139999,51.455055,1215400
2018-11-14,68.349998,68.930000,67.970001,68.760002,51.923252,2222300
2018-11-15,68.360001,68.360001,67.010002,67.779999,51.183212,2349900
2018-11-16,67.720001,69.459999,67.720001,69.360001,52.376328,1785700
2018-11-19,69.360001,69.919998,68.589996,69.400002,52.406536,1792800
2018-11-20,69.449997,69.879997,68.800003,69.550003,52.519806,1552200
2018-11-21,69.449997,70.269997,69.080002,69.500000,52.482040,1327800
2018-11-23,69.470001,69.540001,68.739998,69.110001,52.187546,377800
2018-11-26,69.449997,69.550003,68.690002,69.449997,52.444290,1558300
2018-11-27,69.480003,69.970001,68.959999,69.849998,52.746342,1859600
2018-11-28,69.680000,70.410004,69.599998,70.220001,53.025742,1730300
2018-11-29,69.989998,70.580002,69.320000,70.269997,53.063492,1975800
2018-11-30,70.610001,71.290001,70.180000,71.250000,53.803524,2534500
2018-12-03,71.500000,71.889999,71.199997,71.879997,54.279259,2157900
2018-12-04,71.739998,71.930000,70.589996,70.760002,53.433510,2057100
2018-12-06,70.449997,72.750000,69.589996,72.650002,54.860725,2593000
2018-12-07,72.389999,72.620003,71.320000,71.669998,54.120689,2114200
2018-12-10,71.900002,71.940002,70.480003,71.510002,53.999866,1795500
2018-12-11,71.839996,72.099998,71.379997,71.419998,53.931904,1262700
2018-12-12,71.790001,71.989998,69.400002,69.500000,52.482040,1795000
2018-12-13,69.629997,70.589996,69.629997,70.019997,52.874714,1936300
2018-12-14,69.860001,70.169998,69.580002,69.940002,52.814308,1732600
2018-12-17,70.139999,70.419998,67.570000,67.739998,51.153000,2097900
2018-12-18,68.209999,69.000000,67.809998,68.320000,51.590981,1783000
2018-12-19,68.650002,69.370003,67.879997,68.230003,51.523014,1539900
2018-12-20,68.349998,68.919998,67.540001,68.120003,51.439953,1777700
2018-12-21,68.120003,70.059998,67.220001,67.239998,50.775436,3744100
2018-12-24,67.239998,67.440002,63.680000,63.680000,48.087151,731500
2018-12-26,63.840000,65.419998,63.169998,65.419998,49.401077,1606400
2018-12-27,65.059998,66.059998,63.939999,66.059998,49.884357,1850100
2018-12-28,66.680000,67.080002,65.410004,66.239998,50.020298,1398800
2018-12-31,65.779999,66.019997,64.739998,66.010002,50.256313,1266000
2019-01-02,65.419998,65.430000,63.410000,63.759998,48.543282,1300000
2019-01-03,63.669998,65.059998,63.669998,64.160004,48.847828,1744700
2019-01-04,64.330002,65.199997,64.160004,64.559998,49.152359,1462500
2019-01-07,64.769997,65.559998,64.660004,65.099998,49.563484,1792200
2019-01-08,65.330002,66.410004,65.190002,66.320000,50.492329,2047900
2019-01-09,66.489998,66.519997,65.680000,66.320000,50.492329,1119500
2019-01-10,66.550003,67.550003,66.120003,67.410004,51.322197,1211900
2019-01-11,67.300003,67.779999,67.110001,67.550003,51.428783,1606100
2019-01-14,67.269997,67.910004,66.959999,67.629997,51.489685,1590400
2019-01-15,67.760002,68.709999,67.699997,68.459999,52.121597,1354900
2019-01-16,68.330002,69.190002,67.800003,69.080002,52.593647,1911000
2019-01-17,69.019997,69.940002,69.019997,69.910004,53.225555,2684300
2019-01-18,70.169998,70.320000,69.500000,70.120003,53.385445,1741900
2019-01-22,70.080002,70.430000,69.639999,70.400002,53.598618,1858000
2019-01-23,70.139999,70.599998,69.949997,70.339996,53.552929,2299100
2019-01-24,70.320000,70.580002,69.610001,70.349998,53.560535,919900
2019-01-25,70.470001,70.879997,70.290001,70.669998,53.804169,2190700
2019-01-28,70.379997,71.730003,70.379997,71.720001,54.603580,1647200
2019-01-29,71.430000,72.379997,71.430000,72.370003,55.098465,1966700
2019-01-30,72.089996,72.680000,71.610001,72.000000,54.816757,2494600
2019-01-31,71.400002,72.669998,71.000000,72.559998,55.243118,2403900
2019-02-01,72.790001,72.940002,70.779999,72.019997,54.831985,1528400
2019-02-04,71.620003,72.809998,71.410004,72.790001,55.418209,1518800
2019-02-05,72.330002,73.000000,71.830002,72.949997,55.540039,1334100
2019-02-06,72.820000,73.010002,72.440002,73.000000,55.578110,1192300
2019-02-07,72.860001,73.629997,72.459999,73.540001,55.989223,1470000
2019-02-08,73.290001,73.839996,73.160004,73.440002,55.913097,1695300
2019-02-11,73.480003,73.849998,73.190002,73.459999,55.928318,1587600
2019-02-12,73.400002,73.400002,72.360001,72.540001,55.227886,2018300
2019-02-13,72.279999,73.370003,72.129997,73.290001,55.798901,1246800
2019-02-14,73.360001,73.470001,72.830002,73.120003,55.669472,1037100
2019-02-15,73.720001,73.739998,72.970001,73.209999,55.737995,1968900
2019-02-19,73.070000,73.580002,73.040001,73.529999,55.981625,1393500
2019-02-20,73.419998,73.449997,71.870003,72.680000,55.334476,1888900
2019-02-21,72.279999,73.900002,72.059998,73.860001,56.232868,1487600
2019-02-22,74.000000,74.430000,73.559998,74.230003,56.514572,1395400
2019-02-25,74.370003,74.459999,73.400002,73.500000,55.958786,1292000
2019-02-26,73.730003,73.900002,73.230003,73.720001,56.126270,1004800
2019-02-27,73.269997,73.639999,72.870003,73.330002,55.829350,1123100
2019-02-28,73.239998,74.680000,73.059998,73.690002,56.103432,2830700
2019-03-01,73.650002,73.680000,72.639999,73.500000,55.958786,1374700
2019-03-04,73.720001,74.120003,73.209999,73.980003,56.324238,1805200
2019-03-05,73.919998,74.459999,73.830002,73.930000,56.286167,1278600
2019-03-06,74.010002,74.180000,73.529999,73.550003,55.996853,1065000
2019-03-07,73.660004,74.199997,73.169998,73.430000,55.905487,1422000
2019-03-08,73.449997,73.980003,73.120003,73.639999,56.065361,957100
2019-03-11,73.889999,74.540001,73.459999,74.440002,56.674438,1271000
2019-03-12,74.500000,75.169998,74.360001,75.050003,57.138874,1622300
2019-03-13,75.129997,75.650002,74.879997,74.910004,57.032280,1201500
2019-03-14,74.839996,75.059998,74.540001,75.059998,57.146477,1321400
2019-03-15,75.059998,75.250000,74.449997,74.760002,56.918064,2416000
2019-03-18,74.849998,75.129997,73.540001,73.980003,56.324238,1361700
2019-03-19,73.910004,74.150002,73.250000,73.500000,55.958786,1441900
2019-03-20,73.459999,74.139999,72.779999,73.620003,56.050144,1208700
2019-03-21,73.370003,74.919998,73.320000,74.790001,56.940914,1159500
2019-03-22,74.510002,75.709999,74.400002,74.400002,57.077457,1484800
2019-03-25,74.570000,74.849998,74.150002,74.470001,57.131176,803900
2019-03-26,74.739998,75.180000,74.559998,75.139999,57.645168,1177200
2019-03-27,75.550003,75.550003,74.449997,74.980003,57.522423,1152600
2019-03-28,75.300003,75.660004,74.809998,75.629997,58.021084,1015800
2019-03-29,75.489998,75.690002,75.040001,75.320000,57.783260,1995900
2019-04-01,75.029999,75.320000,73.739998,74.980003,57.522423,1465200
2019-04-02,75.089996,75.879997,74.230003,75.690002,58.067120,1665400
2019-04-03,75.449997,75.750000,74.889999,75.389999,57.836975,1282900
2019-04-04,75.570000,75.570000,74.790001,75.279999,57.752567,762400
2019-04-05,75.250000,75.750000,75.029999,75.610001,58.005745,761400
2019-04-08,75.500000,75.830002,75.070000,75.559998,57.967388,831600
2019-04-09,75.690002,75.800003,75.129997,75.389999,57.836975,877200
2019-04-10,75.750000,76.389999,75.419998,76.349998,58.573444,1746000
2019-04-11,76.489998,76.919998,76.230003,76.690002,58.834278,1926900
2019-04-12,76.500000,77.459999,75.919998,77.449997,59.417339,1659300
2019-04-15,77.540001,77.639999,76.949997,77.599998,59.532413,1791400
2019-04-16,77.589996,77.589996,75.339996,75.730003,58.097797,1732800
2019-04-17,75.709999,75.849998,74.040001,74.290001,56.993069,2010000
2019-04-18,74.260002,75.180000,73.910004,75.070000,57.591484,1584600
2019-04-22,74.699997,74.830002,73.290001,74.169998,56.901012,1543500
2019-04-23,74.470001,75.129997,74.190002,74.959999,57.507076,1009400
2019-04-24,75.239998,75.839996,74.760002,75.470001,57.898354,1230800
2019-04-25,75.099998,76.190002,74.949997,75.970001,58.281925,769100
2019-04-26,76.370003,76.580002,75.860001,76.199997,58.458378,836800
2019-04-29,75.949997,76.470001,75.190002,75.300003,57.767929,693400
2019-04-30,75.410004,76.680000,75.080002,76.419998,58.627155,1516700
2019-05-01,76.260002,77.690002,76.260002,76.519997,58.703865,1244500
2019-05-02,76.519997,77.449997,75.879997,76.400002,58.611805,907100
2019-05-03,76.550003,76.769997,75.849998,76.589996,58.757557,1862300
2019-05-06,76.430000,76.650002,75.900002,76.209999,58.466042,928800
2019-05-07,76.010002,76.199997,74.290001,74.769997,57.361328,841300
2019-05-08,74.870003,75.519997,74.379997,74.440002,57.108150,802700
2019-05-09,74.389999,74.870003,73.849998,74.820000,57.399677,770800
2019-05-10,74.720001,76.120003,74.720001,75.830002,58.174515,819800
2019-05-13,75.330002,76.000000,75.000000,75.839996,58.182198,979700
2019-05-14,75.900002,76.309998,75.660004,75.809998,58.159168,807900
2019-05-15,75.919998,76.589996,75.809998,76.190002,58.450703,555000
2019-05-16,75.669998,77.059998,75.669998,76.809998,58.926342,945200
2019-05-17,76.500000,76.989998,76.160004,76.620003,58.780594,1174000
2019-05-20,76.580002,76.849998,75.309998,75.750000,58.113159,799300
2019-05-21,76.000000,76.800003,76.000000,76.360001,58.581112,776000
2019-05-22,76.339996,76.800003,76.019997,76.639999,58.795944,561700
2019-05-23,76.510002,77.120003,76.339996,77.110001,59.156498,897400
2019-05-24,77.379997,77.639999,77.110001,77.190002,59.217869,779900
2019-05-28,77.570000,77.830002,76.209999,76.209999,58.466042,1721900
2019-05-29,76.419998,76.599998,75.290001,75.669998,58.051781,1793200
2019-05-30,75.800003,76.239998,75.589996,75.820000,58.166855,1178900
2019-05-31,76.209999,77.279999,75.540001,76.570000,58.742226,1676500
2019-06-03,76.750000,77.169998,75.650002,76.239998,58.489071,1524600
2019-06-04,76.139999,76.209999,74.730003,75.480003,57.906006,1633300
2019-06-05,76.089996,77.370003,75.489998,77.250000,59.263901,1872700
2019-06-06,77.349998,78.000000,77.050003,77.790001,59.678158,906900
2019-06-07,78.099998,78.540001,77.790001,77.980003,59.823936,738900
2019-06-10,78.050003,78.050003,76.930000,77.830002,59.708858,1159800
2019-06-11,77.949997,78.029999,77.070000,77.800003,59.685841,726800
2019-06-12,77.830002,78.330002,77.180000,77.650002,59.570801,998900
2019-06-13,77.540001,77.930000,77.389999,77.930000,59.785583,1126000
2019-06-14,78.000000,78.519997,77.800003,78.260002,60.038750,1153500
2019-06-17,78.489998,79.150002,78.309998,78.669998,60.353291,958000
2019-06-18,79.199997,79.309998,77.389999,78.050003,59.877632,1450000
2019-06-19,77.699997,78.720001,77.510002,78.430000,60.169144,1065200
2019-06-20,78.669998,79.470001,78.650002,78.830002,60.476028,1250600
2019-06-21,79.040001,79.160004,77.489998,78.029999,59.862293,2764100
2019-06-24,78.339996,78.449997,77.709999,78.269997,60.046429,794300
2019-06-25,78.360001,78.760002,76.839996,76.910004,59.003059,956000
2019-06-26,76.839996,76.910004,75.040001,75.650002,58.036415,1558100
2019-06-27,75.570000,76.480003,75.260002,75.610001,58.444561,876300
2019-06-28,75.680000,76.660004,75.629997,75.919998,58.684185,1934500
2019-07-01,76.370003,76.410004,74.830002,76.139999,58.854221,891700
2019-07-02,76.349998,77.720001,76.349998,77.430000,59.851387,1266400
2019-07-03,77.709999,78.570000,77.610001,78.339996,60.554783,530100
2019-07-05,77.889999,78.150002,76.629997,77.919998,60.230129,639500
2019-07-08,78.050003,78.900002,78.000000,78.830002,60.933540,802200
2019-07-09,78.750000,79.470001,78.440002,79.320000,61.312313,1084200
2019-07-10,79.449997,79.870003,79.070000,79.570000,61.505527,1202800
2019-07-11,79.830002,79.849998,78.629997,79.290001,61.289089,1554300
2019-07-12,79.440002,79.440002,78.730003,78.849998,60.948975,939400
2019-07-15,79.000000,79.589996,78.550003,79.129997,61.165436,794400
2019-07-16,78.959999,79.180000,78.570000,78.849998,60.948975,732900
2019-07-17,78.980003,79.300003,77.830002,78.639999,60.786659,1138100
2019-07-18,78.559998,78.849998,77.739998,78.589996,60.748020,711300
2019-07-19,78.779999,79.080002,76.930000,77.150002,59.634945,1212600
2019-07-22,77.199997,77.470001,76.760002,76.879997,59.426239,1318100
2019-07-23,76.889999,77.989998,76.379997,77.959999,60.261051,984600
2019-07-24,78.110001,78.180000,77.370003,77.430000,59.851387,1443900
2019-07-25,77.809998,78.239998,77.260002,78.099998,60.369263,1505500
2019-07-26,78.230003,78.699997,78.059998,78.559998,60.724831,1289900
2019-07-29,78.750000,80.070000,78.739998,79.610001,61.536457,1482000
2019-07-30,79.550003,80.620003,79.209999,79.540001,61.482346,1768000
2019-07-31,79.930000,81.879997,78.830002,78.889999,60.979919,2469100
2019-08-01,78.820000,79.980003,77.500000,79.580002,61.513271,2317100
2019-08-02,79.610001,81.099998,79.379997,80.480003,62.208935,1551500
2019-08-05,80.480003,80.540001,77.480003,78.180000,60.431118,1572800
2019-08-06,78.330002,79.400002,77.730003,79.139999,61.173172,1296700
2019-08-07,79.040001,80.430000,77.919998,79.779999,61.667862,1150300
2019-08-08,79.900002,80.930000,79.019997,80.839996,62.487206,1331800
2019-08-09,80.769997,81.440002,80.050003,81.269997,62.819588,1939500
2019-08-12,81.190002,81.739998,80.739998,81.220001,62.780941,833900
2019-08-13,81.110001,81.190002,79.550003,80.889999,62.525852,1339600
2019-08-14,81.050003,81.160004,79.790001,79.820000,61.698769,916900
2019-08-15,80.110001,81.379997,79.910004,81.150002,62.726837,1282500
2019-08-16,81.360001,81.989998,79.910004,81.639999,63.105591,1098000
2019-08-19,82.000000,82.910004,81.529999,82.769997,63.979050,1036600
2019-08-20,82.949997,83.110001,82.279999,82.440002,63.723984,1068200
2019-08-21,82.400002,82.860001,82.010002,82.629997,63.870846,625600
2019-08-22,82.720001,83.080002,82.180000,83.000000,64.156830,830300
2019-08-23,82.959999,83.800003,82.529999,82.750000,63.963589,2343300
2019-08-26,83.190002,83.610001,82.480003,83.610001,64.628349,1728100
2019-08-27,83.989998,84.230003,83.540001,83.779999,64.759743,1933200
2019-08-28,83.849998,84.050003,83.339996,83.629997,64.643814,1749600
2019-08-29,83.849998,84.410004,83.489998,84.269997,65.138519,874600
2019-08-30,84.500000,84.930000,84.029999,84.760002,65.517273,1510100
2019-09-03,84.639999,85.849998,84.620003,85.790001,66.313431,1565100
2019-09-04,86.209999,86.360001,85.610001,86.290001,66.699921,1364900
2019-09-05,86.120003,86.370003,85.470001,85.989998,66.468018,1234900
2019-09-06,86.250000,87.089996,86.089996,86.849998,67.132790,1614800
2019-09-09,86.519997,86.529999,85.000000,85.110001,65.787811,2185100
2019-09-10,84.709999,84.820000,83.019997,84.459999,65.285370,1585800
2019-09-11,84.250000,84.779999,83.360001,84.769997,65.525009,1486100
2019-09-12,85.599998,86.080002,84.320000,85.360001,65.981064,1374900
2019-09-13,85.050003,85.440002,84.070000,84.550003,65.354942,1549800
2019-09-16,84.519997,85.269997,84.150002,85.050003,65.741447,1507600
2019-09-17,85.290001,86.139999,84.849998,85.870003,66.375275,1659000
2019-09-18,85.860001,85.949997,84.699997,85.269997,65.911484,1848700
2019-09-19,85.250000,85.860001,85.250000,85.510002,66.096985,1247500
2019-09-20,85.809998,85.809998,84.930000,85.169998,65.834190,7515200
2019-09-23,84.470001,85.800003,84.239998,85.230003,65.880569,1519200
2019-09-24,85.430000,86.320000,85.160004,85.470001,66.066101,1272500
2019-09-25,85.599998,86.300003,85.489998,86.089996,66.545319,966600
2019-09-26,86.430000,87.169998,86.300003,86.760002,67.063240,999400
2019-09-27,86.440002,86.599998,85.550003,86.250000,67.108353,1108900
2019-09-30,86.129997,86.720001,86.129997,86.260002,67.116119,1469200
2019-10-01,86.110001,86.559998,85.279999,86.169998,67.046097,995000
2019-10-02,86.150002,86.610001,84.900002,86.099998,66.991631,1468600
2019-10-03,85.949997,87.239998,85.820000,87.080002,67.754143,1429900
2019-10-04,87.080002,87.610001,87.000000,87.470001,68.057602,1567200
2019-10-07,87.059998,88.080002,87.050003,87.760002,68.283226,1428000
2019-10-08,87.690002,88.330002,87.129997,87.550003,68.119843,1943600
2019-10-09,87.730003,88.389999,87.339996,87.580002,68.143181,1275700
2019-10-10,87.290001,88.379997,87.089996,88.160004,68.594452,1055400
2019-10-11,88.129997,88.489998,87.050003,87.629997,68.182060,1298700
2019-10-14,87.430000,87.919998,87.150002,87.580002,68.143181,1310500
2019-10-15,87.580002,87.949997,87.139999,87.559998,68.127625,1988300
2019-10-16,87.629997,88.050003,86.820000,88.019997,68.485519,1139000
2019-10-17,87.669998,88.239998,87.570000,87.750000,68.275452,1902900
2019-10-18,87.620003,88.459999,87.389999,88.370003,68.757858,1640400
2019-10-21,88.110001,88.750000,87.720001,88.720001,69.030174,1327900
2019-10-22,89.110001,89.120003,88.169998,88.440002,68.812317,1356600
2019-10-23,88.300003,88.650002,85.940002,87.839996,68.345482,2968200
2019-10-24,87.849998,88.120003,86.889999,87.580002,68.143181,1195400
2019-10-25,87.379997,87.809998,87.010002,87.680000,68.220978,931800
2019-10-28,87.580002,87.650002,87.029999,87.449997,68.042023,1244500
2019-10-29,87.199997,87.930000,87.010002,87.570000,68.135406,1571200
2019-10-30,87.949997,88.900002,87.610001,88.849998,69.131325,1125000
2019-10-31,88.940002,89.550003,88.519997,88.660004,68.983482,1453100
2019-11-01,88.669998,89.199997,87.510002,88.139999,68.578880,1270400
2019-11-04,87.870003,87.940002,86.739998,87.029999,67.715256,1279700
2019-11-05,86.470001,86.470001,83.900002,84.809998,65.987930,2275400
2019-11-06,85.029999,85.779999,85.029999,85.580002,66.587029,1237800
2019-11-07,85.120003,85.169998,83.650002,84.070000,65.412163,2025900
2019-11-08,83.830002,84.440002,83.769997,83.980003,65.342125,978300
2019-11-11,84.110001,84.620003,83.669998,84.160004,65.482185,856700
2019-11-12,84.260002,85.040001,83.279999,83.410004,64.898636,1435600
2019-11-13,83.769997,84.989998,83.769997,84.870003,66.034630,1375600
2019-11-14,85.199997,85.809998,84.889999,85.779999,66.742661,1309500
2019-11-15,85.800003,86.500000,85.570000,86.459999,67.271744,1412300
2019-11-18,86.680000,87.610001,86.540001,86.989998,67.684105,927000
2019-11-19,87.089996,87.349998,86.470001,87.070000,67.746368,982800
2019-11-20,87.070000,87.570000,86.629997,86.660004,67.427368,954000
2019-11-21,86.320000,86.400002,84.870003,85.050003,66.174690,1969300
2019-11-22,85.230003,85.470001,84.320000,84.790001,65.972374,2695100
2019-11-25,85.029999,85.709999,84.339996,84.519997,65.762283,1808100
2019-11-26,84.730003,85.739998,84.580002,85.370003,66.423660,3606600
2019-11-27,85.190002,85.930000,84.919998,85.629997,66.625961,1316400
2019-11-29,85.769997,86.279999,85.070000,85.099998,66.213585,762900
2019-12-02,84.860001,85.150002,83.410004,83.500000,64.968658,2634400
2019-12-03,83.620003,84.360001,83.519997,83.849998,65.240974,1802400
2019-12-04,83.360001,84.800003,83.360001,84.250000,65.552208,1985200
2019-12-05,84.059998,84.589996,83.730003,84.540001,65.777847,1489000
2019-12-06,84.540001,85.040001,84.169998,84.440002,65.700020,1223800
2019-12-09,84.540001,84.690002,83.860001,84.550003,65.785637,1066400
2019-12-10,84.849998,84.989998,83.879997,84.139999,65.466637,1096700
2019-12-11,84.150002,84.430000,82.410004,82.680000,64.330658,1376700
2019-12-12,82.599998,83.000000,81.269997,81.779999,63.630386,2147400
2019-12-13,81.940002,82.430000,80.550003,81.010002,63.031273,1762300
2019-12-16,81.190002,81.639999,80.389999,81.500000,63.412521,1991900
2019-12-17,81.779999,81.879997,80.029999,80.110001,62.330990,1603800
2019-12-18,79.480003,80.620003,79.220001,80.290001,62.471058,2775400
2019-12-19,80.360001,80.540001,80.029999,80.360001,62.525528,2198600
2019-12-20,79.470001,80.779999,79.019997,80.300003,62.478836,5480000
2019-12-23,80.720001,80.720001,79.559998,79.709999,62.019794,1087000
2019-12-24,79.839996,80.419998,79.660004,80.379997,62.541096,409400
2019-12-26,80.589996,80.650002,80.199997,80.589996,62.704491,833900
2019-12-27,80.940002,81.160004,80.599998,80.949997,62.984608,1008400
2019-12-30,80.699997,81.160004,80.500000,80.720001,62.805653,1166000
2019-12-31,80.290001,80.919998,80.050003,80.919998,63.407410,1265600
2020-01-02,81.320000,81.480003,79.349998,79.769997,62.506306,1797800
2020-01-03,79.449997,80.919998,79.410004,80.800003,63.313404,1326500
2020-01-06,80.639999,81.449997,80.169998,81.029999,63.493610,1764300
2020-01-07,79.860001,80.860001,79.510002,79.830002,62.553310,1194800
2020-01-08,79.919998,80.449997,79.639999,80.000000,62.686535,2388900
2020-01-09,79.930000,80.489998,79.769997,80.410004,63.007786,892800
2020-01-10,80.580002,81.300003,80.160004,81.260002,63.673859,1291000
2020-01-13,81.059998,82.309998,81.059998,82.279999,64.473114,1397500
2020-01-14,81.889999,82.000000,80.680000,81.160004,63.595497,1223500
2020-01-15,81.629997,82.250000,81.239998,82.070000,64.308540,1228100
2020-01-16,82.190002,82.529999,81.629997,82.510002,64.653320,1021600
2020-01-17,82.449997,82.790001,81.989998,82.500000,64.645470,1797400
2020-01-21,82.940002,83.320000,82.379997,83.300003,65.272362,1577300
2020-01-22,83.629997,83.779999,82.099998,82.389999,64.559280,1427400
2020-01-23,82.419998,83.110001,82.050003,83.080002,65.099953,1308500
2020-01-24,83.250000,83.279999,82.269997,82.760002,64.849236,1117900
2020-01-27,82.449997,83.010002,82.120003,82.339996,64.520096,1198900
2020-01-28,82.480003,83.070000,82.230003,82.720001,64.817886,1473500
2020-01-29,86.199997,87.529999,81.209999,82.269997,64.465286,2311000
2020-01-30,81.959999,83.989998,81.830002,83.970001,65.797340,1820300
2020-01-31,83.989998,84.239998,82.879997,83.080002,65.099953,1514200
2020-02-03,83.349998,83.870003,82.660004,82.839996,64.911903,1560500
2020-02-04,83.000000,83.989998,82.959999,83.639999,65.538765,815100
2020-02-05,83.559998,84.209999,83.029999,83.309998,65.280190,976500
2020-02-06,83.519997,84.040001,83.470001,83.870003,65.718979,1141500
2020-02-07,84.120003,84.449997,83.820000,84.199997,65.977562,1517500
2020-02-10,84.739998,84.970001,84.339996,84.940002,66.557442,1477800
2020-02-11,84.849998,85.290001,84.500000,84.790001,66.439903,1265200
2020-02-12,84.650002,85.269997,84.230003,84.790001,66.439903,1418200
2020-02-13,84.620003,85.419998,84.620003,85.220001,66.776833,1202500
2020-02-14,85.570000,86.459999,85.449997,86.459999,67.748466,939200
2020-02-18,86.680000,86.860001,85.440002,86.269997,67.599586,879800
2020-02-19,86.190002,86.269997,85.330002,85.339996,66.870850,1068500
2020-02-20,85.400002,86.470001,85.080002,86.400002,67.701447,1023800
2020-02-21,86.180000,87.139999,86.099998,87.010002,68.179451,1517400
2020-02-24,86.370003,87.190002,85.730003,85.790001,67.223488,1059000
2020-02-25,86.040001,86.209999,83.389999,83.510002,65.436897,1270500
2020-02-26,83.919998,84.580002,83.349998,83.360001,65.319366,1997300
2020-02-27,82.400002,83.370003,78.449997,78.459999,61.479809,2179500
2020-02-28,77.160004,77.160004,73.300003,75.099998,58.846992,3257500
2020-03-02,75.559998,79.099998,75.230003,79.070000,61.957802,2325400
2020-03-03,79.089996,81.070000,78.000000,78.559998,61.558170,2805400
2020-03-04,79.690002,81.180000,78.830002,81.029999,63.493610,2379500
2020-03-05,79.919998,80.459999,78.220001,79.370003,62.192867,1623600
2020-03-06,77.300003,78.199997,75.330002,77.639999,60.837292,2233500
2020-03-09,73.150002,75.580002,73.099998,74.470001,58.353321,3436000
2020-03-10,76.150002,79.930000,75.129997,79.930000,62.631687,4259800
2020-03-11,78.010002,78.029999,74.669998,75.099998,58.846992,3700900
2020-03-12,70.360001,75.930000,68.300003,70.010002,54.858543,5119200
2020-03-13,74.000000,74.220001,69.290001,73.610001,57.679440,4670800
2020-03-16,68.570000,68.839996,61.099998,61.160000,47.923855,4111800
2020-03-17,63.060001,66.879997,60.849998,66.459999,52.076836,3220800
2020-03-18,62.200001,64.709999,58.610001,60.869999,47.696617,3663700
2020-03-19,60.500000,62.930000,59.009998,60.610001,47.492886,3510900
2020-03-20,60.290001,61.209999,54.619999,55.290001,43.759586,3495100
2020-03-23,55.290001,55.400002,49.619999,51.389999,40.672905,3682000
2020-03-24,53.090000,54.450001,50.639999,52.150002,41.274418,3835100
2020-03-25,51.680000,57.880001,50.180000,54.570000,43.189739,3843900
2020-03-26,54.570000,59.380001,53.340000,59.230000,46.877918,3252400
2020-03-27,57.279999,64.430000,57.009998,62.680000,49.608448,2830600
2020-03-30,63.490002,63.889999,59.340000,62.580002,49.529305,3550300
2020-03-31,61.709999,62.520000,59.040001,61.709999,48.840729,5240400
2020-04-01,59.070000,59.959999,54.880001,57.700001,45.667000,2907300
2020-04-02,56.259998,58.060001,53.240002,54.570000,43.189739,3175700
2020-04-03,53.970001,55.419998,52.790001,54.259998,42.944386,2757900
2020-04-06,57.099998,60.470001,56.480000,60.110001,47.574398,2530800
2020-04-07,62.549999,63.750000,60.590000,60.680000,48.025532,2742400
2020-04-08,61.330002,65.790001,60.660000,65.250000,51.642483,3264600
2020-04-09,66.269997,70.610001,66.269997,69.419998,54.942860,3806000
2020-04-13,68.620003,68.940002,66.139999,66.500000,52.631798,1482700
2020-04-14,68.269997,69.889999,67.860001,68.919998,54.547138,1580600
2020-04-15,66.860001,67.970001,65.059998,65.989998,52.228161,2252300
2020-04-16,66.089996,67.059998,64.570000,65.230003,51.626659,2300400
2020-04-17,66.839996,70.150002,66.330002,69.790001,55.235695,1790400
2020-04-20,68.510002,69.279999,65.540001,65.610001,51.927402,2056000
2020-04-21,63.549999,65.459999,63.520000,63.810001,50.502789,2757700
2020-04-22,64.970001,66.129997,64.599998,65.660004,51.966980,1703500
2020-04-23,65.830002,65.930000,63.279999,63.810001,50.502789,1989100
2020-04-24,62.020000,64.580002,61.150002,63.990002,50.645252,2210600
2020-04-27,64.849998,65.709999,64.150002,65.300003,51.682072,1375600
2020-04-28,67.070000,67.489998,64.360001,64.870003,51.341728,1962100
2020-04-29,65.690002,67.080002,64.550003,65.820000,52.093609,2047000
2020-04-30,65.089996,65.220001,63.560001,65.059998,51.492107,1843100
2020-05-01,63.340000,64.089996,62.060001,62.310001,49.315613,2073100
2020-05-04,61.560001,62.549999,60.150002,62.500000,49.465984,2262600
2020-05-05,63.209999,63.560001,62.040001,62.410000,49.394753,2763300
2020-05-06,62.669998,63.410000,60.820000,61.020000,48.294643,2807300
2020-05-07,61.880001,64.099998,61.160000,63.049999,49.901276,5138300
2020-05-08,64.220001,65.070000,63.200001,64.220001,50.827286,2169300
2020-05-11,64.660004,64.660004,62.270000,63.509998,50.265354,2387200
2020-05-12,63.849998,64.040001,59.610001,60.110001,47.574398,3823600
2020-05-13,59.619999,60.189999,58.459999,58.619999,46.395134,3524500
2020-05-14,57.520000,57.869999,55.799999,57.520000,45.524529,3291300
2020-05-15,57.080002,57.330002,55.490002,57.130001,45.215866,5298400
2020-05-18,59.240002,61.270000,59.220001,60.459999,47.851410,2779600
2020-05-19,59.959999,60.330002,57.700001,57.720001,45.682823,3056400
2020-05-20,58.500000,59.470001,57.669998,58.930000,46.640480,3141400
2020-05-21,58.709999,59.599998,57.889999,57.930000,45.849030,2463200
2020-05-22,58.020000,58.259998,56.790001,57.400002,45.429562,2835300
2020-05-26,59.470001,61.209999,58.930000,60.270000,47.701038,3796700
2020-05-27,62.299999,62.389999,59.389999,60.130001,47.590244,4037600
2020-05-28,61.250000,61.279999,59.570000,60.869999,48.175911,4583200
2020-05-29,60.400002,60.990002,59.619999,60.560001,47.930561,5723700
2020-06-01,60.540001,61.610001,59.799999,61.099998,48.357944,3035300
2020-06-02,61.689999,61.830002,60.310001,60.459999,47.851410,3076700
2020-06-03,61.189999,62.310001,60.959999,61.630001,48.777416,6278700
2020-06-04,61.200001,62.220001,60.049999,61.660000,48.801163,3720700
2020-06-05,64.330002,66.720001,64.330002,66.400002,52.552654,4172300
2020-06-08,67.550003,68.510002,66.389999,68.169998,53.953537,3252400
2020-06-09,65.680000,66.379997,65.000000,65.389999,51.753281,2145300
2020-06-10,65.070000,65.660004,63.639999,64.620003,51.143867,2025300
2020-06-11,61.619999,62.779999,61.110001,61.660000,48.801163,2959500
2020-06-12,63.810001,63.910000,60.869999,63.570000,50.312836,4423900
2020-06-15,61.259998,64.209999,61.080002,63.340000,50.130802,2981500
2020-06-16,65.699997,66.430000,64.070000,64.690002,51.199265,2406800
2020-06-17,65.029999,65.459999,62.459999,62.520000,49.481808,1665400
2020-06-18,61.790001,62.619999,61.279999,61.939999,49.022766,3533600
2020-06-19,62.259998,62.520000,59.560001,59.580002,47.618511,6981700
2020-06-22,59.549999,59.910000,58.889999,59.290001,47.386730,2840500
2020-06-23,59.950001,59.950001,58.360001,58.770000,46.971130,2805900
2020-06-24,57.970001,58.349998,56.650002,57.480000,45.940105,4946900
2020-06-25,57.119999,58.480000,56.869999,58.400002,46.675415,3591200
2020-06-26,58.189999,58.610001,56.779999,57.000000,45.556477,3305400
2020-06-29,57.160000,57.700001,56.310001,57.669998,46.091969,2309600
2020-06-30,57.799999,58.980000,57.349998,58.820000,47.011086,3317000
2020-07-01,58.939999,60.939999,58.549999,60.830002,48.617542,1901600
2020-07-02,61.680000,62.189999,60.200001,60.590000,48.425739,1509500
2020-07-06,61.820000,62.029999,59.360001,59.590000,47.626503,3345900
2020-07-07,58.560001,59.080002,57.520000,57.590000,46.028015,1762800
2020-07-08,57.669998,57.830002,57.139999,57.480000,45.940105,3393400
2020-07-09,57.310001,57.610001,56.320000,56.709999,45.324699,2638000
2020-07-10,56.599998,57.500000,56.490002,56.700001,45.316711,3866600
2020-07-13,57.110001,57.450001,56.470001,57.020000,45.572468,1679900
2020-07-14,56.900002,58.049999,56.599998,57.020000,45.572468,1745800
2020-07-15,58.009998,58.419998,57.320000,57.720001,46.131927,2094600
2020-07-16,57.290001,57.700001,56.900002,57.220001,45.732311,1733900
2020-07-17,57.279999,57.500000,56.689999,56.980000,45.540485,2035900
2020-07-20,56.500000,56.799999,55.040001,55.169998,44.093872,3426100
2020-07-21,55.279999,55.849998,54.459999,54.570000,43.614330,2954900
2020-07-22,54.180000,55.889999,53.790001,55.700001,44.517475,2916900
2020-07-23,55.439999,55.919998,54.070000,54.830002,43.822140,2014500
2020-07-24,54.740002,54.970001,53.830002,54.340000,43.430511,3184900
2020-07-27,54.080002,54.080002,52.720001,53.330002,42.623280,2045700
2020-07-28,53.090000,55.060001,53.080002,54.660000,43.686264,2456400
2020-07-29,54.259998,54.830002,52.669998,53.590000,42.831074,3319300
2020-07-30,52.799999,54.020000,52.689999,53.950001,43.118820,2100900
2020-07-31,53.810001,53.990002,52.580002,53.630001,42.863052,2452200
2020-08-03,52.619999,53.000000,52.150002,52.330002,41.824051,2292600
2020-08-04,52.349998,53.700001,51.689999,53.459999,42.727180,4036200
2020-08-05,54.279999,54.320000,53.180000,53.320000,42.615288,2921000
2020-08-06,53.150002,54.040001,53.150002,53.639999,42.871044,2047600
2020-08-07,53.320000,55.500000,53.320000,55.189999,44.109859,3007100
2020-08-10,55.279999,55.970001,54.849998,55.360001,44.245731,2269200
2020-08-11,55.980000,56.279999,54.480000,54.750000,43.758198,2467400
2020-08-12,54.959999,55.279999,54.070000,54.820000,43.814137,2303300
2020-08-13,54.419998,54.900002,53.330002,53.509998,42.767151,1841300
2020-08-14,53.590000,55.080002,53.029999,54.389999,43.470463,2100100
2020-08-17,54.419998,55.400002,54.040001,55.389999,44.269703,2656200
2020-08-18,55.459999,55.549999,54.450001,55.369999,44.253723,2148200
2020-08-19,55.290001,55.290001,53.939999,54.150002,43.278667,2642800
2020-08-20,54.040001,55.509998,53.919998,55.250000,44.157822,1570600
2020-08-21,55.369999,55.570000,53.779999,54.689999,43.710247,1969300
2020-08-24,54.599998,56.020000,53.959999,55.910000,44.685310,2327200
2020-08-25,55.869999,56.580002,55.680000,56.560001,45.204819,1784300
2020-08-26,56.209999,56.209999,54.630001,54.919998,43.894070,1703500
2020-08-27,55.040001,56.779999,55.040001,56.630001,45.260765,1802800
2020-08-28,56.959999,57.060001,56.090000,57.029999,45.580441,1711600
2020-08-31,56.759998,56.880001,56.009998,56.450001,45.116909,2143500
2020-09-01,56.680000,56.830002,55.759998,56.779999,45.380646,2320300
2020-09-02,56.810001,57.759998,56.360001,57.689999,46.107948,2137200
2020-09-03,57.910000,59.099998,57.040001,57.400002,45.876171,1990800
2020-09-04,57.689999,58.810001,57.250000,58.110001,46.443630,2128700
2020-09-08,57.810001,57.950001,56.820000,57.389999,45.868172,2133700
2020-09-09,57.430000,58.139999,56.500000,56.840000,45.428600,2433000
2020-09-10,56.549999,56.700001,55.169998,55.810001,44.605396,6098400
2020-09-11,55.770000,55.980000,54.250000,54.669998,43.694256,2723900
2020-09-14,55.009998,57.130001,55.000000,56.930000,45.500534,2311300
2020-09-15,56.830002,57.410000,55.939999,56.330002,45.020996,2556500
2020-09-16,56.540001,57.380001,56.419998,56.869999,45.452579,3449900
2020-09-17,56.349998,57.320000,55.389999,55.779999,44.581413,3366100
2020-09-18,55.419998,56.000000,54.270000,54.330002,43.422516,4987100
2020-09-21,53.580002,53.930000,51.889999,52.029999,41.584274,4023200
2020-09-22,52.000000,53.220001,52.000000,52.660000,42.087799,4262500
2020-09-23,52.500000,53.310001,51.160000,51.250000,40.960865,3268200
2020-09-24,50.720001,51.279999,50.009998,50.509998,40.850071,3578800
2020-09-25,50.400002,51.580002,50.110001,51.570000,41.707344,2776000
2020-09-28,52.400002,52.910000,51.869999,52.540001,42.491840,2193500
2020-09-29,52.299999,52.459999,50.630001,51.090000,41.319157,2947700
2020-09-30,51.529999,51.950001,50.689999,51.330002,41.513241,3102100
2020-10-01,51.509998,53.500000,51.279999,53.439999,43.219711,3141800
2020-10-02,52.310001,55.439999,52.029999,55.090000,44.554150,6450200
2020-10-05,56.000000,56.410000,54.580002,55.599998,44.966621,2751400
2020-10-06,55.810001,56.160000,54.869999,55.189999,44.635025,2367100
2020-10-07,55.450001,55.599998,54.330002,54.759998,44.287258,1748400
2020-10-08,55.180000,56.200001,55.000000,56.189999,45.443787,2096200
2020-10-09,56.320000,56.410000,55.240002,55.660000,45.015137,1666200
2020-10-12,55.740002,55.799999,54.720001,55.349998,44.764431,1254300
2020-10-13,54.779999,55.340000,53.340000,53.500000,43.268238,1864100
2020-10-14,53.470001,53.610001,52.470001,52.810001,42.710197,1711800
2020-10-15,52.480000,53.209999,52.119999,52.310001,42.305832,1820800
2020-10-16,52.509998,52.650002,51.619999,51.849998,41.933788,2609100
2020-10-19,52.119999,52.299999,50.660000,50.709999,41.011818,1738600
2020-10-20,51.230000,51.389999,50.680000,50.910000,41.173569,1683500
2020-10-21,50.509998,51.189999,50.279999,50.509998,40.850071,2626100
2020-10-22,50.610001,50.990002,50.110001,50.750000,41.044155,3159000
2020-10-23,51.330002,51.439999,50.419998,51.310001,41.497070,2574000
2020-10-26,51.070000,51.290001,49.810001,50.700001,41.003727,2212200
2020-10-27,50.549999,50.959999,49.689999,49.689999,40.186897,2135500
2020-10-28,48.389999,48.389999,45.540001,46.240002,37.396702,6954800
2020-10-29,46.000000,46.759998,45.430000,46.259998,37.412868,4435500
2020-10-30,46.240002,47.139999,46.139999,46.980000,37.995174,2926500
2020-11-02,47.200001,49.360001,46.520000,49.310001,39.879574,3289300
2020-11-03,50.000000,52.970001,50.000000,52.529999,42.483742,3740200
2020-11-04,52.130001,52.180000,50.450001,50.759998,41.052258,2851900
2020-11-05,51.080002,52.520000,50.709999,52.060001,42.103642,3021600
2020-11-06,51.970001,52.320000,51.139999,51.520000,41.666912,2433200
2020-11-09,57.599998,67.419998,57.580002,59.279999,47.942825,10968000
2020-11-10,59.630001,62.779999,59.630001,61.439999,49.689732,9555200
2020-11-11,61.000000,61.450001,59.000000,59.590000,48.193535,4562400
2020-11-12,59.209999,59.529999,57.750000,58.520000,47.328171,2484000
2020-11-13,58.700001,60.430000,58.380001,60.150002,48.646442,1928000
2020-11-16,61.970001,62.939999,60.720001,62.750000,50.749199,3103100
2020-11-17,61.840000,62.930000,60.919998,62.500000,50.547009,3169600
2020-11-18,62.689999,63.009998,59.939999,59.959999,48.492775,2116900
2020-11-19,59.590000,60.209999,58.560001,59.860001,48.411903,3092600
2020-11-20,59.950001,60.709999,59.770000,60.560001,48.978027,2894900
2020-11-23,61.000000,61.380001,60.040001,60.330002,48.792019,2688800
2020-11-24,61.369999,62.310001,60.669998,61.279999,49.560329,3999000
2020-11-25,61.000000,61.160000,60.090000,60.450001,48.889080,1706700
2020-11-27,60.310001,60.349998,58.799999,59.200001,47.878128,1470000
2020-11-30,59.090000,59.340000,57.570000,57.919998,46.842918,5918900
2020-12-01,58.970001,59.459999,58.439999,58.990002,47.708282,2048700
2020-12-02,58.990002,60.910000,58.689999,60.360001,48.816277,2927800
2020-12-03,60.459999,62.369999,60.189999,61.950001,50.102196,3164200
2020-12-04,62.419998,63.560001,62.310001,63.369999,51.250622,3159500
2020-12-07,62.810001,63.410000,62.439999,62.709999,50.716850,2013700
2020-12-08,62.340000,62.849998,61.910000,62.389999,50.458050,2034700
2020-12-09,62.560001,62.810001,60.709999,61.270000,49.552242,2260600
2020-12-10,60.799999,61.580002,59.759998,59.790001,48.355293,2850600
2020-12-11,59.310001,59.990002,58.509998,58.939999,47.667850,2352400
2020-12-14,59.369999,59.900002,57.900002,57.900002,46.826744,2201500
2020-12-15,58.209999,59.330002,57.389999,59.320000,47.975170,3224600
2020-12-16,59.200001,60.200001,58.250000,59.049999,47.756813,4229000
2020-12-17,59.500000,60.200001,58.639999,59.639999,48.233971,3216400
2020-12-18,59.369999,59.860001,57.150002,57.650002,46.624565,5468700
2020-12-21,56.650002,57.959999,56.080002,57.860001,46.794395,3801700
2020-12-22,57.880001,58.000000,57.270000,57.849998,46.786312,2737400
2020-12-23,58.000000,58.759998,57.020000,57.070000,46.155479,1332400
2020-12-24,57.480000,58.270000,57.049999,58.200001,47.069378,638100
2020-12-28,58.380001,59.450001,58.119999,59.419998,48.056046,1648200
2020-12-29,59.520000,59.820000,58.290001,58.360001,47.198780,2182000
2020-12-30,58.389999,59.160000,58.349998,58.959999,47.684025,1357300
2020-12-31,58.639999,59.330002,57.820000,59.279999,48.438213,1423100
2021-01-04,59.380001,60.080002,57.220001,57.500000,46.983757,4564500
2021-01-05,57.439999,57.720001,56.790001,57.049999,46.616058,2481700
2021-01-06,57.599998,59.049999,57.299999,58.610001,47.890755,2667600
2021-01-07,58.290001,58.330002,57.520000,57.900002,47.310604,2243700
2021-01-08,57.990002,58.389999,57.590000,58.259998,47.604759,2095600
2021-01-11,58.150002,58.369999,57.080002,58.049999,47.433163,2628800
2021-01-12,58.049999,58.779999,57.430000,58.549999,47.841724,2550500
2021-01-13,58.709999,59.779999,58.369999,59.570000,48.675167,1679700
2021-01-14,59.930000,60.880001,59.570000,60.389999,49.345211,3212700
2021-01-15,60.459999,61.680000,60.080002,61.590000,50.325748,3297400
2021-01-19,61.959999,61.959999,60.259998,60.310001,49.279835,2090800
2021-01-20,60.310001,62.430000,59.880001,61.669998,50.391109,2321300
2021-01-21,61.110001,62.000000,60.610001,61.810001,50.505497,2282400
2021-01-22,61.500000,62.209999,61.180000,61.560001,50.301228,1721700
2021-01-25,61.220001,62.169998,60.590000,61.669998,50.391109,1626200
2021-01-26,61.810001,63.099998,61.669998,62.630001,51.175526,2258400
2021-01-27,62.110001,62.830002,60.540001,60.799999,49.680229,2372300
2021-01-28,60.860001,63.389999,60.630001,62.360001,50.954922,2493700
2021-01-29,61.830002,63.080002,61.090000,61.639999,50.366596,3771700
2021-02-01,61.860001,62.169998,60.369999,62.169998,50.799656,2432400
2021-02-02,62.270000,62.709999,61.590000,61.880001,50.562698,1897100
2021-02-03,61.570000,63.209999,61.090000,63.080002,51.543236,2651400
2021-02-04,62.869999,64.720001,62.230000,64.120003,52.393028,4483700
2021-02-05,64.489998,65.129997,63.820000,64.959999,53.079395,3066400
2021-02-08,64.959999,66.360001,64.330002,66.080002,53.994556,3881000
2021-02-09,67.510002,67.510002,65.720001,65.940002,53.880154,1925700
2021-02-10,66.000000,67.070000,65.629997,66.809998,54.591038,2179800
2021-02-11,67.389999,67.820000,65.110001,67.760002,55.367298,3302600
2021-02-12,67.209999,67.779999,66.669998,67.480003,55.138508,1974100
2021-02-16,67.480003,67.500000,66.540001,67.180000,54.893372,1983200
2021-02-17,67.059998,67.059998,66.260002,66.860001,54.631912,1479800
2021-02-18,66.550003,66.879997,66.150002,66.489998,54.329567,1202000
2021-02-19,66.610001,67.389999,66.339996,66.970001,54.721786,2193200
2021-02-22,66.809998,67.599998,66.360001,66.879997,54.648232,2122200
2021-02-23,67.419998,68.930000,66.879997,68.519997,55.988304,2543300
2021-02-24,68.680000,69.800003,68.239998,69.349998,56.666500,2713700
2021-02-25,69.250000,69.500000,66.320000,66.730003,54.525684,2885300
2021-02-26,66.730003,66.910004,65.370003,65.410004,53.447098,3725400
2021-03-01,66.580002,67.750000,66.330002,66.750000,54.542015,2725900
2021-03-02,66.339996,67.410004,65.930000,67.000000,54.746296,2957800
2021-03-03,67.080002,69.070000,67.019997,68.570000,56.029148,4312100
2021-03-04,68.599998,69.050003,66.949997,67.720001,55.334621,2336100
2021-03-05,68.059998,69.070000,67.010002,68.860001,56.266125,1889000
2021-03-08,69.260002,71.650002,68.629997,70.930000,57.957535,3717600
2021-03-09,70.910004,71.720001,70.529999,70.830002,57.875828,2493300
2021-03-10,71.160004,71.930000,69.279999,71.419998,58.357918,1830900
2021-03-11,70.889999,72.550003,70.889999,71.610001,58.513157,2377500
2021-03-12,72.029999,73.489998,72.029999,73.440002,60.008484,2740800
2021-03-15,73.570000,75.510002,72.949997,75.059998,61.332184,3464500
2021-03-16,76.129997,76.129997,73.330002,73.779999,60.286297,4730300
2021-03-17,73.790001,74.330002,73.089996,73.879997,60.367985,2773900
2021-03-18,73.589996,73.959999,73.120003,73.500000,60.057503,2998100
2021-03-19,73.269997,73.290001,71.379997,71.430000,58.366096,4741400
2021-03-22,71.150002,72.260002,70.760002,72.029999,58.856354,1873400
2021-03-23,72.260002,72.400002,71.379997,71.809998,58.676586,2899500
2021-03-24,70.489998,72.570000,70.099998,71.529999,58.447788,3121500
2021-03-25,71.260002,72.320000,70.639999,72.110001,58.921730,2669100
2021-03-26,71.940002,72.769997,71.500000,72.680000,59.888290,3082000
2021-03-29,72.269997,72.750000,71.599998,72.279999,59.558674,2530900
2021-03-30,72.300003,73.000000,72.139999,72.830002,60.011871,1344700
2021-03-31,72.160004,72.660004,71.410004,71.629997,59.023060,2316700
2021-04-01,72.010002,72.620003,71.430000,72.510002,59.748207,1753800
2021-04-05,72.820000,72.949997,71.269997,72.150002,59.451565,2412300
2021-04-06,71.910004,72.129997,71.220001,71.599998,58.998356,3748400
2021-04-07,71.900002,72.559998,71.379997,72.339996,59.608109,1717700
2021-04-08,72.110001,72.440002,71.580002,71.760002,59.130196,1482500
2021-04-09,71.779999,72.089996,71.290001,71.690002,59.072521,1621000
2021-04-12,71.820000,72.029999,70.900002,71.779999,59.146667,1713000
2021-04-13,71.339996,72.209999,71.010002,72.139999,59.443310,1344200
2021-04-14,72.120003,72.510002,71.339996,71.389999,58.825310,1089000
2021-04-15,71.709999,72.349998,71.589996,72.230003,59.517471,1974100
2021-04-16,72.589996,72.820000,71.889999,72.620003,59.838844,2071200
2021-04-19,72.930000,73.089996,72.309998,73.029999,60.176674,1429400
2021-04-20,72.870003,74.339996,72.830002,74.089996,61.050125,2100500
2021-04-21,74.230003,75.150002,73.639999,74.870003,61.692837,1626800
2021-04-22,74.879997,75.099998,73.889999,73.980003,60.959473,1688200
2021-04-23,74.059998,74.910004,73.550003,74.580002,61.453865,2009000
2021-04-26,75.000000,75.430000,74.639999,74.720001,61.569218,1609200
2021-04-27,74.750000,74.750000,73.900002,74.379997,61.289078,2088500
2021-04-28,74.230003,74.400002,73.400002,73.629997,60.671082,1747400
2021-04-29,74.070000,74.599998,73.010002,73.540001,60.596909,3295500
2021-04-30,73.430000,74.360001,73.110001,74.230003,61.165482,1872900
2021-05-03,74.730003,74.779999,73.190002,73.400002,60.481548,1641400
2021-05-04,73.449997,73.940002,71.870003,72.330002,59.599865,2865100
2021-05-05,72.000000,72.050003,70.980003,71.930000,59.270279,1971900
2021-05-06,72.290001,73.769997,72.190002,73.580002,60.629871,1499600
2021-05-07,73.290001,74.400002,73.279999,74.050003,61.017162,1593000
2021-05-10,74.529999,75.269997,74.169998,74.599998,61.470345,1089600
2021-05-11,74.169998,74.760002,73.449997,74.190002,61.132519,1464100
2021-05-12,74.510002,74.510002,71.620003,71.980003,59.311474,2618700
2021-05-13,72.000000,74.379997,71.910004,73.820000,60.827641,1951000
2021-05-14,73.949997,74.360001,73.529999,74.070000,61.033646,1652100
2021-05-17,74.050003,74.339996,73.570000,73.970001,60.951229,1709300
2021-05-18,73.519997,74.870003,73.220001,74.489998,61.379715,2147900
2021-05-19,74.059998,74.120003,72.660004,73.500000,60.563961,1792500
2021-05-20,73.449997,74.690002,73.269997,74.519997,61.404434,1304700
2021-05-21,74.599998,75.169998,74.430000,75.000000,61.799950,2522700
2021-05-24,75.529999,76.739998,75.370003,76.180000,62.772270,2591900
2021-05-25,76.209999,76.480003,75.839996,76.160004,62.755791,2043500
2021-05-26,76.000000,76.860001,75.910004,76.389999,62.945301,1902000
2021-05-27,76.680000,76.959999,76.480003,76.690002,63.192501,8639200
2021-05-28,77.089996,77.769997,76.699997,77.449997,63.818756,2286500
2021-06-01,78.230003,79.250000,77.830002,79.220001,65.277237,2165200
2021-06-02,79.620003,80.080002,79.129997,80.000000,65.919952,2736600
2021-06-03,79.739998,79.940002,79.230003,79.510002,65.516182,2279100
2021-06-04,79.650002,79.800003,78.779999,78.879997,64.997070,2774400
2021-06-07,79.180000,79.769997,78.889999,79.459999,65.474998,2459400
2021-06-08,79.739998,80.470001,79.550003,79.669998,65.648018,1471500
2021-06-09,80.059998,80.059998,79.180000,79.349998,65.384354,1510000
2021-06-10,79.519997,82.050003,79.209999,80.800003,66.579155,3180300
2021-06-11,80.800003,80.910004,80.190002,80.750000,66.537956,1974000
2021-06-14,80.209999,80.940002,80.029999,80.910004,66.669800,1285100
2021-06-15,80.629997,80.849998,79.660004,79.709999,65.680992,1640600
2021-06-16,79.730003,80.120003,79.120003,79.190002,65.252502,3237000
2021-06-17,79.169998,79.180000,78.349998,78.989998,65.087715,2450900
2021-06-18,78.629997,79.529999,77.540001,77.629997,63.967072,4093000
2021-06-21,78.110001,79.769997,77.879997,79.360001,65.392578,1898200
2021-06-22,79.440002,79.559998,78.779999,79.059998,65.145393,2144700
2021-06-23,79.129997,79.440002,78.839996,79.040001,65.128914,1571400
2021-06-24,78.980003,79.220001,78.029999,78.500000,64.683952,1921200
2021-06-25,77.900002,78.599998,77.629997,78.570000,65.242790,2378700
2021-06-28,78.570000,78.699997,77.040001,77.739998,64.553589,1358700
2021-06-29,77.639999,78.169998,77.500000,77.559998,64.404121,1593800
2021-06-30,77.739998,78.279999,76.809998,77.000000,63.939098,2074900
2021-07-01,77.120003,78.709999,76.889999,78.019997,64.786102,1867600
2021-07-02,78.199997,78.879997,78.010002,78.449997,65.143143,1661800
2021-07-06,78.410004,79.059998,77.620003,78.910004,65.525139,2081300
2021-07-07,78.599998,79.800003,78.330002,79.570000,66.073151,2264800
2021-07-08,79.199997,80.379997,78.559998,80.360001,66.729179,1388200
2021-07-09,80.949997,81.760002,80.480003,81.709999,67.850174,1431400
2021-07-12,81.540001,82.489998,81.279999,82.410004,68.431442,1266500
2021-07-13,82.239998,82.239998,80.720001,81.250000,67.468216,1054700
2021-07-14,81.349998,82.910004,81.349998,82.760002,68.722084,1556100
2021-07-15,82.750000,83.379997,82.500000,83.220001,69.104065,1165900
2021-07-16,83.449997,84.029999,83.400002,83.760002,69.552467,1985100
2021-07-19,82.860001,83.300003,81.610001,82.400002,68.423149,1890600
2021-07-20,82.750000,85.260002,82.449997,84.879997,70.482475,2260800
2021-07-21,85.029999,85.470001,84.550003,84.709999,70.341324,1300400
2021-07-22,84.269997,84.500000,83.510002,83.900002,69.668716,1587100
2021-07-23,84.300003,84.919998,83.970001,84.820000,70.432671,1191900
2021-07-26,84.550003,85.199997,83.860001,84.489998,70.158630,1210200
2021-07-27,84.580002,85.320000,83.910004,84.839996,70.449272,1425100
2021-07-28,84.830002,85.830002,84.000000,84.160004,69.884605,2267800
2021-07-29,84.519997,85.019997,84.180000,84.470001,70.142021,1256400
2021-07-30,84.820000,85.750000,84.120003,84.129997,69.859703,2843600
2021-08-02,84.769997,85.489998,83.720001,83.919998,69.685310,1906400
2021-08-03,84.000000,84.379997,83.360001,84.339996,70.034073,1066500
2021-08-04,84.250000,84.449997,83.739998,84.000000,69.751740,975800
2021-08-05,84.820000,84.930000,83.730003,84.620003,70.266586,1218500
2021-08-06,85.290001,85.580002,84.440002,84.680000,70.316406,875200
2021-08-09,84.260002,84.430000,83.400002,83.629997,69.444504,816000
2021-08-10,83.559998,83.730003,82.059998,82.099998,68.174026,1430400
2021-08-11,82.510002,82.550003,81.489998,81.940002,68.041176,1436600
2021-08-12,82.239998,82.379997,81.680000,81.989998,68.082695,1057300
2021-08-13,82.139999,82.809998,81.820000,82.660004,68.639053,735600
2021-08-16,82.389999,83.330002,81.949997,82.629997,68.614128,707200
2021-08-17,82.150002,82.620003,81.610001,82.540001,68.539398,758000
2021-08-18,82.260002,82.510002,81.660004,81.730003,67.866791,1026100
2021-08-19,81.360001,82.849998,81.059998,82.379997,68.406532,1119100
2021-08-20,82.160004,83.050003,81.599998,82.510002,68.514488,1418800
2021-08-23,82.599998,83.040001,81.900002,82.339996,68.373322,959100
2021-08-24,82.480003,82.480003,81.040001,81.769997,67.899986,942300
2021-08-25,81.769997,82.639999,81.269997,81.959999,68.057777,1876600
2021-08-26,82.330002,83.290001,82.160004,82.790001,68.746979,1282500
2021-08-27,83.360001,83.860001,82.580002,83.349998,69.212006,1013100
2021-08-30,83.379997,84.529999,83.209999,84.360001,70.050697,1172200
2021-08-31,84.230003,84.410004,83.849998,84.070000,69.809860,2131600
2021-09-01,84.000000,85.620003,83.739998,85.559998,71.047142,2072400
2021-09-02,85.800003,86.040001,84.839996,85.980003,71.395905,2007800
2021-09-03,85.650002,85.839996,84.459999,85.589996,71.072060,1227900
2021-09-07,85.480003,85.480003,82.599998,83.339996,69.203712,1468700
2021-09-08,82.879997,84.489998,82.599998,84.019997,69.768356,1452900
2021-09-09,83.529999,83.680000,82.360001,82.470001,68.481277,1273700
2021-09-10,82.750000,82.750000,81.400002,81.410004,67.601059,1411000
2021-09-13,81.940002,83.010002,81.750000,81.949997,68.049484,1338800
2021-09-14,82.250000,82.589996,81.339996,81.779999,67.908310,1322400
2021-09-15,81.839996,82.580002,81.559998,81.980003,68.074379,1384500
2021-09-16,81.980003,82.410004,81.320000,81.779999,67.908310,1602200
2021-09-17,81.500000,82.190002,80.230003,80.260002,66.646141,4448400
2021-09-20,79.709999,80.800003,79.300003,80.620003,66.945076,2692600
2021-09-21,81.150002,81.900002,80.639999,80.699997,67.011497,1508400
2021-09-22,81.540001,82.129997,81.260002,81.370003,67.567848,1649400
2021-09-23,82.120003,83.269997,81.959999,82.430000,68.448051,1639000
2021-09-24,81.440002,82.610001,81.440002,81.540001,68.207985,1283400
2021-09-27,81.820000,82.449997,80.059998,80.089996,66.995056,1810700
2021-09-28,79.550003,80.790001,78.860001,80.370003,67.229294,1662400
2021-09-29,80.559998,82.510002,80.559998,81.550003,68.216354,1426400
2021-09-30,81.870003,81.989998,80.120003,80.919998,67.689346,1999900
2021-10-01,81.620003,81.800003,80.209999,81.550003,68.216354,1804700
2021-10-04,81.349998,83.349998,81.279999,82.989998,69.420898,1796100
2021-10-05,83.389999,83.699997,82.290001,83.180000,69.579826,2115600
2021-10-06,82.839996,83.919998,81.010002,83.739998,70.048264,1496600
2021-10-07,84.000000,84.669998,83.430000,83.629997,69.956253,1605800
2021-10-08,83.489998,84.139999,82.589996,82.730003,69.203384,1092600
2021-10-11,83.139999,83.309998,81.730003,82.739998,69.211769,1225600
2021-10-12,82.760002,83.910004,82.639999,83.230003,69.621658,1389700
2021-10-13,83.070000,84.220001,82.459999,84.029999,70.290848,1064700
2021-10-14,84.519997,85.370003,84.459999,85.239998,71.303001,982600
2021-10-15,85.639999,85.870003,84.089996,84.580002,70.750916,1540300
2021-10-18,84.089996,85.180000,84.010002,84.809998,70.943321,2212900
2021-10-19,84.900002,84.900002,83.910004,84.000000,70.265770,803800
2021-10-20,84.269997,85.279999,83.900002,85.239998,71.303001,941200
2021-10-21,85.360001,85.360001,84.589996,85.089996,71.177551,792600
2021-10-22,85.449997,86.089996,85.099998,85.410004,71.445206,1341700
2021-10-25,85.570000,85.730003,84.599998,85.260002,71.319748,1037800
2021-10-26,85.220001,86.470001,84.680000,86.010002,71.947121,947000
2021-10-27,85.639999,87.779999,85.639999,87.150002,72.900726,2257500
2021-10-28,87.260002,88.080002,86.959999,88.010002,73.620110,2357500
2021-10-29,87.790001,88.040001,86.010002,86.400002,72.273354,1978200
2021-11-01,86.209999,86.389999,84.150002,85.139999,71.219368,1272200
2021-11-02,85.440002,85.669998,83.660004,84.419998,70.617081,1571200
2021-11-03,84.550003,85.029999,84.059998,84.620003,70.784393,1292700
2021-11-04,84.750000,84.889999,83.139999,83.540001,69.880981,1145600
2021-11-05,84.510002,85.430000,84.120003,84.459999,70.650566,1543100
2021-11-08,84.580002,84.750000,83.379997,84.739998,70.884773,977700
2021-11-09,84.919998,85.709999,84.449997,85.660004,71.654358,967400
2021-11-10,85.540001,85.980003,85.290001,85.489998,71.512138,791700
2021-11-11,85.660004,86.029999,85.089996,86.010002,71.947121,621500
2021-11-12,86.260002,86.959999,85.769997,86.440002,72.306816,927500
2021-11-15,86.470001,88.019997,86.339996,88.000000,73.611740,768500
2021-11-16,88.000000,88.089996,86.519997,86.690002,72.515938,1227900
2021-11-17,86.379997,87.290001,83.750000,87.169998,72.917450,1512300
2021-11-18,87.250000,88.070000,86.849998,88.010002,73.620110,1275900
2021-11-19,87.879997,87.879997,85.470001,86.040001,71.972221,1511300
2021-11-22,86.000000,86.389999,85.199997,85.220001,71.286293,1581800
2021-11-23,85.480003,87.139999,85.190002,86.660004,72.490845,881800
2021-11-24,86.599998,88.080002,86.510002,87.820000,73.461166,1067900
2021-11-26,86.449997,86.779999,84.019997,84.269997,70.491608,1231100
2021-11-29,85.110001,86.779999,84.660004,86.220001,72.122787,1837300
2021-11-30,85.589996,86.760002,85.040001,85.309998,71.361565,3748200
2021-12-01,86.389999,86.500000,82.599998,82.660004,69.144859,2299000
2021-12-02,83.089996,85.839996,82.690002,85.510002,71.528877,2023400
2021-12-03,85.529999,85.830002,84.110001,85.040001,71.135712,1395500
2021-12-06,85.839996,87.059998,85.139999,86.160004,72.072594,1081600
2021-12-07,86.430000,86.989998,83.699997,86.150002,72.064232,2564600
2021-12-08,86.339996,87.830002,85.849998,87.589996,73.268791,1475900
2021-12-09,87.540001,87.540001,86.440002,86.629997,72.465736,1573400
2021-12-10,87.120003,87.430000,86.260002,86.860001,72.658150,1344600
2021-12-13,86.769997,88.360001,86.379997,87.970001,73.586655,1853800
2021-12-14,88.169998,88.349998,86.160004,87.059998,72.825447,2905400
2021-12-15,87.459999,89.550003,87.150002,89.230003,74.640648,2099100
2021-12-16,90.000000,90.000000,87.430000,88.129997,73.720505,1673700
2021-12-17,88.160004,88.629997,87.290001,87.650002,73.318970,2847200
2021-12-20,86.660004,87.510002,85.910004,86.730003,72.549393,1338200
2021-12-21,87.209999,88.709999,87.209999,87.980003,73.595024,1195300
2021-12-22,88.120003,88.879997,87.820000,88.449997,73.988159,1307400
2021-12-23,88.610001,89.110001,87.570000,88.180000,73.762329,1276000
2021-12-27,88.379997,89.410004,87.900002,89.379997,74.766113,986100
2021-12-28,89.260002,90.139999,89.099998,89.900002,75.201096,752500
2021-12-29,90.110001,90.680000,89.220001,90.550003,75.744827,668800
2021-12-30,90.449997,91.139999,90.230003,90.540001,75.736465,793800
2021-12-31,90.099998,91.199997,90.059998,90.500000,76.210556,1113400
2022-01-03,90.779999,91.190002,89.190002,91.059998,76.682144,1430500
2022-01-04,91.519997,93.029999,91.379997,92.250000,77.684242,1551500
2022-01-05,92.250000,92.500000,90.250000,90.459999,76.176880,1949500
2022-01-06,91.040001,91.449997,90.250000,90.720001,76.395821,1509700
2022-01-07,90.239998,90.800003,89.430000,89.650002,75.494774,1426700
2022-01-10,89.330002,90.610001,88.940002,89.680000,75.520042,1698900
2022-01-11,89.930000,90.720001,88.760002,90.550003,76.252670,1969900
2022-01-12,90.370003,91.559998,90.070000,90.980003,76.614784,1095900
2022-01-13,91.330002,92.129997,91.190002,91.470001,77.027405,1509300
2022-01-14,91.019997,91.220001,89.800003,90.830002,76.488464,1379600
2022-01-18,90.660004,90.680000,89.129997,90.250000,76.000031,1363400
2022-01-19,90.459999,91.139999,89.150002,89.220001,75.132668,1650700
2022-01-20,88.959999,90.290001,88.330002,88.349998,74.400040,1902300
2022-01-21,88.790001,89.080002,87.849998,88.059998,74.155823,1070900
2022-01-24,88.029999,88.620003,85.550003,88.339996,74.391632,2786400
2022-01-25,87.239998,88.489998,85.720001,87.620003,73.785294,3154000
2022-01-26,87.870003,89.379997,86.910004,87.389999,73.591621,2131100
2022-01-27,88.019997,89.110001,86.529999,86.669998,72.985298,2949800
2022-01-28,86.720001,88.900002,85.160004,88.889999,74.854767,2692600
2022-01-31,88.320000,89.169998,87.400002,88.730003,74.720039,3499500
2022-02-01,88.230003,89.150002,87.639999,88.099998,74.189499,1971400
2022-02-02,88.809998,92.540001,88.739998,92.000000,77.473717,3965700
2022-02-03,92.040001,92.400002,91.300003,91.589996,77.128441,2247000
2022-02-04,91.070000,91.430000,89.330002,90.120003,75.890564,1718900
2022-02-07,89.879997,90.690002,89.260002,89.550003,75.410561,2600200
2022-02-08,89.870003,89.949997,87.139999,87.190002,73.423187,1830400
2022-02-09,88.510002,90.440002,88.480003,90.320000,76.058983,2114600
2022-02-10,89.040001,90.000000,86.360001,86.970001,73.237923,1953800
2022-02-11,87.269997,87.660004,85.709999,86.379997,72.741089,2174400
2022-02-14,86.660004,87.430000,85.279999,85.919998,72.353722,1588400
2022-02-15,86.580002,87.239998,86.059998,86.320000,72.690552,1370800
2022-02-16,86.690002,86.919998,85.199997,86.230003,72.614761,1048100
2022-02-17,85.809998,86.010002,84.650002,84.930000,71.520020,1453300
2022-02-18,84.750000,85.739998,84.239998,84.360001,71.040024,3433500
2022-02-22,84.269997,85.440002,83.889999,84.660004,71.292664,2123800
2022-02-23,85.010002,85.650002,83.660004,83.730003,70.509499,1096500
2022-02-24,82.690002,84.989998,81.980003,84.629997,71.267403,2081900
2022-02-25,85.370003,87.360001,85.160004,87.260002,73.482147,1513200
2022-02-28,86.019997,86.849998,84.449997,85.300003,71.831619,1969800
2022-03-01,85.470001,86.040001,83.089996,83.629997,70.425285,1919400
2022-03-02,84.029999,86.080002,83.900002,85.500000,72.000031,2354100
2022-03-03,86.019997,86.760002,85.199997,86.690002,73.002136,1346300
2022-03-04,85.879997,88.739998,85.809998,88.610001,74.618988,2325200
2022-03-07,88.779999,90.349998,87.660004,87.769997,73.911613,1720600
2022-03-08,87.339996,87.809998,85.839996,86.080002,72.488449,1364500
2022-03-09,87.389999,88.650002,87.099998,87.779999,73.920036,1157700
2022-03-10,86.870003,87.690002,86.400002,87.500000,73.684242,718200
2022-03-11,88.220001,88.720001,86.669998,86.800003,73.094780,931000
2022-03-14,87.000000,87.709999,85.839996,86.379997,72.741089,1286300
2022-03-15,87.550003,88.070000,86.660004,87.389999,73.591621,1291800
2022-03-16,88.029999,89.080002,86.349998,88.220001,74.290565,1613700
2022-03-17,87.800003,89.360001,87.800003,89.320000,75.216873,1129400
2022-03-18,90.000000,90.419998,88.809998,89.000000,74.947395,2992800
2022-03-21,89.089996,89.669998,88.489998,88.889999,74.854767,815400
2022-03-22,89.709999,89.980003,87.739998,88.099998,74.189499,1434300
2022-03-23,88.089996,88.320000,87.230003,87.440002,73.633713,1342100
2022-03-24,87.300003,88.180000,87.070000,88.099998,74.189499,1102700
2022-03-25,88.279999,89.050003,87.540001,89.019997,75.499847,854400
2022-03-28,89.160004,90.180000,88.760002,90.080002,76.398857,1195300
2022-03-29,90.959999,93.029999,90.730003,92.879997,78.773605,2144400
2022-03-30,92.290001,92.660004,90.720001,91.500000,77.603218,916900
2022-03-31,92.000000,92.309998,89.889999,89.919998,76.263168,2414000
2022-04-01,90.449997,92.309998,89.940002,92.160004,78.162949,1141500
2022-04-04,92.180000,92.419998,90.089996,91.050003,77.221542,870300
2022-04-05,90.949997,92.410004,90.360001,90.800003,77.009529,1139500
2022-04-06,90.800003,92.699997,90.080002,92.620003,78.553101,1136100
2022-04-07,91.680000,92.169998,90.489998,91.660004,77.738907,1162900
2022-04-08,91.820000,92.169998,91.059998,91.769997,77.832199,1177400
2022-04-11,91.849998,92.379997,89.669998,89.849998,76.203789,992100
2022-04-12,89.720001,90.709999,89.029999,90.260002,76.551521,1335700
2022-04-13,90.570000,91.180000,89.790001,90.360001,76.636345,860800
2022-04-14,90.610001,91.220001,90.059998,90.430000,76.695717,1650100
2022-04-18,90.599998,91.139999,89.080002,89.620003,76.008736,1121200
2022-04-19,90.269997,91.360001,90.269997,90.959999,77.145218,1261100
2022-04-20,91.199997,93.150002,91.129997,92.779999,78.688797,1361000
2022-04-21,93.410004,94.320000,92.919998,93.239998,79.078926,1410100
2022-04-22,93.089996,93.139999,91.029999,91.150002,77.306343,1620500
2022-04-25,91.150002,91.449997,89.040001,90.279999,76.568489,1512000
2022-04-26,90.059998,90.949997,88.940002,89.089996,75.559219,1398900
2022-04-27,87.540001,88.300003,85.919998,86.089996,73.014862,2333300
2022-04-28,86.400002,86.510002,84.589996,86.050003,72.980934,2154600
2022-04-29,85.739998,85.870003,81.250000,81.500000,69.121979,2796400
2022-05-02,81.949997,82.500000,78.050003,80.000000,67.849792,2658300
2022-05-03,79.839996,80.930000,79.440002,80.199997,68.019409,1454700
2022-05-04,80.070000,80.480003,77.699997,80.230003,68.044861,1803000
2022-05-05,80.230003,80.230003,77.180000,77.820000,66.000862,1909500
2022-05-06,77.290001,77.330002,75.250000,76.470001,64.855919,1828300
2022-05-09,75.790001,75.949997,72.879997,73.260002,62.133442,2214200
2022-05-10,73.900002,74.449997,71.860001,72.790001,61.734821,3045800
2022-05-11,73.029999,75.239998,72.809998,73.830002,62.616871,2020000
2022-05-12,73.809998,74.349998,72.949997,74.120003,62.862823,1979000
2022-05-13,74.570000,75.139999,73.550003,74.959999,63.575264,1569500
2022-05-16,74.910004,75.190002,73.980003,74.320000,63.032452,1069200
2022-05-17,75.230003,75.839996,74.000000,75.820000,64.304642,2010400
2022-05-18,75.870003,75.980003,73.540001,73.760002,62.557503,1347900
2022-05-19,73.129997,73.970001,72.389999,73.339996,62.201283,1910800
2022-05-20,74.320000,74.779999,72.959999,74.019997,62.778015,2265900
2022-05-23,74.540001,75.970001,73.610001,75.820000,64.304642,2051200
2022-05-24,75.699997,76.360001,74.269997,76.220001,64.643898,1931000
2022-05-25,75.760002,76.529999,75.099998,76.239998,64.660843,2027500
2022-05-26,76.769997,77.190002,76.260002,76.360001,64.762619,1556100
2022-05-27,76.580002,78.279999,76.410004,78.129997,66.263809,1164100
2022-05-31,77.180000,77.949997,76.669998,76.830002,65.161240,3846500
2022-06-01,77.110001,77.589996,75.300003,76.940002,65.254532,1783100
2022-06-02,76.570000,77.870003,76.139999,77.839996,66.017822,2177800
2022-06-03,77.199997,77.430000,75.839996,76.070000,64.516678,1601400
2022-06-06,76.550003,76.559998,73.730003,73.849998,62.633835,1833400
2022-06-07,73.570000,75.910004,73.320000,75.849998,64.330070,2265900
2022-06-08,75.440002,75.970001,73.820000,74.150002,62.888275,1443400
2022-06-09,73.919998,74.180000,72.099998,72.220001,61.251396,1859800
2022-06-10,71.180000,73.110001,70.739998,72.250000,61.276840,1910100
2022-06-13,71.279999,71.379997,68.910004,69.330002,58.800327,1829600
2022-06-14,69.400002,69.930000,68.459999,68.779999,58.333862,1539800
2022-06-15,69.279999,70.120003,68.250000,69.150002,58.647655,2153400
2022-06-16,67.680000,69.169998,67.480003,68.739998,58.299931,1594300
2022-06-17,70.099998,70.610001,68.910004,70.389999,59.699322,4488700
2022-06-21,70.750000,72.339996,70.570000,71.260002,60.437195,2555500
2022-06-22,70.930000,72.370003,70.669998,71.360001,60.521999,2335600
2022-06-23,71.599998,73.199997,71.370003,72.660004,61.624569,1980700
2022-06-24,72.510002,72.550003,71.459999,71.820000,61.440639,3067200
2022-06-27,71.639999,74.019997,71.300003,73.209999,62.629765,1932300
2022-06-28,73.480003,74.379997,72.430000,72.550003,62.065144,1343200
2022-06-29,72.279999,72.459999,71.690002,72.400002,61.936832,1065200
2022-06-30,71.830002,73.540001,71.209999,72.220001,61.782833,1946900
2022-07-01,72.290001,73.180000,71.849998,72.930000,62.390236,1165800
2022-07-05,72.430000,72.500000,70.540001,72.260002,61.817059,2014500
2022-07-06,72.500000,73.160004,71.669998,72.309998,61.859825,1023700
2022-07-07,72.389999,73.260002,71.570000,71.919998,61.526196,1270100
2022-07-08,71.820000,71.980003,70.830002,71.370003,61.055679,1644800
2022-07-11,71.169998,71.580002,70.650002,71.209999,60.918800,1067500
2022-07-12,70.610001,71.860001,70.610001,71.290001,60.987247,968000
2022-07-13,70.730003,71.320000,69.870003,70.790001,60.559498,865900
2022-07-14,69.459999,70.489998,69.459999,70.050003,59.926449,1126900
2022-07-15,71.080002,71.660004,70.269997,71.320000,61.012897,1134600
2022-07-18,71.550003,71.779999,70.540001,70.870003,60.627934,1213000
2022-07-19,71.360001,72.639999,71.080002,72.570000,62.082253,1018800
2022-07-20,71.879997,72.769997,71.500000,72.169998,61.740067,1507200
2022-07-21,72.160004,72.690002,71.629997,72.680000,62.176361,1523600
2022-07-22,72.889999,73.699997,72.809998,73.309998,62.715321,1087400
2022-07-25,73.180000,74.239998,72.919998,73.500000,62.877861,1393100
2022-07-26,73.589996,73.959999,73.260002,73.540001,62.912083,1065300
2022-07-27,74.989998,76.230003,74.330002,75.709999,64.768463,2112800
2022-07-28,76.209999,77.879997,76.209999,77.750000,66.513649,1761600
2022-07-29,77.949997,78.870003,77.809998,78.389999,67.061150,1817400
2022-08-01,78.000000,78.660004,76.389999,76.480003,65.427200,1730800
2022-08-02,76.449997,77.070000,75.330002,75.529999,64.614479,1897900
2022-08-03,75.739998,76.620003,74.279999,74.510002,63.741898,2073100
2022-08-04,73.989998,74.959999,73.339996,74.930000,64.101189,2387600
2022-08-05,74.580002,75.269997,73.959999,75.220001,64.349281,1402600
2022-08-08,75.629997,76.339996,75.360001,75.750000,64.802696,1139700
2022-08-09,75.870003,77.529999,75.739998,77.459999,66.265556,1601300
2022-08-10,78.279999,78.750000,77.470001,78.629997,67.266457,1149400
2022-08-11,79.029999,79.889999,78.550003,78.629997,67.266457,1194500
2022-08-12,79.029999,79.989998,79.029999,79.959999,68.404259,914800
2022-08-15,80.000000,80.290001,79.449997,79.980003,68.421364,758300
2022-08-16,79.720001,80.650002,79.680000,80.169998,68.583923,847700
2022-08-17,79.480003,80.879997,79.419998,80.570000,68.926086,808600
2022-08-18,80.519997,80.889999,78.849998,79.129997,67.694199,1032700
2022-08-19,78.820000,79.260002,78.099998,78.459999,67.121033,1031500
2022-08-22,77.839996,78.230003,75.129997,76.730003,65.641060,966700
2022-08-23,76.610001,76.720001,74.980003,75.330002,64.443375,891700
2022-08-24,75.260002,76.970001,75.260002,76.699997,65.615387,1444700
2022-08-25,77.059998,77.830002,76.800003,77.699997,66.470856,900700
2022-08-26,77.830002,77.919998,76.010002,76.029999,65.042244,1250800
2022-08-29,75.620003,75.620003,74.699997,74.720001,63.921528,895300
2022-08-30,74.669998,74.980003,73.550003,73.720001,63.066071,950800
2022-08-31,74.389999,74.610001,73.160004,73.180000,62.604103,1831600
2022-09-01,72.650002,74.250000,72.050003,74.199997,63.476696,1327600
2022-09-02,74.709999,75.250000,73.599998,73.800003,63.134495,1103900
2022-09-06,74.220001,75.150002,73.879997,74.919998,64.092644,1205100
2022-09-07,74.889999,76.260002,74.889999,76.250000,65.230423,972000
2022-09-08,75.889999,76.970001,75.470001,76.779999,65.683830,785200
2022-09-09,76.879997,77.849998,76.370003,77.220001,66.060234,1443700
2022-09-12,77.470001,77.919998,77.209999,77.559998,66.351105,1339200
2022-09-13,76.589996,76.760002,74.720001,74.989998,64.152519,1049300
2022-09-14,74.589996,74.699997,73.129997,74.209999,63.485245,1955400
2022-09-15,74.339996,74.339996,72.879997,72.930000,62.390236,947800
2022-09-16,73.040001,73.190002,71.730003,73.110001,62.544220,2838700
2022-09-19,72.260002,72.489998,70.860001,72.290001,61.842701,1078200
2022-09-20,71.540001,71.650002,69.470001,69.860001,59.763897,2127900
2022-09-21,70.430000,70.559998,68.680000,68.690002,58.762997,1643500
2022-09-22,68.480003,69.269997,67.720001,68.839996,58.891312,1753200
2022-09-23,67.919998,70.110001,67.660004,68.389999,59.042389,1989600
2022-09-26,68.110001,68.110001,65.589996,66.279999,57.220791,2452900
2022-09-27,66.589996,67.330002,65.599998,65.660004,56.685535,1370100
2022-09-28,66.470001,67.669998,65.669998,67.379997,58.170429,1823300
2022-09-29,66.870003,67.169998,65.580002,66.220001,57.168999,1298100
2022-09-30,66.980003,67.680000,66.529999,67.220001,58.032310,2496000
2022-10-03,68.050003,68.529999,67.190002,68.089996,58.783390,3118900
2022-10-04,68.190002,69.070000,67.570000,68.480003,59.120090,1727600
2022-10-05,67.660004,67.709999,65.629997,66.529999,57.436615,1218500
2022-10-06,66.010002,66.489998,64.220001,64.449997,55.640911,2078600
2022-10-07,64.000000,64.269997,62.139999,62.529999,53.983334,2391700
2022-10-10,62.910000,63.090000,62.009998,62.099998,53.612114,2514000
2022-10-11,61.869999,63.419998,61.700001,63.049999,54.432270,2322200
2022-10-12,63.070000,63.080002,61.810001,61.990002,53.517155,1924000
2022-10-13,61.060001,64.110001,60.750000,63.939999,55.200623,2133900
2022-10-14,64.620003,64.980003,61.730000,61.830002,53.379021,1816100
2022-10-17,63.090000,64.389999,62.770000,64.180000,55.407818,1984700
2022-10-18,64.980003,65.660004,64.400002,65.010002,56.124367,1483800
2022-10-19,64.160004,64.680000,63.180000,63.630001,54.932999,1472500
2022-10-20,64.029999,64.610001,63.290001,63.610001,54.915730,1281900
2022-10-21,63.560001,64.510002,62.820000,64.209999,55.433720,1266600
2022-10-24,64.849998,65.070000,63.619999,64.150002,55.381924,1560500
2022-10-25,64.510002,66.620003,64.419998,66.209999,57.160351,1937400
2022-10-26,65.230003,66.800003,63.250000,63.840000,55.114300,3778800
2022-10-27,64.330002,64.430000,61.930000,62.240002,53.732983,2897100
2022-10-28,61.919998,63.270000,61.669998,63.130001,54.501335,2671600
2022-10-31,62.619999,63.540001,62.349998,63.020000,54.406380,2219100
2022-11-01,63.509998,63.849998,63.070000,63.250000,54.604935,1600200
2022-11-02,62.900002,64.089996,61.810001,61.849998,53.396282,1848900
2022-11-03,61.000000,62.090000,60.060001,61.380001,52.990524,1671100
2022-11-04,61.820000,61.820000,59.320000,61.259998,52.886932,2285400
2022-11-07,61.740002,61.740002,59.680000,60.189999,51.963173,2022600
2022-11-08,60.619999,60.830002,59.680000,60.060001,51.850952,1742200
2022-11-09,60.080002,60.349998,59.419998,59.680000,51.522884,2375400
2022-11-10,61.650002,64.040001,61.650002,63.970001,55.226517,2137300
2022-11-11,64.180000,64.529999,62.340000,62.779999,54.199169,2304800
2022-11-14,62.520000,63.240002,61.570000,61.570000,53.154552,1581900
2022-11-15,62.619999,62.919998,61.500000,62.299999,53.784790,1989400
2022-11-16,62.340000,63.000000,61.500000,61.549999,53.137287,2077500
2022-11-17,60.849998,61.790001,60.650002,61.779999,53.335846,2170600
2022-11-18,62.630001,63.250000,62.139999,62.930000,54.328667,1999500
2022-11-21,62.720001,63.570000,62.349998,62.810001,54.225075,2046700
2022-11-22,63.070000,63.169998,62.630001,62.959999,54.354568,1496300
2022-11-23,62.720001,63.470001,62.310001,62.509998,53.966080,1148200
2022-11-25,62.950001,63.529999,62.700001,63.529999,54.846657,801200
2022-11-28,63.240002,63.720001,61.990002,62.189999,53.689819,1797600
2022-11-29,62.110001,63.630001,61.860001,63.580002,54.889824,1542100
2022-11-30,62.970001,64.940002,62.700001,64.860001,55.994884,2310000
2022-12-01,65.220001,65.809998,63.709999,64.650002,55.813583,1211100
2022-12-02,63.959999,64.489998,63.680000,64.110001,55.347389,1234400
2022-12-05,63.639999,63.930000,62.860001,62.970001,54.363209,1330500
2022-12-06,63.130001,63.189999,61.130001,61.700001,53.266792,1838100
2022-12-07,61.560001,62.490002,61.560001,61.959999,53.491249,1551500
2022-12-08,62.090000,63.410000,61.959999,62.709999,54.138748,1870700
2022-12-09,62.639999,63.459999,62.560001,62.730000,54.156006,1704200
2022-12-12,62.860001,63.560001,61.840000,63.540001,54.855293,2251000
2022-12-13,65.599998,65.599998,63.459999,64.160004,55.390560,1860200
2022-12-14,64.150002,65.360001,63.549999,63.930000,55.192001,1722300
2022-12-15,63.310001,63.740002,62.570000,62.759998,54.181904,1802300
2022-12-16,60.779999,61.419998,59.820000,60.830002,52.515701,6664000
2022-12-19,60.599998,60.599998,58.930000,59.650002,51.496986,2854600
2022-12-20,59.169998,59.480000,58.630001,58.950001,50.892662,3096300
2022-12-21,59.419998,59.680000,58.759998,59.110001,51.030788,2961600
2022-12-22,58.860001,59.200001,58.150002,59.020000,50.953098,3978600
2022-12-23,58.820000,59.820000,58.639999,59.439999,51.315685,2517100
2022-12-27,59.439999,59.599998,58.799999,59.470001,51.341583,2641500
2022-12-28,59.720001,59.950001,58.700001,58.779999,50.745895,2040300
2022-12-29,59.250000,59.939999,58.860001,59.840000,51.661018,4038800
2022-12-30,58.990002,59.360001,58.400002,59.000000,51.473442,2267100
2023-01-03,59.439999,59.630001,58.299999,58.840000,51.333858,2186500
2023-01-04,59.279999,60.349998,59.160000,59.849998,52.215015,2646700
2023-01-05,59.169998,59.470001,57.380001,57.470001,50.138630,2632900
2023-01-06,57.630001,59.700001,57.590000,59.360001,51.787521,2691300
2023-01-09,58.889999,59.639999,58.380001,58.599998,51.124470,7408900
2023-01-10,58.750000,59.070000,58.250000,58.750000,51.255333,2802400
2023-01-11,59.090000,61.439999,59.000000,61.389999,53.558556,2258100
2023-01-12,61.779999,61.900002,60.900002,61.520000,53.671967,2077900
2023-01-13,60.759998,61.180000,60.169998,60.619999,52.886780,2144300
2023-01-17,61.389999,61.980000,60.779999,61.369999,53.541107,3148500
2023-01-18,61.560001,61.779999,60.430000,60.730000,52.982746,2376000
2023-01-19,60.509998,61.599998,60.400002,60.709999,52.965298,1932700
2023-01-20,60.700001,61.380001,59.919998,61.330002,53.506207,2211700
2023-01-23,61.480000,61.730000,60.799999,61.599998,53.741760,1965100
2023-01-24,61.669998,63.000000,61.200001,62.599998,54.614193,2325000
2023-01-25,62.349998,62.790001,61.840000,62.139999,54.212872,2118000
2023-01-26,62.459999,62.930000,62.040001,62.230000,54.291401,4090300
2023-01-27,62.150002,63.689999,62.150002,63.360001,55.277241,2430600
2023-01-30,62.900002,63.349998,61.930000,62.060001,54.143085,2269100
2023-01-31,62.090000,63.650002,62.009998,63.650002,55.530251,9337300
2023-02-01,63.349998,64.540001,62.790001,64.000000,55.835594,2327100
2023-02-02,64.709999,67.050003,64.660004,66.349998,57.885818,2333500
2023-02-03,65.010002,65.300003,63.970001,64.730003,56.472481,1817300
2023-02-06,63.950001,64.139999,63.430000,63.980000,55.818150,1990000
2023-02-07,63.509998,65.230003,63.160000,64.739998,56.481201,2324800
2023-02-08,64.849998,65.410004,64.300003,65.230003,56.908691,2436800
2023-02-09,65.279999,65.980003,63.869999,64.339996,56.132221,2305900
2023-02-10,65.040001,65.610001,63.730000,64.820000,56.550995,2644300
2023-02-13,65.150002,66.500000,64.930000,66.129997,57.693886,2357600
2023-02-14,66.029999,66.580002,65.470001,66.300003,57.842182,1838100
2023-02-15,65.930000,66.660004,65.760002,66.589996,58.095188,1459700
2023-02-16,65.919998,66.830002,65.559998,65.989998,57.571732,1545500
2023-02-17,65.949997,65.949997,64.800003,65.879997,57.475769,5156000
2023-02-21,65.129997,65.570000,64.059998,64.389999,56.175842,1942500
2023-02-22,64.830002,64.959999,64.029999,64.279999,56.079876,1691400
2023-02-23,64.580002,65.000000,63.930000,64.650002,56.402679,983300
2023-02-24,63.840000,64.379997,63.259998,63.669998,55.547699,1365400
2023-02-27,64.480003,64.650002,62.560001,62.810001,54.797413,1815500
2023-02-28,62.740002,63.470001,62.509998,62.520000,54.544403,2803000
2023-03-01,61.990002,62.349998,60.209999,60.939999,53.165955,1849700
2023-03-02,60.529999,61.560001,60.310001,61.389999,53.558556,1245300
2023-03-03,61.810001,62.849998,61.369999,62.570000,54.588024,1461800
2023-03-06,62.980000,63.380001,62.480000,62.700001,54.701443,1259300
2023-03-07,62.669998,62.799999,60.980000,61.160000,53.357899,1533500
2023-03-08,61.099998,62.450001,60.930000,61.939999,54.038391,1187400
2023-03-09,62.020000,62.310001,60.639999,60.860001,53.096165,1515000
2023-03-10,60.959999,61.049999,57.959999,58.470001,51.011055,2171400
2023-03-13,58.230000,60.160000,58.150002,59.240002,51.682827,2187400
2023-03-14,60.060001,60.610001,59.490002,59.919998,52.276077,2369700
2023-03-15,59.500000,60.270000,59.000000,59.970001,52.319706,1612800
2023-03-16,59.529999,59.529999,58.110001,58.910000,51.394917,1362600
2023-03-17,58.900002,59.110001,57.500000,57.580002,50.234589,3106100
2023-03-20,57.619999,58.259998,57.080002,58.160000,50.740597,2357200
2023-03-21,58.430000,58.709999,57.180000,57.430000,50.103725,2079700
2023-03-22,57.200001,57.389999,55.810001,55.959999,48.821251,2050200
2023-03-23,56.080002,56.439999,55.250000,55.459999,48.385033,2986600
2023-03-24,54.599998,56.020000,54.599998,55.990002,49.438438,2421500
2023-03-27,56.419998,56.880001,56.099998,56.180000,49.606205,1675500
2023-03-28,55.599998,56.419998,55.470001,55.919998,49.376625,1373600
2023-03-29,56.509998,57.660000,56.380001,57.580002,50.842388,1774300
2023-03-30,58.189999,58.709999,58.119999,58.529999,51.681225,1324500
2023-03-31,58.730000,60.080002,58.730000,60.000000,52.979214,2367600
2023-04-03,59.889999,60.709999,59.279999,59.630001,52.652512,1674300
2023-04-04,59.869999,59.869999,58.500000,59.389999,52.440598,1476800
2023-04-05,59.270000,59.950001,59.049999,59.610001,52.634857,1438000
2023-04-06,60.020000,60.180000,59.330002,60.139999,53.102837,1054600
2023-04-10,59.779999,60.130001,59.340000,60.099998,53.067516,1462400
2023-04-11,60.279999,60.759998,59.849998,60.270000,53.217621,1420300
2023-04-12,60.849998,61.160000,59.680000,59.810001,52.811443,1887900
2023-04-13,59.830002,60.330002,59.259998,60.040001,53.014534,1378400
2023-04-14,60.310001,60.520000,59.470001,60.040001,53.014534,1489100
2023-04-17,60.209999,61.349998,59.980000,61.320000,54.144760,1458800
2023-04-18,61.150002,61.810001,61.000000,61.430000,54.241890,1218200
2023-04-19,61.279999,62.139999,61.160000,62.099998,54.833485,1141600
2023-04-20,62.000000,62.160000,61.119999,61.270000,54.100609,1860600
2023-04-21,61.369999,61.540001,60.369999,61.299999,54.127090,1832300
2023-04-24,61.529999,61.680000,60.810001,61.200001,54.038803,1542900
2023-04-25,60.990002,61.099998,60.380001,60.520000,53.438366,1855100
2023-04-26,60.259998,61.919998,60.119999,60.250000,53.199963,1902700
2023-04-27,60.599998,62.169998,60.570000,61.810001,54.577423,1677300
2023-04-28,62.049999,63.549999,61.810001,63.250000,55.848923,3662300
2023-05-01,63.330002,63.980000,63.189999,63.660000,56.210949,1687600
2023-05-02,63.660000,63.660000,61.570000,62.410000,55.107212,2185900
2023-05-03,63.000000,63.169998,62.009998,62.330002,55.036575,1883300
2023-05-04,62.049999,62.820000,61.549999,62.480000,55.169025,1412900
2023-05-05,62.790001,63.650002,62.740002,63.380001,55.963715,1264600
2023-05-08,62.840000,63.619999,62.720001,62.980000,55.610516,1478200
2023-05-09,62.470001,62.820000,61.799999,62.360001,55.063061,2094300
2023-05-10,62.980000,63.209999,62.230000,62.650002,55.319130,1684700
2023-05-11,62.189999,62.970001,61.889999,62.910000,55.548710,1432900
2023-05-12,62.990002,63.000000,62.340000,62.799999,55.451584,2094700
2023-05-15,62.700001,62.900002,62.070000,62.459999,55.151367,1370700
2023-05-16,62.430000,62.430000,61.119999,61.130001,53.976997,1261500
2023-05-17,61.349998,61.759998,60.889999,61.570000,54.365505,1296600
2023-05-18,61.450001,61.790001,60.740002,61.340000,54.162422,1176200
2023-05-19,61.790001,62.259998,61.200001,61.450001,54.259552,1544800
2023-05-22,61.450001,62.189999,61.259998,61.799999,54.568592,1244700
2023-05-23,61.830002,62.220001,60.919998,60.930000,53.800392,1110200
2023-05-24,60.700001,60.740002,59.590000,59.630001,52.652512,1559100
2023-05-25,59.869999,60.029999,58.860001,59.470001,52.511234,1535700
2023-05-26,58.650002,59.810001,58.310001,59.639999,52.661335,1838500
2023-05-30,59.950001,60.299999,59.470001,60.020000,52.996876,1822600
2023-05-31,60.320000,61.430000,60.299999,60.799999,53.685608,3556700
2023-06-01,60.740002,61.669998,60.270000,61.610001,54.400826,1586200
2023-06-02,62.299999,63.360001,62.230000,63.090000,55.707638,1486700
2023-06-05,63.349998,64.110001,63.169998,63.410000,55.990204,2108400
2023-06-06,63.380001,64.099998,63.110001,63.930000,56.449360,1064200
2023-06-07,64.150002,65.010002,63.930000,64.800003,57.217564,1523400
2023-06-08,64.500000,65.449997,63.860001,65.230003,57.597237,1260000
2023-06-09,65.879997,66.220001,65.489998,66.180000,58.436073,1711000
2023-06-12,66.279999,66.279999,65.559998,65.650002,57.968094,2442100
2023-06-13,65.389999,66.190002,65.089996,65.989998,58.268303,2412600
2023-06-14,66.099998,66.629997,65.910004,66.370003,58.603840,2239200
2023-06-15,66.279999,66.639999,65.650002,66.349998,58.586193,1828100
2023-06-16,66.519997,67.129997,66.410004,66.720001,58.912891,3801700
2023-06-20,66.570000,66.580002,65.830002,66.040001,58.312450,2175800
2023-06-21,65.669998,66.000000,65.089996,65.510002,57.844475,1818000
2023-06-22,65.610001,65.750000,63.320000,64.180000,56.670105,2341600
2023-06-23,63.400002,63.700001,62.270000,62.360001,55.637821,2369600
2023-06-26,62.150002,64.480003,61.919998,64.459999,57.511448,1769000
2023-06-27,64.559998,65.419998,64.180000,65.230003,58.198448,1653700
2023-06-28,65.010002,65.639999,64.360001,64.769997,57.788025,1638900
2023-06-29,64.529999,65.430000,64.400002,65.419998,58.367958,1738200
2023-06-30,66.059998,66.410004,64.919998,65.970001,58.858677,2790600
2023-07-03,65.570000,66.800003,65.570000,66.489998,59.322624,787800
2023-07-05,66.209999,67.260002,65.620003,66.540001,59.367233,1485900
2023-07-06,65.809998,67.239998,64.750000,67.040001,59.813339,2113300
2023-07-07,66.680000,66.809998,66.260002,66.540001,59.367233,1300200
2023-07-10,66.160004,66.860001,65.919998,66.860001,59.652748,1020300
2023-07-11,67.160004,67.570000,66.690002,67.510002,60.232677,1057200
2023-07-12,68.269997,68.620003,67.400002,67.419998,60.152367,1641400
2023-07-13,67.330002,68.050003,67.220001,68.019997,60.687687,1434200
2023-07-14,67.910004,68.570000,67.610001,68.510002,61.124874,1208600
2023-07-17,68.269997,68.750000,67.690002,67.849998,60.536011,1924300
2023-07-18,67.660004,67.970001,66.889999,67.360001,60.098843,1891700
2023-07-19,67.760002,68.110001,67.360001,68.059998,60.723373,1667300
2023-07-20,68.269997,68.599998,67.400002,68.570000,61.178410,1543100
2023-07-21,68.790001,69.160004,68.379997,69.059998,61.615574,1428200
2023-07-24,69.120003,69.449997,68.410004,68.639999,61.240868,1563700
2023-07-25,68.480003,68.680000,67.019997,67.220001,59.973934,1937500
2023-07-26,67.239998,67.860001,66.930000,67.370003,60.107769,1571900
2023-07-27,67.809998,67.809998,65.519997,65.669998,58.591015,2338400
2023-07-28,66.349998,66.459999,64.459999,64.809998,57.823719,2796400
2023-07-31,64.930000,66.360001,64.699997,65.940002,58.831917,5147200
2023-08-01,65.809998,66.169998,65.330002,65.739998,58.653469,1890600
2023-08-02,65.440002,66.239998,65.269997,65.820000,58.724846,1624300
2023-08-03,65.709999,65.970001,63.980000,65.440002,58.385811,2121700
2023-08-04,65.550003,66.529999,65.190002,65.400002,58.350124,1410000
2023-08-07,65.639999,66.300003,65.260002,66.129997,59.001434,2125700
2023-08-08,65.680000,65.809998,64.989998,65.570000,58.501801,1188800
2023-08-09,65.360001,65.839996,65.029999,65.610001,58.537487,1227500
2023-08-10,65.730003,66.699997,65.379997,65.559998,58.492882,871400
2023-08-11,65.309998,66.440002,65.269997,66.419998,59.260166,1377000
2023-08-14,66.489998,66.489998,64.629997,64.830002,57.841568,1429600
2023-08-15,64.320000,64.550003,63.770000,64.010002,57.109959,988500
2023-08-16,64.029999,64.199997,63.500000,63.849998,56.967205,954700
2023-08-17,63.849998,64.620003,63.660000,63.759998,56.886909,903200
2023-08-18,63.310001,63.990002,63.169998,63.849998,56.967205,982700
2023-08-21,63.750000,63.779999,62.560001,63.009998,56.217754,1249200
2023-08-22,63.349998,63.560001,62.939999,63.220001,56.405117,905400
2023-08-23,63.500000,64.239998,63.240002,64.169998,57.252705,1191400
2023-08-24,64.169998,65.449997,64.080002,64.099998,57.190258,1192500
2023-08-25,64.239998,64.800003,64.209999,64.320000,57.386539,981700
2023-08-28,64.620003,65.290001,64.500000,64.570000,57.609596,673700
2023-08-29,64.519997,65.180000,64.150002,65.150002,58.127068,975600
2023-08-30,65.349998,65.879997,65.080002,65.500000,58.439346,1140100
2023-08-31,65.389999,65.500000,64.750000,64.830002,57.841568,1677900
2023-09-01,65.059998,65.150002,63.970001,64.000000,57.101032,1163100
2023-09-05,64.720001,64.919998,63.560001,63.799999,56.922596,1783800
2023-09-06,63.799999,63.919998,63.189999,63.610001,56.753078,1941000
2023-09-07,63.000000,64.309998,62.720001,63.599998,56.744152,1385100
2023-09-08,63.860001,63.950001,62.430000,62.650002,55.896561,1406200
2023-09-11,62.779999,62.910000,62.080002,62.580002,55.834106,1357700
2023-09-12,62.520000,63.259998,62.090000,63.139999,56.333748,1389800
2023-09-13,63.279999,63.310001,61.939999,62.500000,55.762733,2305500
2023-09-14,62.810001,63.369999,62.669998,63.209999,56.396194,1550400
2023-09-15,62.970001,63.490002,62.770000,63.160000,56.351585,2479200
2023-09-18,63.060001,63.060001,61.939999,62.230000,55.521839,1301100
2023-09-19,62.279999,62.470001,61.880001,62.060001,55.370163,928000
2023-09-20,62.570000,63.009998,62.259998,62.419998,55.691357,635800
2023-09-21,62.029999,62.290001,60.980000,61.009998,54.433346,1140000
2023-09-22,60.930000,61.049999,60.000000,60.130001,53.648212,1739900
2023-09-25,59.200001,59.560001,59.040001,59.299999,53.497547,1418300
2023-09-26,58.860001,59.310001,58.349998,58.630001,52.893108,1822600
2023-09-27,58.779999,59.330002,58.060001,58.439999,52.721691,2888800
2023-09-28,58.610001,59.139999,58.360001,58.770000,53.019409,1319900
2023-09-29,59.389999,59.759998,58.150002,58.709999,52.965275,2078700
2023-10-02,58.410000,58.790001,57.480000,57.869999,52.207474,1393400
2023-10-03,57.419998,57.750000,56.930000,57.189999,51.594009,1369900
2023-10-04,57.590000,58.049999,56.930000,58.049999,52.369858,1947000
2023-10-05,58.049999,58.790001,58.000000,58.470001,52.748764,1777200
2023-10-06,58.049999,59.730000,57.580002,59.299999,53.497547,1517200
2023-10-09,58.860001,60.419998,58.860001,60.029999,54.156116,1439100
2023-10-10,59.919998,60.820000,59.529999,59.770000,53.921555,1687000
2023-10-11,60.209999,60.939999,60.099998,60.740002,54.796650,1544800
2023-10-12,60.529999,60.580002,59.919998,60.290001,54.390675,1689700
2023-10-13,60.700001,60.869999,59.459999,59.889999,54.029816,1935700
2023-10-16,60.230000,60.480000,59.450001,60.090000,54.210243,1964000
2023-10-17,59.700001,60.619999,59.700001,60.160000,54.273399,1504700
2023-10-18,59.830002,59.980000,58.910000,59.000000,53.226898,1157700
2023-10-19,58.770000,59.650002,58.160000,58.490002,52.766808,1382300
2023-10-20,58.750000,58.880001,57.419998,57.480000,51.855629,1901200
2023-10-23,56.970001,57.389999,56.279999,56.340000,50.827175,2293900
2023-10-24,56.689999,57.169998,56.509998,57.080002,51.494778,1686500
2023-10-25,56.700001,57.070000,55.709999,55.750000,50.294914,1446300
2023-10-26,55.840000,56.630001,55.189999,55.869999,50.403172,2531200
2023-10-27,55.939999,55.939999,54.150002,54.230000,48.923637,2418300
2023-10-30,54.730000,55.040001,53.669998,54.459999,49.131142,2710300
2023-10-31,54.639999,55.340000,53.930000,55.330002,49.916012,2770700
2023-11-01,53.770000,54.270000,52.570000,53.189999,47.985401,4128400
2023-11-02,54.110001,54.700001,53.279999,54.189999,48.887558,4278500
2023-11-03,54.799999,56.669998,54.799999,55.720001,50.267849,2293500
2023-11-06,55.480000,55.520000,53.959999,54.590000,49.248421,2988300
2023-11-07,54.709999,54.950001,53.689999,53.860001,48.589848,2013700
2023-11-08,54.009998,54.880001,53.919998,54.730000,49.374722,1846200
2023-11-09,54.980000,54.980000,53.650002,53.709999,48.454525,2238900
2023-11-10,54.169998,54.720001,53.480000,54.540001,49.203304,2469500
2023-11-13,54.189999,54.410000,53.740002,54.180000,48.878536,2022400
2023-11-14,55.700001,57.439999,55.520000,56.439999,50.917393,3207600
2023-11-15,56.250000,56.820000,55.880001,55.919998,50.448277,1746200
2023-11-16,56.200001,56.419998,55.410000,55.439999,50.015244,1783500
2023-11-17,56.090000,56.110001,54.540001,55.430000,50.006229,2366800
2023-11-20,55.430000,56.330002,54.700001,56.090000,50.601639,2672900
2023-11-21,56.000000,56.299999,55.779999,56.139999,50.646748,2475900
2023-11-22,56.779999,56.830002,56.259998,56.490002,50.962502,1796000
2023-11-24,56.340000,56.849998,56.290001,56.830002,51.269241,798900
2023-11-27,56.779999,56.919998,56.400002,56.509998,50.980537,2068400
2023-11-28,56.450001,57.299999,56.049999,56.990002,51.413578,2031700
2023-11-29,57.560001,57.860001,56.540001,56.580002,51.043697,2446600
2023-11-30,56.709999,57.009998,56.400002,56.840000,51.278255,3485500
2023-12-01,56.889999,58.540001,56.810001,58.540001,52.811913,2933500
2023-12-04,58.020000,58.830002,57.910000,58.689999,52.947227,2525500
2023-12-05,58.299999,58.400002,57.650002,58.250000,52.550289,2838700
2023-12-06,58.400002,58.740002,58.220001,58.270000,52.568329,2107100
2023-12-07,58.270000,58.970001,57.810001,58.700001,52.956257,1963400
2023-12-08,58.450001,58.849998,58.150002,58.820000,53.064510,1652200
2023-12-11,58.200001,58.660000,57.869999,58.169998,52.478107,1992300
2023-12-12,58.119999,58.439999,57.750000,58.180000,52.487144,1705100
2023-12-13,58.349998,61.240002,58.250000,60.950001,54.986099,2451100
2023-12-14,62.070000,63.020000,61.939999,62.310001,56.213020,4794800
2023-12-15,61.389999,61.799999,60.700001,61.310001,55.310871,4398300
2023-12-18,61.549999,61.740002,60.910000,61.580002,55.554447,2544500
2023-12-19,61.750000,61.939999,61.189999,61.480000,55.464237,2043000
2023-12-20,61.419998,61.669998,60.700001,60.720001,54.778599,2658900
2023-12-21,61.250000,61.250000,60.080002,60.820000,54.868813,2552600
2023-12-22,61.250000,61.869999,61.000000,61.139999,55.157501,3261100
2023-12-26,61.150002,61.660000,61.049999,61.410000,55.401081,1343700
2023-12-27,61.480000,62.000000,61.160000,61.869999,55.816067,1695500
2023-12-28,61.730000,62.540001,61.730000,62.500000,56.384430,1505300
2023-12-29,61.509998,61.919998,61.150002,61.160000,55.767128,1962300
2024-01-02,60.970001,62.200001,60.759998,62.150002,56.669834,2115700
2024-01-03,61.750000,61.990002,60.570000,60.660000,55.311214,1864100
2024-01-04,60.630001,61.349998,60.380001,60.750000,55.393276,1732100
2024-01-05,60.369999,61.150002,60.070000,60.700001,55.347687,1850900
2024-01-08,60.520000,61.830002,60.320000,61.730000,56.286865,1831200
2024-01-09,61.110001,61.840000,60.650002,61.529999,56.104504,1611100
2024-01-10,61.889999,61.950001,61.490002,61.709999,56.268631,1539900
2024-01-11,61.430000,62.090000,61.020000,61.790001,56.341579,2130500
2024-01-12,62.290001,62.860001,62.009998,62.160000,56.678951,2280800
2024-01-16,62.029999,62.110001,61.119999,61.439999,56.022434,1895700
2024-01-17,60.619999,61.599998,59.389999,60.200001,54.891773,1634900
2024-01-18,60.040001,60.430000,59.419998,59.720001,54.454102,2619900
2024-01-19,59.990002,60.560001,59.279999,60.560001,55.220032,3195200
2024-01-22,60.770000,61.009998,60.139999,60.299999,54.982956,2120900
2024-01-23,60.320000,60.630001,59.369999,59.529999,54.280849,3109600
2024-01-24,60.020000,60.169998,58.610001,58.759998,53.578747,3223700
2024-01-25,59.360001,59.689999,58.599998,58.860001,53.669937,3087500
2024-01-26,58.950001,59.180000,58.459999,59.160000,53.943478,1930000
2024-01-29,58.930000,59.799999,58.889999,59.480000,54.235260,2093100
2024-01-30,59.060001,59.750000,58.880001,59.299999,54.071136,2836300
2024-01-31,61.180000,61.799999,59.759998,60.189999,54.882660,5436800
2024-02-01,59.599998,60.990002,59.110001,60.959999,55.584759,4260800
2024-02-02,60.270000,60.680000,59.299999,60.169998,54.864414,3127700
2024-02-05,59.500000,59.549999,58.400002,58.509998,53.350792,2666700
2024-02-06,58.470001,59.320000,58.299999,59.180000,53.961712,1909600
2024-02-07,59.299999,59.369999,58.459999,58.820000,53.633461,1625900
2024-02-08,58.700001,59.230000,58.570000,59.200001,53.979958,1502600
2024-02-09,59.090000,59.279999,58.650002,58.860001,53.669937,1557300
2024-02-12,59.000000,59.470001,58.639999,59.200001,53.979958,1620800
2024-02-13,58.090000,58.290001,57.330002,58.130001,53.004299,1964400
2024-02-14,58.270000,59.060001,58.099998,58.650002,53.478451,1557000
2024-02-15,59.049999,60.369999,58.869999,60.349998,55.028549,1529000
2024-02-16,59.869999,60.430000,59.500000,60.029999,54.736759,2659500
2024-02-20,59.730000,60.500000,59.320000,60.119999,54.818829,1798100
2024-02-21,60.310001,61.290001,60.080002,61.230000,55.830956,1756400
2024-02-22,61.400002,61.400002,60.380001,60.439999,55.110615,1799200
2024-02-23,60.340000,60.669998,60.099998,60.200001,54.891773,1406100
2024-02-26,60.099998,60.349998,58.810001,58.820000,53.633461,2631900
2024-02-27,59.200001,59.759998,58.930000,59.470001,54.226147,1849200
2024-02-28,59.119999,60.320000,59.020000,59.720001,54.454102,1877500
2024-02-29,60.189999,60.630001,59.799999,60.209999,54.900890,3415200
2024-03-01,59.919998,60.770000,59.189999,60.740002,55.384167,3094800
2024-03-04,60.799999,62.900002,60.340000,62.860001,57.317230,1997800
2024-03-05,62.610001,63.099998,61.869999,62.279999,56.788368,1966900
2024-03-06,62.750000,62.759998,62.150002,62.610001,57.089272,1275000
2024-03-07,62.880001,63.080002,62.349998,62.930000,57.381054,1643300
2024-03-08,63.400002,63.709999,62.939999,63.410000,57.818729,1388700
2024-03-11,63.400002,63.770000,62.700001,62.860001,57.317230,1302300
2024-03-12,62.639999,63.070000,62.029999,62.330002,56.833961,1797700
2024-03-13,62.389999,63.520000,62.389999,63.299999,57.718430,1847400
2024-03-14,63.009998,63.090000,61.730000,62.369999,56.870438,2559900
2024-03-15,61.450001,63.150002,61.450001,63.029999,57.472237,3247400
2024-03-18,63.150002,63.410000,62.250000,62.380001,56.879551,1730800
2024-03-19,62.610001,62.720001,62.009998,62.220001,56.733662,1377200
2024-03-20,62.000000,63.060001,61.849998,62.680000,57.153099,1499000
2024-03-21,62.840000,63.779999,62.680000,63.450001,57.855206,2505200
2024-03-22,62.980000,63.040001,61.919998,62.169998,57.297611,1510100
2024-03-25,62.259998,62.470001,61.520000,61.529999,56.707775,1967100
2024-03-26,61.549999,61.709999,61.220001,61.259998,56.458935,1610700
2024-03-27,61.889999,62.619999,61.660000,62.570000,57.666267,1527100
2024-03-28,62.840000,63.450001,62.759998,63.110001,58.163948,2133800
2024-04-01,63.020000,63.220001,61.439999,61.450001,56.634048,1630000
2024-04-02,61.029999,61.230000,60.439999,60.840000,56.071850,1515200
2024-04-03,60.639999,61.570000,60.349998,61.419998,56.606400,1439000
2024-04-04,61.880001,62.270000,61.080002,61.259998,56.458935,1182300
2024-04-05,61.029999,61.990002,61.029999,61.790001,56.947403,1461100
2024-04-08,62.500000,63.840000,62.410000,63.799999,58.799870,2324500
2024-04-09,64.129997,64.800003,64.070000,64.470001,59.417366,2536100
2024-04-10,63.169998,63.490002,62.650002,62.959999,58.025700,2038900
2024-04-11,63.369999,63.500000,62.209999,62.790001,57.869026,1681100
2024-04-12,62.580002,62.689999,61.290001,61.689999,56.855232,1400600
2024-04-15,62.119999,62.220001,60.290001,60.660000,55.905960,1242900
2024-04-16,60.500000,60.500000,59.480000,59.680000,55.002766,1358300
2024-04-17,59.820000,61.070000,59.509998,60.410000,55.675556,2744800
2024-04-18,60.540001,61.139999,60.099998,60.990002,56.210098,1789400
2024-04-19,61.330002,61.900002,61.200001,61.540001,56.716995,1826300
2024-04-22,62.250000,62.849998,61.860001,62.540001,57.638618,2465600
2024-04-23,62.520000,63.580002,62.520000,63.090000,58.145515,2479400
2024-04-24,62.290001,65.209999,62.240002,64.610001,59.546391,3166200
2024-04-25,64.070000,64.959999,63.959999,64.879997,59.795223,3344600
2024-04-26,65.000000,66.070000,65.000000,65.139999,60.034859,2793600
2024-04-29,65.699997,65.889999,64.800003,65.300003,60.182316,2927600
2024-04-30,64.940002,65.050003,64.360001,64.400002,59.352852,1986600
2024-05-01,63.959999,64.800003,63.740002,64.040001,59.021065,2357000
2024-05-02,64.489998,65.669998,63.759998,65.559998,60.421940,2438300
2024-05-03,66.320000,66.709999,65.449997,65.910004,60.744514,1639200
2024-05-06,66.349998,66.779999,65.830002,66.720001,61.491028,1444000
2024-05-07,67.139999,67.290001,66.589996,66.699997,61.472591,1616900
2024-05-08,66.720001,66.989998,66.080002,66.099998,60.919617,1591100
2024-05-09,66.279999,67.180000,66.029999,67.040001,61.785946,1635300
2024-05-10,67.209999,67.320000,66.750000,66.800003,61.564754,1123700
2024-05-13,66.480003,67.589996,66.370003,66.750000,61.518669,1411600
2024-05-14,66.970001,67.459999,66.750000,67.389999,62.108521,1176100
2024-05-15,68.309998,68.550003,67.379997,67.570000,62.274399,1320000
2024-05-16,67.470001,67.690002,67.089996,67.089996,61.832020,1010500
2024-05-17,67.349998,67.349998,66.809998,67.129997,61.868885,1606200
2024-05-20,67.120003,67.180000,66.370003,66.470001,61.260624,1656700
2024-05-21,66.330002,66.889999,66.250000,66.800003,61.564754,1453400
2024-05-22,66.699997,67.540001,65.919998,66.260002,61.067078,1679500
2024-05-23,65.980003,66.160004,65.300003,65.379997,60.256039,1552100
2024-05-24,65.690002,65.860001,65.440002,65.699997,60.550957,1427900
2024-05-28,66.000000,66.050003,64.529999,64.639999,59.574032,1865900
2024-05-29,63.830002,63.830002,62.240002,63.380001,58.412788,3213300
2024-05-30,63.669998,64.000000,63.439999,63.900002,58.892033,1586900
2024-05-31,64.279999,65.070000,63.820000,65.029999,59.933472,4933600
2024-06-03,65.410004,65.709999,64.849998,65.419998,60.292900,2248500
2024-06-04,65.419998,65.989998,65.089996,65.610001,60.468014,2933600
2024-06-05,65.500000,65.860001,65.010002,65.739998,60.587826,1505100
2024-06-06,65.480003,65.800003,65.120003,65.269997,60.154659,1232800
2024-06-07,64.389999,65.279999,64.320000,65.070000,59.970337,2168400
2024-06-10,65.029999,66.540001,64.779999,66.050003,60.873535,1294400
2024-06-11,65.599998,66.070000,65.370003,65.550003,60.412724,1229000
2024-06-12,66.750000,66.870003,65.660004,65.790001,60.633915,1183500
2024-06-13,65.980003,66.440002,65.480003,65.959999,60.790588,1115100
2024-06-14,65.830002,66.839996,65.660004,66.709999,61.481808,1287900
2024-06-17,66.120003,67.199997,65.889999,67.010002,61.758305,1349000
2024-06-18,67.230003,67.930000,67.029999,67.820000,62.504810,1281300
2024-06-20,67.540001,67.940002,67.419998,67.849998,62.532459,1658000
2024-06-21,68.169998,68.419998,67.480003,68.309998,62.956417,2973900
2024-06-24,68.529999,69.570000,68.349998,69.190002,63.767464,1646700
2024-06-25,69.160004,69.180000,68.379997,68.589996,63.214470,1946700
2024-06-26,67.940002,68.440002,67.459999,68.019997,62.689133,1198700
2024-06-27,68.099998,68.470001,67.660004,68.309998,62.956417,1179500
2024-06-28,69.339996,69.650002,68.510002,69.339996,63.905682,2723100
2024-07-01,68.519997,68.730003,67.790001,68.139999,63.417072,1054900
2024-07-02,68.139999,68.559998,67.930000,68.199997,63.472916,963500
2024-07-03,68.209999,68.300003,67.470001,67.489998,62.812134,713300
2024-07-05,67.680000,68.160004,67.290001,67.870003,63.165806,1357100
2024-07-08,67.889999,68.360001,67.699997,67.989998,63.277473,1347300
2024-07-09,68.019997,68.470001,67.519997,67.949997,63.240234,1176200
2024-07-10,68.400002,68.410004,67.440002,67.839996,63.137871,1038200
2024-07-11,68.870003,69.349998,67.400002,67.699997,63.007572,1528800
2024-07-12,68.010002,68.040001,66.610001,67.190002,62.532921,1969200
2024-07-15,67.500000,68.989998,67.260002,67.930000,63.221638,2224200
2024-07-16,68.139999,69.150002,67.870003,69.040001,64.254700,1508900
2024-07-17,68.949997,69.940002,68.949997,69.669998,64.841026,1490800
2024-07-18,69.330002,71.169998,69.190002,70.070000,65.213303,1824200
2024-07-19,70.589996,70.589996,69.910004,70.139999,65.278458,1708300
2024-07-22,70.000000,71.139999,69.970001,71.040001,66.116081,1269700
2024-07-23,71.000000,71.400002,70.470001,70.860001,65.948547,1604200
2024-07-24,71.050003,71.400002,69.860001,70.010002,65.157463,1682200
2024-07-25,70.209999,71.349998,69.040001,69.519997,64.701424,2569800
2024-07-26,69.930000,71.209999,69.610001,70.769997,65.864777,1415700
2024-07-29,70.900002,71.779999,70.330002,71.290001,66.348740,1809600
2024-07-30,71.500000,71.500000,68.500000,69.570000,64.747963,3479100
2024-07-31,70.230003,70.400002,69.349998,69.629997,64.803802,4233400
2024-08-01,70.180000,71.120003,69.959999,70.669998,65.771713,2562800
2024-08-02,70.550003,72.330002,69.620003,70.220001,65.352905,3207500
2024-08-05,69.489998,70.669998,68.870003,69.169998,64.375694,4061400
2024-08-06,69.180000,71.860001,69.099998,71.419998,66.469727,2710100
2024-08-07,71.750000,72.129997,69.949997,70.040001,65.185387,2253800
2024-08-08,70.000000,70.500000,69.260002,70.389999,65.511116,2382300
2024-08-09,70.650002,71.470001,70.209999,71.349998,66.404594,1206100
2024-08-12,70.889999,71.190002,70.320000,70.849998,65.939247,1186700
2024-08-13,71.580002,71.580002,70.750000,71.150002,66.218452,1064500
2024-08-14,71.239998,71.750000,70.860001,71.190002,66.255684,1515300
2024-08-15,71.199997,71.599998,70.620003,71.239998,66.302216,1536800
2024-08-16,71.300003,71.470001,70.699997,71.410004,66.460434,1442800
2024-08-19,71.529999,71.970001,71.250000,71.589996,66.627937,770200
2024-08-20,71.589996,71.989998,71.339996,71.980003,66.990929,875100
2024-08-21,72.000000,72.389999,71.610001,72.309998,67.298042,1529800
2024-08-22,72.410004,72.620003,71.930000,72.589996,67.558632,1101900
2024-08-23,72.800003,73.830002,72.540001,73.629997,68.526550,1099300
2024-08-26,73.190002,73.709999,72.760002,72.930000,67.875076,1710000
2024-08-27,72.559998,73.730003,72.230003,73.440002,68.349731,1306800
2024-08-28,73.510002,74.379997,73.389999,74.190002,69.047752,1399400
2024-08-29,74.050003,74.459999,73.820000,74.040001,68.908134,1264100
2024-08-30,74.500000,75.110001,73.860001,74.879997,69.689911,2030100
2024-09-03,74.550003,75.919998,74.489998,75.660004,70.415863,1539100
2024-09-04,75.580002,76.750000,74.980003,75.480003,70.248337,2129600
2024-09-05,76.220001,76.309998,74.769997,75.400002,70.173866,1502000
2024-09-06,75.120003,75.220001,73.760002,74.339996,69.187332,2268900
2024-09-09,74.559998,75.290001,73.839996,75.099998,69.894661,1698900
2024-09-10,76.269997,76.940002,75.330002,76.879997,71.551300,1309300
2024-09-11,76.169998,76.790001,75.269997,76.730003,71.411690,1195500
2024-09-12,76.709999,77.459999,76.160004,77.379997,72.016632,1162200
2024-09-13,77.529999,78.110001,77.239998,78.080002,72.668121,1015500
2024-09-16,78.680000,78.830002,77.730003,77.769997,72.379593,1457700
2024-09-17,77.760002,78.260002,77.059998,77.339996,71.979401,1544000
2024-09-18,77.650002,78.370003,76.989998,77.080002,71.737434,2018700
2024-09-19,77.660004,77.660004,76.500000,77.059998,71.718811,1558300
2024-09-20,77.010002,77.160004,76.279999,76.580002,71.272079,4481100
2024-09-23,76.910004,77.750000,76.910004,77.440002,72.072479,1561500
2024-09-24,75.349998,76.110001,75.260002,75.279999,70.678253,1620300
2024-09-25,75.480003,75.820000,74.910004,75.190002,70.593758,1482700
2024-09-26,75.129997,75.169998,74.150002,74.309998,69.767532,1360000
2024-09-27,74.769997,74.769997,73.830002,73.970001,69.448326,2952400
2024-09-30,73.599998,74.559998,73.470001,74.459999,69.908363,3073300
2024-10-01,74.860001,75.080002,73.459999,73.879997,69.363831,1508200
2024-10-02,73.400002,74.070000,73.000000,73.860001,69.345047,1610500
2024-10-03,73.839996,73.860001,72.809998,73.339996,68.856850,1223100
2024-10-04,72.809998,73.650002,72.500000,73.529999,69.035225,1050200
2024-10-07,73.080002,73.080002,72.470001,72.889999,68.434349,1055400
2024-10-08,73.269997,73.279999,72.500000,72.870003,68.415573,986200
2024-10-09,73.010002,73.110001,72.019997,72.620003,68.180862,1495700
2024-10-10,72.440002,73.040001,71.769997,72.160004,67.748970,1133400
2024-10-11,72.629997,73.169998,72.220001,73.089996,68.622124,1045000
2024-10-14,73.000000,73.809998,72.680000,73.629997,69.129105,903000
2024-10-15,74.029999,74.849998,73.809998,73.959999,69.438934,1249600
2024-10-16,74.129997,74.760002,74.120003,74.690002,70.124321,920700
2024-10-17,74.529999,74.940002,73.980003,74.870003,70.293312,2033300
2024-10-18,75.279999,75.769997,74.889999,75.629997,71.006851,1260200
2024-10-21,75.290001,75.500000,73.970001,74.160004,69.626717,1419700
2024-10-22,73.989998,74.690002,73.940002,74.150002,69.617317,1220900
2024-10-23,74.220001,75.980003,74.220001,75.860001,71.222794,1392300
2024-10-24,76.160004,76.459999,75.699997,76.059998,71.410568,1255100
2024-10-25,76.320000,76.419998,74.570000,74.669998,70.105537,1056500
2024-10-28,75.110001,75.550003,74.809998,75.010002,70.424751,1241800
2024-10-29,74.870003,75.180000,74.010002,74.239998,69.701820,1167400
2024-10-30,74.129997,74.690002,73.769997,73.949997,69.429550,1660900
2024-10-31,71.279999,72.250000,70.220001,70.370003,66.068405,4134500
2024-11-01,70.199997,70.699997,68.930000,69.120003,64.894791,2350500
2024-11-04,69.360001,70.220001,69.209999,70.220001,65.927559,1566000
2024-11-05,69.779999,72.040001,69.730003,72.029999,67.626915,1273600
2024-11-06,73.489998,73.489998,70.900002,71.379997,67.016647,2442700
2024-11-07,71.370003,71.940002,70.879997,71.790001,67.401588,1796500
2024-11-08,72.110001,73.910004,71.970001,73.529999,69.035225,1366100
2024-11-11,73.580002,74.410004,73.309998,73.500000,69.007057,932800
2024-11-12,73.330002,73.690002,72.720001,73.050003,68.584564,1360000
2024-11-13,73.980003,74.779999,73.900002,74.639999,70.077377,1382100
2024-11-14,74.330002,74.410004,72.989998,73.070000,68.603348,1834900
2024-11-15,72.750000,73.809998,72.529999,73.589996,69.091553,1486700
2024-11-18,73.309998,74.540001,73.150002,74.419998,69.870819,1924200
2024-11-19,74.010002,74.680000,73.589996,74.500000,69.945930,1240800
2024-11-20,74.120003,74.220001,73.379997,73.919998,69.401382,1360200
2024-11-21,74.150002,75.279999,73.879997,75.050003,70.462318,1275700
2024-11-22,75.110001,76.269997,74.760002,75.790001,71.157074,1049600
2024-11-25,76.540001,77.220001,76.260002,76.410004,71.739189,2317000
2024-11-26,76.510002,77.360001,76.379997,77.099998,72.386993,1071500
2024-11-27,77.809998,78.320000,77.309998,77.480003,72.743759,1234600
2024-11-29,77.459999,77.750000,76.589996,76.660004,71.973900,1464600
2024-12-02,76.169998,76.389999,74.919998,75.239998,70.640694,1705400
2024-12-03,75.309998,75.470001,74.010002,74.029999,69.504654,1479000
2024-12-04,74.089996,74.190002,73.489998,73.790001,69.279343,1303200
2024-12-05,73.260002,73.639999,72.900002,73.379997,68.894394,1180200
2024-12-06,73.620003,73.970001,73.220001,73.750000,69.241776,1029000
2024-12-09,73.690002,73.910004,72.830002,73.660004,69.157280,1302900
2024-12-10,73.839996,73.839996,72.760002,72.900002,68.443741,1092600
2024-12-11,73.129997,73.419998,72.510002,72.779999,68.331078,1309800
2024-12-12,72.730003,74.389999,72.639999,73.790001,69.279343,1479400
2024-12-13,73.430000,74.019997,72.949997,73.279999,68.800507,1029800
2024-12-16,73.180000,74.370003,73.120003,73.459999,68.969498,1116300
2024-12-17,73.150002,73.589996,72.730003,72.769997,68.321686,1551700
2024-12-18,72.500000,73.209999,70.150002,70.190002,65.899399,1402700
2024-12-19,70.330002,71.389999,69.349998,69.489998,65.242180,1458300
2024-12-20,70.519997,72.120003,69.940002,71.349998,66.988487,5177000
2024-12-23,70.750000,71.610001,70.510002,71.440002,67.072990,1300900
2024-12-24,71.220001,72.339996,71.070000,72.220001,67.805305,568700
2024-12-26,72.050003,72.550003,71.800003,72.370003,67.946136,747200
2024-12-27,71.720001,72.660004,71.410004,71.580002,67.204430,946100
2024-12-30,71.169998,71.419998,70.330002,71.160004,66.810104,894200
2024-12-31,71.919998,71.959999,70.900002,71.760002,67.373421,1684500
2025-01-02,70.750000,71.330002,69.870003,70.070000,66.411415,1183800
2025-01-03,69.919998,70.970001,69.820000,70.900002,67.198090,1096800
2025-01-06,70.639999,71.019997,68.330002,68.389999,64.819138,1654700
2025-01-07,68.769997,69.070000,67.180000,67.449997,63.928219,2072000
2025-01-08,67.580002,67.669998,66.669998,67.519997,63.994560,1735200
2025-01-10,67.150002,68.000000,66.639999,66.980003,63.482761,2038100
2025-01-13,67.199997,69.389999,67.000000,69.209999,65.596321,2270300
2025-01-14,69.339996,70.110001,68.889999,69.919998,66.269257,1417500
2025-01-15,71.639999,72.000000,69.410004,69.459999,65.833260,1777800
2025-01-16,69.680000,70.320000,69.110001,70.250000,66.582016,1331300
2025-01-17,69.930000,70.540001,69.570000,69.769997,66.127075,1346300
2025-01-21,69.879997,70.669998,69.559998,70.129997,66.468285,1438000
2025-01-22,69.510002,69.669998,68.239998,68.379997,64.809654,1608100
2025-01-23,68.550003,68.849998,67.720001,68.190002,64.629585,1533900
2025-01-24,67.919998,68.739998,67.809998,68.250000,64.686447,1632200
2025-01-27,68.379997,70.410004,68.150002,70.139999,66.477768,1527400
2025-01-28,70.019997,70.360001,69.059998,69.260002,65.643707,1675200
2025-01-29,69.269997,69.769997,68.290001,68.480003,64.904434,2498600
2025-01-30,69.570000,70.449997,69.250000,69.739998,66.098648,1515000
2025-01-31,69.699997,70.949997,69.430000,70.629997,66.942177,2584200
2025-02-03,70.089996,70.660004,69.089996,70.330002,66.657852,2594400
2025-02-04,70.500000,71.389999,69.110001,70.620003,66.932709,2609800
2025-02-05,71.209999,72.300003,70.720001,71.930000,68.174301,1629100
2025-02-06,72.209999,72.570000,71.709999,72.120003,68.354378,1962400
2025-02-07,72.269997,72.440002,70.959999,71.330002,67.605629,1374700
2025-02-10,71.190002,71.220001,69.970001,70.910004,67.207558,1015700
2025-02-11,70.400002,71.480003,70.339996,71.440002,67.709892,1235000
2025-02-12,70.190002,71.500000,70.099998,70.970001,67.264435,931300
2025-02-13,70.949997,71.750000,70.779999,71.519997,67.785706,796000
2025-02-14,71.900002,72.519997,71.220001,71.230003,67.510857,1901200
2025-02-18,71.040001,71.629997,70.529999,71.260002,67.539284,1850700
2025-02-19,70.959999,71.389999,70.529999,71.120003,67.406593,993100
2025-02-20,71.050003,71.900002,70.709999,71.660004,67.918404,1105800
2025-02-21,71.699997,71.930000,70.879997,71.559998,67.823608,1115000
2025-02-24,71.669998,72.690002,71.300003,72.209999,68.439690,997000
2025-02-25,72.440002,73.570000,72.440002,72.980003,69.169479,1236300
2025-02-26,72.970001,73.580002,72.610001,72.820000,69.017830,1456600
2025-02-27,72.620003,74.389999,72.529999,73.680000,69.832924,1816700
2025-02-28,74.279999,74.919998,73.209999,74.169998,70.297340,2851600
2025-03-03,74.169998,75.620003,73.790001,75.019997,71.102959,1779200
2025-03-04,75.300003,75.860001,73.410004,73.440002,69.605461,2141700
2025-03-05,72.669998,73.910004,72.209999,73.669998,69.823448,1387700
2025-03-06,73.089996,73.160004,71.370003,71.910004,68.155342,1715100
2025-03-07,72.139999,72.720001,71.379997,71.970001,68.212204,1811700
2025-03-10,72.110001,73.139999,70.620003,70.879997,67.179123,2076100
2025-03-11,71.199997,71.339996,69.209999,69.779999,66.136559,2180600
2025-03-12,69.620003,69.980003,68.760002,68.970001,65.368851,1245900
2025-03-13,68.970001,69.680000,68.139999,68.279999,64.714882,1912100
2025-03-14,68.529999,68.970001,67.760002,68.940002,65.340424,2577200
2025-03-17,68.709999,70.610001,68.709999,70.059998,66.401939,1600700
2025-03-18,69.879997,70.400002,69.110001,69.510002,65.880661,1553200
2025-03-19,69.300003,70.110001,68.800003,69.769997,66.127075,1248000
2025-03-20,69.910004,70.389999,69.220001,70.169998,66.506187,1501200
2025-03-21,69.849998,70.190002,68.919998,69.809998,66.164986,3054300
2025-03-24,70.120003,71.550003,69.900002,71.360001,67.634056,1375000
2025-03-25,71.419998,72.169998,70.430000,71.029999,67.321297,1646700
2025-03-26,71.559998,71.889999,71.040001,71.570000,67.833099,1111100
2025-03-27,71.730003,72.650002,71.129997,71.260002,67.539284,1374200
2025-03-28,71.809998,71.809998,70.739998,71.379997,67.653023,1163200
2025-03-31,71.160004,72.099998,70.889999,71.580002,68.507690,2257500
2025-04-01,71.580002,71.959999,70.449997,71.279999,68.220566,1379200
2025-04-02,70.860001,71.970001,70.599998,71.629997,68.555542,1376700
2025-04-03,70.970001,71.540001,68.239998,68.550003,65.607742,1816200
2025-04-04,67.629997,68.199997,63.630001,63.790001,61.052052,2449900
2025-04-07,62.730000,64.800003,60.680000,62.520000,59.836552,3494500
2025-04-08,64.370003,64.370003,60.910000,61.820000,59.166595,2515000
2025-04-09,60.610001,67.470001,59.410000,66.860001,63.990273,5593300
2025-04-10,65.650002,66.989998,62.540001,64.269997,61.511436,2599100
2025-04-11,63.900002,65.230003,62.270000,64.639999,61.865559,2335800
2025-04-14,65.320000,67.360001,65.139999,66.919998,64.047707,1884000
2025-04-15,67.180000,67.470001,66.440002,67.019997,64.143402,1900700
2025-04-16,66.879997,67.940002,66.650002,67.050003,64.172127,1978400
2025-04-17,67.110001,69.239998,67.040001,68.239998,65.311043,2743800
2025-04-21,67.639999,68.080002,66.519997,67.500000,64.602806,1531900
2025-04-22,68.459999,69.269997,68.080002,68.930000,65.971428,1709200
2025-04-23,69.550003,70.639999,68.879997,69.379997,66.402115,1666300
2025-04-24,69.239998,69.730003,68.790001,69.309998,66.335114,1145800
2025-04-25,69.110001,69.300003,68.360001,68.529999,65.588600,1318700
2025-04-28,68.570000,69.449997,68.449997,69.309998,66.335114,1949200
2025-04-29,68.940002,69.870003,68.309998,69.529999,66.545670,2841500
2025-04-30,69.410004,70.599998,68.419998,70.260002,67.244347,3164000
2025-05-01,70.019997,71.180000,69.330002,70.620003,67.588898,2366700
2025-05-02,71.500000,72.400002,71.330002,71.720001,68.641685,2103200
2025-05-05,71.150002,71.440002,70.419998,70.830002,67.789879,2079000
2025-05-06,70.480003,70.940002,69.959999,70.540001,67.512329,1586300
2025-05-07,70.589996,71.040001,70.309998,70.559998,67.531464,2220900
2025-05-08,70.800003,70.930000,69.620003,69.680000,66.689232,2324800
2025-05-09,69.760002,70.160004,69.480003,69.940002,66.938080,1135000
2025-05-12,70.699997,71.050003,70.459999,70.900002,67.856880,1557100
2025-05-13,70.769997,71.019997,69.279999,69.589996,66.603096,2416100
2025-05-14,68.959999,69.669998,68.349998,69.059998,66.095848,2106200
2025-05-15,69.290001,70.949997,69.209999,70.860001,67.818588,1772900
2025-05-16,71.089996,71.800003,70.680000,71.559998,68.488541,5064700
2025-05-19,70.830002,71.519997,70.580002,71.349998,68.287560,1571700
2025-05-20,70.980003,71.389999,70.540001,71.110001,68.057861,1355700
2025-05-21,70.760002,70.970001,68.910004,68.930000,65.971428,1515000
2025-05-22,68.919998,69.160004,67.849998,68.300003,65.368469,1646300
2025-05-23,67.980003,68.430000,66.949997,67.610001,64.708084,1354800
2025-05-27,68.559998,68.879997,67.370003,68.620003,65.674728,2025600
2025-05-28,68.690002,69.129997,68.169998,69.010002,66.047997,2230100
2025-05-29,69.089996,70.309998,68.919998,69.980003,66.976364,1818900
2025-05-30,69.510002,70.300003,69.160004,70.139999,67.129501,3122800
2025-06-02,69.480003,70.050003,68.660004,69.930000,66.928505,1486800
2025-06-03,69.540001,69.730003,68.260002,68.900002,65.942719,2043300
2025-06-04,68.790001,69.260002,68.000000,69.010002,66.047997,1938500
2025-06-05,69.019997,69.139999,68.300003,68.459999,65.521599,1545100
2025-06-06,68.879997,69.410004,67.989998,68.500000,65.559891,1288000
2025-06-09,68.250000,69.860001,68.209999,69.320000,66.344688,1739200
2025-06-10,69.639999,70.199997,69.419998,70.000000,66.995506,1257600
2025-06-11,70.209999,70.209999,68.809998,69.269997,66.296837,1441200
2025-06-12,69.500000,70.180000,69.120003,70.169998,67.158195,1291700
2025-06-13,69.529999,70.160004,68.290001,68.879997,65.923576,1586500
2025-06-16,69.400002,69.839996,68.919998,69.099998,66.134132,1362800
2025-06-17,69.379997,69.379997,68.440002,68.730003,65.780022,1667400
2025-06-18,68.989998,69.419998,68.360001,68.870003,65.914009,1480200
2025-06-20,68.970001,69.410004,68.529999,68.989998,66.028854,2959900
2025-06-23,69.169998,69.870003,68.400002,69.059998,66.095848,1777200
2025-06-24,68.370003,68.750000,67.279999,67.540001,65.296318,2826700
2025-06-25,66.309998,66.860001,65.190002,65.639999,63.459438,4190700
2025-06-26,66.000000,67.470001,65.540001,67.459999,65.218979,2914000
2025-06-27,67.790001,68.110001,66.989998,67.349998,65.112633,2081600
2025-06-30,67.190002,67.540001,66.239998,67.489998,65.247986,2407900
2025-07-01,67.199997,68.089996,66.580002,67.260002,65.025627,3192800
2025-07-02,66.889999,67.360001,65.870003,66.669998,64.455223,1715000
2025-07-03,66.559998,67.260002,66.360001,66.879997,64.658249,1362200
2025-07-07,67.239998,67.989998,66.309998,66.720001,64.503555,2884400
2025-07-08,66.290001,67.080002,66.040001,66.620003,64.406883,1763600
2025-07-09,66.620003,67.070000,66.430000,66.529999,64.319870,1737000
2025-07-10,66.339996,67.540001,66.290001,67.080002,64.851601,1811100
2025-07-11,66.290001,67.010002,66.110001,66.790001,64.571243,1284600
2025-07-14,66.889999,67.320000,66.550003,67.019997,64.793594,1215700
2025-07-15,66.860001,66.970001,65.709999,66.129997,63.933163,1293900
2025-07-16,66.400002,67.070000,66.160004,66.949997,64.725914,1263700
2025-07-17,67.050003,67.489998,66.830002,67.279999,65.044960,1497800
2025-07-18,67.230003,67.540001,66.779999,67.169998,64.938614,1787700
2025-07-21,67.230003,67.559998,66.610001,66.980003,64.754929,1611900
2025-07-22,67.029999,68.379997,66.870003,68.320000,66.050415,1801900
2025-07-23,68.379997,68.510002,67.889999,68.339996,66.069748,1625100
2025-07-24,68.339996,68.500000,67.519997,67.650002,65.402664,2218200
2025-07-25,67.620003,68.070000,67.080002,67.370003,65.131973,1507300
2025-07-28,67.449997,67.489998,66.110001,66.209999,64.010506,1540900
2025-07-29,66.540001,67.830002,66.290001,67.779999,65.528343,1730000
2025-07-30,67.339996,67.480003,64.519997,65.300003,63.130741,3933600
2025-07-31,64.949997,65.099998,62.980000,63.200001,61.100498,5288500
2025-08-01,63.930000,63.930000,61.709999,62.750000,60.665443,3720100
2025-08-04,62.720001,63.639999,62.529999,62.669998,60.588104,2858500
2025-08-05,64.470001,64.470001,63.070000,63.410000,61.303520,2982600
2025-08-06,63.540001,64.019997,63.110001,63.400002,61.293854,2212200
2025-08-07,63.590000,64.330002,63.560001,63.889999,61.767574,2492600
2025-08-08,64.010002,64.099998,63.099998,63.200001,61.100498,1337600
2025-08-11,62.869999,63.220001,62.240002,62.299999,60.230396,1850000
2025-08-12,62.320000,62.720001,62.090000,62.700001,60.617107,1612600
2025-08-13,62.840000,64.029999,62.650002,63.990002,61.864254,1710500
2025-08-14,63.360001,63.700001,63.189999,63.509998,61.400196,1690200
2025-08-15,63.480000,64.379997,63.480000,64.120003,61.989941,3890300
2025-08-18,64.269997,64.449997,63.189999,63.240002,61.139172,2562800
2025-08-19,63.470001,64.660004,63.320000,64.440002,62.299305,1841100
2025-08-20,64.760002,65.370003,64.290001,64.480003,62.337978,1840600
2025-08-21,64.129997,64.690002,64.000000,64.269997,62.134945,1325100
2025-08-22,64.690002,65.699997,64.480003,65.260002,63.092064,1486800
2025-08-25,65.239998,65.430000,64.430000,64.800003,62.647346,1206000
2025-08-26,64.940002,65.199997,64.330002,64.480003,62.337978,5972500
2025-08-27,64.699997,65.260002,64.449997,65.139999,62.976055,1412400
2025-08-28,65.430000,65.430000,64.669998,65.290001,63.121067,1069500
2025-08-29,65.180000,66.199997,65.070000,66.120003,63.923496,1412900
2025-09-02,65.660004,65.699997,63.650002,64.010002,61.883595,1802000
2025-09-03,63.650002,64.690002,63.610001,64.669998,62.521664,1370000
2025-09-04,65.000000,65.620003,64.739998,65.589996,63.411102,1391200
2025-09-05,66.000000,67.070000,65.849998,66.809998,64.590569,2171200
2025-09-08,66.220001,66.660004,65.809998,66.389999,64.184525,2189500
2025-09-09,66.040001,66.760002,66.019997,66.620003,64.406883,1371600
2025-09-10,66.620003,67.120003,65.730003,65.860001,63.672131,1560900
2025-09-11,65.889999,67.050003,65.559998,66.889999,64.667915,1448800
2025-09-12,66.919998,67.110001,66.389999,66.440002,64.232872,1264500
2025-09-15,66.720001,66.839996,65.199997,65.279999,63.111397,1827100
2025-09-16,65.150002,65.489998,64.620003,64.750000,62.599003,2576900
2025-09-17,64.540001,65.720001,64.540001,64.629997,62.482990,2283000
2025-09-18,64.849998,65.080002,64.290001,64.870003,62.715023,2044300
2025-09-19,64.820000,65.620003,64.519997,65.050003,62.889046,5032300
2025-09-22,64.919998,65.339996,64.389999,65.290001,63.121067,1938900
2025-09-23,65.279999,65.760002,64.989998,65.680000,63.498116,1916200
2025-09-24,65.470001,65.720001,64.830002,65.160004,62.995388,2675600
2025-09-25,64.470001,64.839996,63.619999,63.740002,62.284985,2297200
2025-09-26,64.010002,64.839996,63.720001,64.529999,63.056950,2124500
2025-09-29,64.180000,64.610001,63.930000,64.120003,62.656311,1990900
2025-09-30,63.910000,64.769997,63.840000,64.730003,63.252384,2771400
2025-10-01,64.570000,64.860001,64.029999,64.099998,62.636761,2258600
2025-10-02,63.840000,64.000000,63.110001,63.480000,62.030914,1686500
2025-10-03,63.599998,64.110001,63.290001,63.299999,61.855026,1839700
2025-10-06,63.349998,63.430000,62.180000,62.220001,60.799679,1856700
2025-10-07,62.439999,63.040001,62.200001,62.470001,61.043972,1603100
2025-10-08,62.080002,62.419998,61.930000,62.330002,60.907169,1345700
2025-10-09,62.520000,62.759998,61.820000,61.970001,60.555389,1557200
2025-10-10,62.110001,62.500000,61.090000,61.669998,60.262234,1645200
2025-10-13,61.590000,62.130001,61.410000,62.009998,60.594471,1459700
2025-10-14,61.959999,62.349998,61.720001,62.299999,60.877853,1382800
2025-10-15,62.439999,62.860001,61.790001,62.090000,60.672646,2073100
2025-10-16,62.299999,62.299999,61.160000,61.500000,60.096115,4880900
2025-10-17,61.630001,62.279999,61.389999,62.209999,60.789909,5073600
2025-10-20,62.619999,62.980000,62.209999,62.349998,60.926712,2558800
2025-10-21,62.619999,63.490002,62.369999,62.820000,61.385983,2335500
2025-10-22,63.090000,63.889999,62.570000,63.740002,62.284985,2758400
2025-10-23,63.889999,63.939999,62.820000,63.330002,61.884346,1742000
2025-10-24,63.720001,63.779999,63.169998,63.419998,61.972282,2462900
2025-10-27,63.349998,63.509998,62.590000,63.310001,61.864799,2160900
2025-10-28,63.040001,63.529999,61.439999,61.459999,60.057026,2323500
2025-10-29,59.900002,60.700001,58.509998,58.910000,57.565235,6319500
2025-10-30,59.000000,60.500000,58.599998,60.310001,58.933281,4546100
2025-10-31,60.110001,60.700001,59.410000,59.439999,58.083138,3669200
2025-11-03,58.759998,60.060001,58.380001,59.080002,57.731358,3530100
2025-11-04,58.930000,59.459999,58.470001,59.380001,58.024509,3783200
2025-11-05,59.680000,59.919998,58.799999,59.770000,58.405609,2998300
2025-11-06,59.700001,59.900002,58.650002,58.700001,57.360031,2467000
2025-11-07,59.029999,59.790001,58.889999,59.709999,58.346977,2352100
2025-11-10,59.630001,59.759998,58.790001,59.509998,58.151539,2003600
2025-11-11,59.849998,60.570000,59.610001,60.490002,59.109173,1987100
2025-11-12,60.070000,60.570000,59.570000,59.619999,58.259029,1955800
2025-11-13,59.160000,59.820000,59.060001,59.279999,57.926792,2306000
2025-11-14,59.630001,60.020000,59.250000,59.419998,58.063595,1923700
2025-11-17,59.660000,59.720001,58.849998,59.049999,57.702042,1922700
2025-11-18,59.080002,59.529999,58.799999,59.180000,57.829075,1932600
2025-11-19,59.150002,59.209999,58.660000,58.939999,57.594551,1932300
2025-11-20,59.380001,59.939999,59.000000,59.160000,57.809532,1726400
2025-11-21,59.410000,60.860001,59.389999,60.549999,59.167801,2948200
2025-11-24,60.259998,60.910000,59.959999,60.549999,59.167801,3265300
2025-11-25,60.820000,61.639999,60.779999,61.099998,59.705246,1933200
2025-11-26,60.889999,61.950001,60.840000,61.580002,60.174290,2186600
2025-11-28,61.500000,62.040001,61.450001,61.750000,60.340408,941800
2025-12-01,61.279999,62.130001,61.020000,61.439999,60.037483,1963900
2025-12-02,61.660000,62.160000,61.099998,61.980000,60.565155,1867200
2025-12-03,61.869999,62.299999,61.770000,62.029999,60.614014,2300300
2025-12-04,61.900002,62.419998,61.500000,61.610001,60.203606,2796200
2025-12-05,61.380001,61.840000,60.980000,61.060001,59.666161,2214100
2025-12-08,61.209999,61.250000,60.020000,60.599998,59.216660,2540300
2025-12-09,60.910000,61.439999,60.009998,60.049999,58.679214,1955100
2025-12-10,60.070000,61.119999,60.070000,60.669998,59.285061,2669600
2025-12-11,60.860001,61.389999,60.419998,60.630001,59.245975,2189100
2025-12-12,60.900002,61.220001,60.610001,60.950001,59.558670,1952600
2025-12-15,61.150002,61.290001,60.730000,61.099998,59.705246,2019600
2025-12-16,61.259998,61.299999,60.470001,60.730000,59.343689,2780200
2025-12-17,60.959999,62.270000,60.779999,61.980000,60.565155,3384300
2025-12-18,61.990002,62.639999,61.759998,62.090000,60.672646,2855700
2025-12-19,62.259998,62.259998,61.360001,61.369999,59.969082,4432800
2025-12-22,61.189999,62.520000,60.889999,62.290001,60.868084,3086300
2025-12-23,62.450001,62.450001,61.669998,62.330002,60.907169,2037900
2025-12-24,62.590000,62.990002,62.349998,62.730000,61.298038,693600
2025-12-26,62.700001,63.139999,62.599998,63.090000,61.649818,1567600
2025-12-29,63.250000,63.310001,62.869999,63.279999,61.835480,1231900
2025-12-30,63.880001,64.199997,63.110001,63.500000,62.050461,1316800
2025-12-31,63.500000,63.650002,63.000000,63.040001,61.600960,1592700
2026-01-02,62.320000,62.340000,61.570000,62.029999,61.287750,1840300
2026-01-05,61.560001,61.880001,60.889999,60.919998,60.191032,2524500
2026-01-06,60.669998,62.560001,60.549999,62.410000,61.663208,2072300
2026-01-07,62.549999,63.000000,61.900002,61.939999,61.198830,4999600
2026-01-08,61.689999,63.389999,61.689999,62.869999,62.117702,1660700
2026-01-09,62.360001,62.869999,60.110001,60.439999,59.716778,2772000
2026-01-12,60.560001,60.880001,60.080002,60.259998,59.538933,3161400
2026-01-13,60.360001,60.619999,59.099998,60.189999,59.469769,1936100
2026-01-14,60.150002,61.310001,60.150002,61.200001,60.467686,2087500
2026-01-15,61.320000,61.900002,61.090000,61.169998,60.438042,1739000
2026-01-16,60.919998,62.119999,60.310001,62.040001,61.297634,2176800
2026-01-20,61.200001,61.590000,60.580002,61.020000,60.289841,1866700
2026-01-21,61.130001,61.570000,60.779999,61.349998,60.615891,2126500
2026-01-22,61.310001,61.779999,60.630001,60.959999,60.230556,2546400
2026-01-23,60.910000,62.139999,60.700001,62.090000,61.347034,2789200
2026-01-26,62.410000,62.500000,61.480000,62.119999,61.376675,2585800
2026-01-27,62.230000,62.660000,61.990002,62.150002,61.406319,3322200
2026-01-28,62.169998,62.459999,60.610001,60.759998,60.032948,2405500
2026-01-29,61.209999,62.020000,60.919998,61.860001,61.119789,2621500
2026-01-30,61.980000,62.419998,61.270000,62.320000,61.574284,2599600
2026-02-02,62.580002,62.580002,61.509998,61.610001,60.872780,2163800
2026-02-03,61.529999,62.400002,61.320000,61.790001,61.050625,2029900
2026-02-04,61.830002,63.480000,61.830002,63.080002,62.325191,2548000
2026-02-05,63.200001,63.200001,61.290001,61.770000,61.030865,3362600
2026-02-06,61.450001,65.000000,61.450001,63.889999,63.125496,3802300
2026-02-09,64.139999,64.750000,63.660000,64.669998,63.896160,3375000
2026-02-10,64.680000,65.730003,64.680000,65.570000,64.785393,6663300
2026-02-11,65.500000,66.209999,64.639999,64.650002,63.876404,3402200
2026-02-12,64.949997,65.080002,62.160000,63.049999,62.295547,5050400
2026-02-13,63.189999,64.250000,62.709999,63.860001,63.095856,3251500
2026-02-17,64.519997,65.110001,62.630001,63.480000,62.720402,2948500
2026-02-18,63.470001,63.930000,63.090000,63.590000,62.829086,1872600
2026-02-19,63.119999,63.970001,62.459999,63.049999,62.295547,1811600
2026-02-20,63.340000,63.570000,62.549999,62.599998,61.850933,3988600
2026-02-23,63.090000,63.970001,62.500000,63.320000,62.562317,3822400
2026-02-24,63.180000,63.910000,62.669998,63.560001,62.799446,2002200
2026-02-25,63.500000,63.889999,62.799999,63.400002,62.641361,2100800
2026-02-26,63.619999,64.459999,63.380001,64.120003,63.352749,2287600
2026-02-27,63.730000,63.900002,62.750000,63.209999,62.453632,3378200
2026-03-02,63.209999,63.630001,62.560001,63.130001,62.374592,2488600
2026-03-03,62.380001,63.189999,61.580002,62.720001,61.969498,1713600
2026-03-04,62.369999,62.980000,61.959999,62.779999,62.028778,1676700
2026-03-05,62.209999,63.240002,61.980000,63.110001,62.354832,2733700
2026-03-06,62.419998,62.830002,61.540001,62.720001,61.969498,1864300
2026-03-09,62.090000,62.520000,60.950001,62.180000,61.435959,2416300
2026-03-10,61.830002,62.340000,60.830002,61.480000,60.744335,2202600
2026-03-11,61.180000,61.180000,59.380001,60.160000,59.440128,2757800
2026-03-12,59.830002,61.020000,59.580002,60.270000,59.548813,2093100
2026-03-13,61.000000,61.580002,59.730000,59.990002,59.272167,1830100
2026-03-16,60.549999,60.740002,60.040001,60.060001,59.341328,2050200
2026-03-17,60.619999,61.250000,60.439999,61.020000,60.289841,2107200
2026-03-18,60.480000,60.580002,59.549999,59.849998,59.133839,2516100
2026-03-19,59.570000,60.070000,59.139999,59.310001,58.600304,2032100
2026-03-20,59.320000,59.509998,57.570000,57.980000,57.286217,4113000
2026-03-23,59.000000,59.279999,58.259998,58.410000,57.711071,2715700
2026-03-24,58.200001,59.160000,57.849998,58.669998,57.967957,2716300
2026-03-25,58.770000,59.220001,58.259998,58.459999,57.760471,2381200
2026-03-26,58.619999,59.689999,58.570000,59.509998,58.797905,3298800
2026-03-27,59.400002,59.610001,58.500000,58.750000,58.047001,2333800
2026-03-30,58.459999,59.200001,58.080002,58.580002,58.580002,2532200
2026-03-31,59.380001,59.669998,58.529999,59.150002,59.150002,3370200
2026-04-01,59.029999,59.770000,58.930000,59.549999,59.549999,2169100
2026-04-02,59.560001,60.540001,59.240002,60.270000,60.270000,1751000
2026-04-06,60.160000,60.639999,59.799999,60.060001,60.060001,2097900
2026-04-07,60.160000,60.889999,60.060001,60.209999,60.209999,2287800
2026-04-08,60.849998,61.279999,60.490002,60.799999,60.799999,2264700
2026-04-09,60.400002,61.049999,60.349998,60.459999,60.459999,1521500
2026-04-10,60.500000,61.290001,60.369999,61.139999,61.139999,2461800
2026-04-13,60.939999,60.959999,59.959999,60.779999,60.779999,1923700
2026-04-14,60.709999,61.560001,60.599998,61.360001,61.360001,2594800
2026-04-15,61.360001,61.540001,60.820000,61.299999,61.299999,2694200
2026-04-16,61.200001,61.700001,60.340000,60.490002,60.490002,2458400
2026-04-17,61.020000,62.990002,60.779999,62.680000,62.680000,3408900
2026-04-20,62.360001,63.470001,62.310001,63.430000,63.430000,2082500
2026-04-21,63.320000,63.419998,61.849998,61.849998,61.849998,2510600
2026-04-22,61.950001,62.340000,61.330002,61.700001,61.700001,2387500
2026-04-23,61.849998,62.840000,61.849998,62.650002,62.650002,2695700
2026-04-24,62.660000,62.660000,61.939999,62.259998,62.259998,2269100
2026-04-27,62.200001,62.869999,62.200001,62.320000,62.320000,2547300
2026-04-28,62.639999,65.269997,62.590000,65.150002,65.150002,3763600
2026-04-29,64.300003,66.500000,64.209999,65.430000,65.430000,5544400
2026-04-30,65.459999,65.830002,64.919998,65.379997,65.379997,3595000
2026-05-01,65.459999,66.279999,64.809998,65.169998,65.169998,2334000
2026-05-04,64.900002,65.830002,64.510002,65.239998,65.239998,2192800
2026-05-05,65.750000,66.949997,65.139999,66.250000,66.250000,2733300
2026-05-06,66.709999,66.860001,66.059998,66.160004,66.160004,2801200
2026-05-07,66.139999,66.489998,65.779999,65.860001,65.860001,3924200
2026-05-08,65.889999,66.059998,65.410004,65.540001,65.540001,1772300
2026-05-11,65.900002,66.250000,65.629997,66.180000,66.180000,2052200
2026-05-12,66.370003,66.400002,65.290001,65.889999,65.889999,4306900
2026-05-13,65.510002,66.010002,65.129997,65.830002,65.830002,2917100
2026-05-14,66.199997,66.199997,65.019997,65.019997,65.019997,2717300
2026-05-15,65.480003,65.480003,63.869999,63.880001,63.880001,2146900
2026-05-18,63.990002,65.470001,63.990002,65.430000,65.430000,1820600
2026-05-19,65.160004,65.940002,64.720001,65.739998,65.739998,3500600
2026-05-20,65.489998,66.510002,65.139999,66.279999,66.279999,2104600
2026-05-21,65.750000,66.110001,64.129997,65.760002,65.760002,4637600
2026-05-22,65.669998,66.589996,65.559998,66.199997,66.199997,1559758
